session_id,total_pnl,emerald_pnl,tomato_pnl,emerald_position,tomato_position,emerald_cash,tomato_cash,total_slope_per_step,total_r2,emerald_slope_per_step,emerald_r2,tomato_slope_per_step,tomato_r2,product_stats_json
0,101106.0,0.0,0.0,0,0,0.0,0.0,10.145022816757614,0.999885848738882,0.0,0.0,0.0,0.0,"{""ASH_COATED_OSMIUM"":{""pnl"":17264.0,""cash"":-782816.0,""position"":80,""slope_per_step"":1.6947182778631829,""r_squared"":0.9924713752472144},""INTARIAN_PEPPER_ROOT"":{""pnl"":83842.0,""cash"":-876150.0,""position"":80,""slope_per_step"":8.45030453889445,""r_squared"":0.9999607269985776}}"
1,96327.90000000002,0.0,0.0,0,0,0.0,0.0,9.662187387359683,0.9999062067419715,0.0,0.0,0.0,0.0,"{""INTARIAN_PEPPER_ROOT"":{""pnl"":81288.90000000002,""cash"":-841704.0,""position"":71,""slope_per_step"":8.179535113805166,""r_squared"":0.9998672677514139},""ASH_COATED_OSMIUM"":{""pnl"":15039.0,""cash"":-695032.0,""position"":71,""slope_per_step"":1.4826522735545227,""r_squared"":0.9897888622147423}}"
2,100127.0,0.0,0.0,0,0,0.0,0.0,10.050745094763846,0.9997381830862552,0.0,0.0,0.0,0.0,"{""INTARIAN_PEPPER_ROOT"":{""pnl"":82695.0,""cash"":-1037297.0,""position"":80,""slope_per_step"":8.323825898954635,""r_squared"":0.9999736182001991},""ASH_COATED_OSMIUM"":{""pnl"":17432.0,""cash"":-632633.0,""position"":65,""slope_per_step"":1.726919195809192,""r_squared"":0.9899165671513004}}"
3,100241.0,0.0,0.0,0,0,0.0,0.0,10.063157008384955,0.9999363947370268,0.0,0.0,0.0,0.0,"{""ASH_COATED_OSMIUM"":{""pnl"":17182.0,""cash"":-722892.0,""position"":74,""slope_per_step"":1.6909650353236503,""r_squared"":0.9980974565483978},""INTARIAN_PEPPER_ROOT"":{""pnl"":83059.0,""cash"":-876933.0,""position"":80,""slope_per_step"":8.37219197306132,""r_squared"":0.9999905138161342}}"
4,100144.0,0.0,0.0,0,0,0.0,0.0,10.15788757052406,0.9999517806556516,0.0,0.0,0.0,0.0,"{""INTARIAN_PEPPER_ROOT"":{""pnl"":82150.0,""cash"":-827843.0,""position"":70,""slope_per_step"":8.290327999976475,""r_squared"":0.9999917427456426},""ASH_COATED_OSMIUM"":{""pnl"":17994.0,""cash"":-332041.0,""position"":35,""slope_per_step"":1.8675595705475958,""r_squared"":0.9987578607608202}}"
5,100977.0,0.0,0.0,0,0,0.0,0.0,10.174462985803435,0.999949489211073,0.0,0.0,0.0,0.0,"{""INTARIAN_PEPPER_ROOT"":{""pnl"":82663.0,""cash"":-1037329.0,""position"":80,""slope_per_step"":8.333313503817955,""r_squared"":0.9999762336773153},""ASH_COATED_OSMIUM"":{""pnl"":18314.0,""cash"":-431731.0,""position"":45,""slope_per_step"":1.8411494819854948,""r_squared"":0.9983399109980656}}"
6,98867.0,0.0,0.0,0,0,0.0,0.0,10.004385128384246,0.9999436020152338,0.0,0.0,0.0,0.0,"{""INTARIAN_PEPPER_ROOT"":{""pnl"":82243.0,""cash"":-877749.0,""position"":80,""slope_per_step"":8.31104617950687,""r_squared"":0.9999818872061902},""ASH_COATED_OSMIUM"":{""pnl"":16624.0,""cash"":-563434.0,""position"":58,""slope_per_step"":1.6933389488773896,""r_squared"":0.9991407485466707}}"
7,98904.5,0.0,0.0,0,0,0.0,0.0,9.901991368523529,0.9997400389413577,0.0,0.0,0.0,0.0,"{""ASH_COATED_OSMIUM"":{""pnl"":16268.0,""cash"":146281.0,""position"":-13,""slope_per_step"":1.5963728755837288,""r_squared"":0.9953157709150404},""INTARIAN_PEPPER_ROOT"":{""pnl"":82636.5,""cash"":-892356.0,""position"":75,""slope_per_step"":8.3056184929398,""r_squared"":0.999949855662132}}"
8,100416.59999999998,0.0,0.0,0,0,0.0,0.0,10.096477648150515,0.9999613209085767,0.0,0.0,0.0,0.0,"{""ASH_COATED_OSMIUM"":{""pnl"":17520.0,""cash"":-612543.0,""position"":63,""slope_per_step"":1.7752982397469823,""r_squared"":0.9985016411440998},""INTARIAN_PEPPER_ROOT"":{""pnl"":82896.59999999998,""cash"":-953096.0,""position"":74,""slope_per_step"":8.32117940840356,""r_squared"":0.9999792729875162}}"
9,98399.40000000002,0.0,0.0,0,0,0.0,0.0,9.950880977141987,0.9999044174197377,0.0,0.0,0.0,0.0,"{""INTARIAN_PEPPER_ROOT"":{""pnl"":82336.40000000002,""cash"":-829656.0,""position"":76,""slope_per_step"":8.317227849649454,""r_squared"":0.9999791203046073},""ASH_COATED_OSMIUM"":{""pnl"":16063.0,""cash"":-744013.0,""position"":76,""slope_per_step"":1.6336531274925312,""r_squared"":0.9957512460022783}}"
10,98522.0,0.0,0.0,0,0,0.0,0.0,9.919479911495184,0.9998126355028968,0.0,0.0,0.0,0.0,"{""ASH_COATED_OSMIUM"":{""pnl"":16510.0,""cash"":-353527.0,""position"":37,""slope_per_step"":1.651886317080863,""r_squared"":0.9930751425413971},""INTARIAN_PEPPER_ROOT"":{""pnl"":82012.0,""cash"":-957980.0,""position"":80,""slope_per_step"":8.267593594414326,""r_squared"":0.9999949562829081}}"
11,97462.0,0.0,0.0,0,0,0.0,0.0,9.703477476827166,0.9999219651139936,0.0,0.0,0.0,0.0,"{""INTARIAN_PEPPER_ROOT"":{""pnl"":81874.0,""cash"":-1038118.0,""position"":80,""slope_per_step"":8.198403142814417,""r_squared"":0.9999848088806168},""ASH_COATED_OSMIUM"":{""pnl"":15588.0,""cash"":-714485.0,""position"":73,""slope_per_step"":1.5050743340127433,""r_squared"":0.9975882763371322}}"
12,99267.69999999995,0.0,0.0,0,0,0.0,0.0,9.935768478557499,0.9998793811431381,0.0,0.0,0.0,0.0,"{""INTARIAN_PEPPER_ROOT"":{""pnl"":82892.69999999995,""cash"":-793100.0,""position"":73,""slope_per_step"":8.309661654610412,""r_squared"":0.9999778667370873},""ASH_COATED_OSMIUM"":{""pnl"":16375.0,""cash"":-633690.0,""position"":65,""slope_per_step"":1.6261068239470682,""r_squared"":0.9970363881047976}}"
13,98275.0,0.0,0.0,0,0,0.0,0.0,10.035694924807554,0.9998504289788924,0.0,0.0,0.0,0.0,"{""INTARIAN_PEPPER_ROOT"":{""pnl"":80041.0,""cash"":-959951.0,""position"":80,""slope_per_step"":8.225282010749421,""r_squared"":0.9998058305057793},""ASH_COATED_OSMIUM"":{""pnl"":18234.0,""cash"":-711839.0,""position"":73,""slope_per_step"":1.810412914058129,""r_squared"":0.9986932822700177}}"
14,100496.30000000005,0.0,0.0,0,0,0.0,0.0,10.055843108044403,0.9999711191110825,0.0,0.0,0.0,0.0,"{""INTARIAN_PEPPER_ROOT"":{""pnl"":82093.30000000005,""cash"":-995899.0,""position"":77,""slope_per_step"":8.273375624951727,""r_squared"":0.9999827847688864},""ASH_COATED_OSMIUM"":{""pnl"":18403.0,""cash"":-71606.0,""position"":9,""slope_per_step"":1.7824674830926748,""r_squared"":0.9984168737959342}}"
15,100735.40000000002,0.0,0.0,0,0,0.0,0.0,10.103700895292999,0.9999263078852346,0.0,0.0,0.0,0.0,"{""ASH_COATED_OSMIUM"":{""pnl"":17600.0,""cash"":-442446.0,""position"":46,""slope_per_step"":1.7872253820282538,""r_squared"":0.9989264466954791},""INTARIAN_PEPPER_ROOT"":{""pnl"":83135.40000000002,""cash"":-828857.0,""position"":76,""slope_per_step"":8.316475513264756,""r_squared"":0.9999547874869315}}"
16,100269.0,0.0,0.0,0,0,0.0,0.0,10.040513663919551,0.9997849902112741,0.0,0.0,0.0,0.0,"{""ASH_COATED_OSMIUM"":{""pnl"":17816.0,""cash"":-622248.0,""position"":64,""slope_per_step"":1.7371070682190706,""r_squared"":0.9948065178508735},""INTARIAN_PEPPER_ROOT"":{""pnl"":82453.0,""cash"":-957539.0,""position"":80,""slope_per_step"":8.30340659570048,""r_squared"":0.9999823797587495}}"
17,101713.59999999998,0.0,0.0,0,0,0.0,0.0,10.193697301080558,0.999931569263176,0.0,0.0,0.0,0.0,"{""ASH_COATED_OSMIUM"":{""pnl"":18435.0,""cash"":-131580.0,""position"":15,""slope_per_step"":1.8003098349030984,""r_squared"":0.9978907706530021},""INTARIAN_PEPPER_ROOT"":{""pnl"":83278.59999999998,""cash"":-952714.0,""position"":74,""slope_per_step"":8.393387466177465,""r_squared"":0.9999431151674656}}"
18,99535.0,0.0,0.0,0,0,0.0,0.0,9.972904761102642,0.9999122372023165,0.0,0.0,0.0,0.0,"{""INTARIAN_PEPPER_ROOT"":{""pnl"":81131.0,""cash"":-878861.0,""position"":80,""slope_per_step"":8.141225392327854,""r_squared"":0.9999656179206536},""ASH_COATED_OSMIUM"":{""pnl"":18404.0,""cash"":-341632.0,""position"":36,""slope_per_step"":1.8316793687747936,""r_squared"":0.9981132956580923}}"
19,102197.29999999993,0.0,0.0,0,0,0.0,0.0,10.259031303667737,0.9998504053327981,0.0,0.0,0.0,0.0,"{""ASH_COATED_OSMIUM"":{""pnl"":19471.0,""cash"":-270558.0,""position"":29,""slope_per_step"":1.9505392964873929,""r_squared"":0.9942471429071315},""INTARIAN_PEPPER_ROOT"":{""pnl"":82726.29999999993,""cash"":-918266.0,""position"":77,""slope_per_step"":8.30849200718033,""r_squared"":0.9999636731149011}}"
20,99240.0,0.0,0.0,0,0,0.0,0.0,10.019411069487715,0.9999338700519534,0.0,0.0,0.0,0.0,"{""ASH_COATED_OSMIUM"":{""pnl"":16947.0,""cash"":-743129.0,""position"":76,""slope_per_step"":1.7705864700598648,""r_squared"":0.9964237122660462},""INTARIAN_PEPPER_ROOT"":{""pnl"":82293.0,""cash"":-897700.0,""position"":70,""slope_per_step"":8.248824599427842,""r_squared"":0.9999558581465251}}"
21,99745.0,0.0,0.0,0,0,0.0,0.0,10.004623807165643,0.9999102055474218,0.0,0.0,0.0,0.0,"{""ASH_COATED_OSMIUM"":{""pnl"":17708.0,""cash"":-42298.0,""position"":6,""slope_per_step"":1.7260010482300105,""r_squared"":0.9970694547360491},""INTARIAN_PEPPER_ROOT"":{""pnl"":82037.0,""cash"":-877955.0,""position"":80,""slope_per_step"":8.278622758935633,""r_squared"":0.9999806950547477}}"
22,98780.0,0.0,0.0,0,0,0.0,0.0,9.945400369337179,0.999968276122437,0.0,0.0,0.0,0.0,"{""ASH_COATED_OSMIUM"":{""pnl"":16786.0,""cash"":-733289.0,""position"":75,""slope_per_step"":1.6941318159693182,""r_squared"":0.9990164980208751},""INTARIAN_PEPPER_ROOT"":{""pnl"":81994.0,""cash"":-957998.0,""position"":80,""slope_per_step"":8.251268553367876,""r_squared"":0.9999840097072392}}"
23,98681.3999999999,0.0,0.0,0,0,0.0,0.0,9.870315798936758,0.9999102461765974,0.0,0.0,0.0,0.0,"{""ASH_COATED_OSMIUM"":{""pnl"":16785.0,""cash"":-273244.0,""position"":29,""slope_per_step"":1.5842535415225354,""r_squared"":0.9945298101504865},""INTARIAN_PEPPER_ROOT"":{""pnl"":81896.3999999999,""cash"":-982096.0,""position"":76,""slope_per_step"":8.286062257414232,""r_squared"":0.999961629058527}}"
24,99890.0,0.0,0.0,0,0,0.0,0.0,10.081711079112896,0.9999065260870513,0.0,0.0,0.0,0.0,"{""ASH_COATED_OSMIUM"":{""pnl"":17445.0,""cash"":-772634.0,""position"":79,""slope_per_step"":1.7677384772893847,""r_squared"":0.9978441316497352},""INTARIAN_PEPPER_ROOT"":{""pnl"":82445.0,""cash"":-877547.0,""position"":80,""slope_per_step"":8.313972601823503,""r_squared"":0.999983287833264}}"
25,102654.19999999995,0.0,0.0,0,0,0.0,0.0,10.380517499916351,0.9999477933376574,0.0,0.0,0.0,0.0,"{""ASH_COATED_OSMIUM"":{""pnl"":19631.0,""cash"":-780449.0,""position"":80,""slope_per_step"":1.9860614518146145,""r_squared"":0.999188212571964},""INTARIAN_PEPPER_ROOT"":{""pnl"":83023.19999999995,""cash"":-930969.0,""position"":78,""slope_per_step"":8.394456048101747,""r_squared"":0.9999596666190851}}"
26,98925.0,0.0,0.0,0,0,0.0,0.0,9.889103187626032,0.9998757046736058,0.0,0.0,0.0,0.0,"{""ASH_COATED_OSMIUM"":{""pnl"":16206.0,""cash"":-573853.0,""position"":59,""slope_per_step"":1.5421359354073594,""r_squared"":0.9952005086141386},""INTARIAN_PEPPER_ROOT"":{""pnl"":82719.0,""cash"":-897274.0,""position"":70,""slope_per_step"":8.346967252218654,""r_squared"":0.9999867553589236}}"
27,100811.29999999993,0.0,0.0,0,0,0.0,0.0,10.171583565772432,0.9999284773740068,0.0,0.0,0.0,0.0,"{""ASH_COATED_OSMIUM"":{""pnl"":17980.0,""cash"":-782100.0,""position"":80,""slope_per_step"":1.8518062203080623,""r_squared"":0.9980370117844595},""INTARIAN_PEPPER_ROOT"":{""pnl"":82831.29999999993,""cash"":-841161.0,""position"":77,""slope_per_step"":8.31977734546436,""r_squared"":0.9999741899755632}}"
28,100566.29999999993,0.0,0.0,0,0,0.0,0.0,10.157333103538717,0.9999625740280031,0.0,0.0,0.0,0.0,"{""INTARIAN_PEPPER_ROOT"":{""pnl"":82530.29999999993,""cash"":-918462.0,""position"":77,""slope_per_step"":8.315328220882677,""r_squared"":0.9999796052424117},""ASH_COATED_OSMIUM"":{""pnl"":18036.0,""cash"":-782044.0,""position"":80,""slope_per_step"":1.842004882656049,""r_squared"":0.9994949140810963}}"
29,99043.5,0.0,0.0,0,0,0.0,0.0,9.974838669709362,0.9997768078814456,0.0,0.0,0.0,0.0,"{""ASH_COATED_OSMIUM"":{""pnl"":16247.0,""cash"":-453800.0,""position"":47,""slope_per_step"":1.6353099236850992,""r_squared"":0.9955621266317},""INTARIAN_PEPPER_ROOT"":{""pnl"":82796.5,""cash"":-967196.0,""position"":75,""slope_per_step"":8.339528746024273,""r_squared"":0.9999456746897173}}"
30,98024.0,0.0,0.0,0,0,0.0,0.0,9.890088250204677,0.9999515802243953,0.0,0.0,0.0,0.0,"{""INTARIAN_PEPPER_ROOT"":{""pnl"":82182.0,""cash"":-877810.0,""position"":80,""slope_per_step"":8.270248642374272,""r_squared"":0.9999756089448609},""ASH_COATED_OSMIUM"":{""pnl"":15842.0,""cash"":-644224.0,""position"":66,""slope_per_step"":1.619839607830396,""r_squared"":0.9976975278541063}}"
31,99343.69999999995,0.0,0.0,0,0,0.0,0.0,9.906641865664609,0.9999186190045991,0.0,0.0,0.0,0.0,"{""ASH_COATED_OSMIUM"":{""pnl"":16929.0,""cash"":-293102.0,""position"":31,""slope_per_step"":1.5817162260431623,""r_squared"":0.9958787621114966},""INTARIAN_PEPPER_ROOT"":{""pnl"":82414.69999999995,""cash"":-866578.0,""position"":73,""slope_per_step"":8.324925639621446,""r_squared"":0.9999611494409014}}"
32,100030.5,0.0,0.0,0,0,0.0,0.0,10.143181805229638,0.9999477128790778,0.0,0.0,0.0,0.0,"{""ASH_COATED_OSMIUM"":{""pnl"":17157.0,""cash"":-762921.0,""position"":78,""slope_per_step"":1.7502302359563024,""r_squared"":0.999189089398355},""INTARIAN_PEPPER_ROOT"":{""pnl"":82873.5,""cash"":-967119.0,""position"":75,""slope_per_step"":8.39295156927333,""r_squared"":0.9999776943024585}}"
33,98436.0,0.0,0.0,0,0,0.0,0.0,9.896160334735194,0.9999660904880578,0.0,0.0,0.0,0.0,"{""ASH_COATED_OSMIUM"":{""pnl"":16346.0,""cash"":-703726.0,""position"":72,""slope_per_step"":1.5998637403286373,""r_squared"":0.999118940455873},""INTARIAN_PEPPER_ROOT"":{""pnl"":82090.0,""cash"":-877902.0,""position"":80,""slope_per_step"":8.296296594406556,""r_squared"":0.9999660748522695}}"
34,98778.0,0.0,0.0,0,0,0.0,0.0,9.935747745019688,0.9999187837759804,0.0,0.0,0.0,0.0,"{""ASH_COATED_OSMIUM"":{""pnl"":16072.0,""cash"":-483978.0,""position"":50,""slope_per_step"":1.5734354818343548,""r_squared"":0.9950440737387258},""INTARIAN_PEPPER_ROOT"":{""pnl"":82706.0,""cash"":-957286.0,""position"":80,""slope_per_step"":8.362312263185327,""r_squared"":0.9999711287062718}}"
35,99601.0,0.0,0.0,0,0,0.0,0.0,9.969135745007543,0.9999224635513048,0.0,0.0,0.0,0.0,"{""INTARIAN_PEPPER_ROOT"":{""pnl"":82737.0,""cash"":-1037255.0,""position"":80,""slope_per_step"":8.306512213727302,""r_squared"":0.9999776776234223},""ASH_COATED_OSMIUM"":{""pnl"":16864.0,""cash"":-263164.0,""position"":28,""slope_per_step"":1.6626235312802353,""r_squared"":0.998071500724524}}"
36,101543.0,0.0,0.0,0,0,0.0,0.0,10.168744648963246,0.9998848881702599,0.0,0.0,0.0,0.0,"{""INTARIAN_PEPPER_ROOT"":{""pnl"":82869.0,""cash"":-877123.0,""position"":80,""slope_per_step"":8.351610586551907,""r_squared"":0.9999874364659651},""ASH_COATED_OSMIUM"":{""pnl"":18674.0,""cash"":-91337.0,""position"":11,""slope_per_step"":1.8171340624113406,""r_squared"":0.9954254137175389}}"
37,99464.79999999993,0.0,0.0,0,0,0.0,0.0,9.99985750462757,0.9998811014821478,0.0,0.0,0.0,0.0,"{""ASH_COATED_OSMIUM"":{""pnl"":16662.0,""cash"":-643404.0,""position"":66,""slope_per_step"":1.660568298969683,""r_squared"":0.9950197931765501},""INTARIAN_PEPPER_ROOT"":{""pnl"":82802.79999999993,""cash"":-853190.0,""position"":72,""slope_per_step"":8.339289205657902,""r_squared"":0.9999869660093232}}"
38,98983.0,0.0,0.0,0,0,0.0,0.0,9.964437439067941,0.9999483192875565,0.0,0.0,0.0,0.0,"{""ASH_COATED_OSMIUM"":{""pnl"":16923.0,""cash"":-783157.0,""position"":80,""slope_per_step"":1.7136937348029373,""r_squared"":0.9993165239557683},""INTARIAN_PEPPER_ROOT"":{""pnl"":82060.0,""cash"":-1037932.0,""position"":80,""slope_per_step"":8.250743704265009,""r_squared"":0.9999628372067649}}"
39,100172.0,0.0,0.0,0,0,0.0,0.0,10.073523500232616,0.9999258615566543,0.0,0.0,0.0,0.0,"{""ASH_COATED_OSMIUM"":{""pnl"":17402.0,""cash"":-252625.0,""position"":27,""slope_per_step"":1.7684479708284797,""r_squared"":0.9986946521943538},""INTARIAN_PEPPER_ROOT"":{""pnl"":82770.0,""cash"":-877222.0,""position"":80,""slope_per_step"":8.305075529404132,""r_squared"":0.9999638117523834}}"
40,98988.19999999995,0.0,0.0,0,0,0.0,0.0,9.953296860939773,0.9999271176811132,0.0,0.0,0.0,0.0,"{""ASH_COATED_OSMIUM"":{""pnl"":16037.0,""cash"":-784043.0,""position"":80,""slope_per_step"":1.614487811440878,""r_squared"":0.997531257532356},""INTARIAN_PEPPER_ROOT"":{""pnl"":82951.19999999995,""cash"":-931041.0,""position"":78,""slope_per_step"":8.3388090494989,""r_squared"":0.9999844837420921}}"
41,98499.3999999999,0.0,0.0,0,0,0.0,0.0,9.914348494836695,0.9999238162159444,0.0,0.0,0.0,0.0,"{""INTARIAN_PEPPER_ROOT"":{""pnl"":82521.3999999999,""cash"":-981471.0,""position"":76,""slope_per_step"":8.341449455001714,""r_squared"":0.9999804708282924},""ASH_COATED_OSMIUM"":{""pnl"":15978.0,""cash"":-784102.0,""position"":80,""slope_per_step"":1.5728990398349905,""r_squared"":0.9958229473255604}}"
42,100757.5,0.0,0.0,0,0,0.0,0.0,10.107046294414658,0.9998312333148577,0.0,0.0,0.0,0.0,"{""ASH_COATED_OSMIUM"":{""pnl"":17566.0,""cash"":-742510.0,""position"":76,""slope_per_step"":1.7536219468062195,""r_squared"":0.9931033436827877},""INTARIAN_PEPPER_ROOT"":{""pnl"":83191.5,""cash"":-816801.0,""position"":75,""slope_per_step"":8.353424347608433,""r_squared"":0.9999841753617299}}"
43,101344.0,0.0,0.0,0,0,0.0,0.0,10.139138766999396,0.9999100684006083,0.0,0.0,0.0,0.0,"{""ASH_COATED_OSMIUM"":{""pnl"":18643.0,""cash"":108652.0,""position"":-9,""slope_per_step"":1.8196125596021255,""r_squared"":0.9985627678622225},""INTARIAN_PEPPER_ROOT"":{""pnl"":82701.0,""cash"":-957291.0,""position"":80,""slope_per_step"":8.319526207397262,""r_squared"":0.9999823616139056}}"
44,97727.09999999986,0.0,0.0,0,0,0.0,0.0,9.753068354635873,0.9999200796446838,0.0,0.0,0.0,0.0,"{""ASH_COATED_OSMIUM"":{""pnl"":15133.0,""cash"":-714940.0,""position"":73,""slope_per_step"":1.4376248219522483,""r_squared"":0.9970244243128896},""INTARIAN_PEPPER_ROOT"":{""pnl"":82594.09999999986,""cash"":-1023398.0,""position"":79,""slope_per_step"":8.31544353268363,""r_squared"":0.9999866976465407}}"
45,100040.90000000002,0.0,0.0,0,0,0.0,0.0,10.148174135437946,0.9998313810263072,0.0,0.0,0.0,0.0,"{""INTARIAN_PEPPER_ROOT"":{""pnl"":82315.90000000002,""cash"":-769677.0,""position"":71,""slope_per_step"":8.339411658208325,""r_squared"":0.9999677670988361},""ASH_COATED_OSMIUM"":{""pnl"":17725.0,""cash"":-542331.0,""position"":56,""slope_per_step"":1.8087624772296247,""r_squared"":0.9962973732838444}}"
46,99933.19999999995,0.0,0.0,0,0,0.0,0.0,10.042842908506639,0.9999230678800701,0.0,0.0,0.0,0.0,"{""ASH_COATED_OSMIUM"":{""pnl"":17966.0,""cash"":-152051.0,""position"":17,""slope_per_step"":1.7712118449241185,""r_squared"":0.9985554445061942},""INTARIAN_PEPPER_ROOT"":{""pnl"":81967.19999999995,""cash"":-932025.0,""position"":78,""slope_per_step"":8.27163106358252,""r_squared"":0.9999543549211221}}"
47,100951.5,0.0,0.0,0,0,0.0,0.0,10.224875266203952,0.9999498633574275,0.0,0.0,0.0,0.0,"{""ASH_COATED_OSMIUM"":{""pnl"":18032.0,""cash"":-482018.0,""position"":50,""slope_per_step"":1.8647566808215668,""r_squared"":0.9986832076256775},""INTARIAN_PEPPER_ROOT"":{""pnl"":82919.5,""cash"":-967073.0,""position"":75,""slope_per_step"":8.36011858538238,""r_squared"":0.9999813058194498}}"
48,101253.79999999993,0.0,0.0,0,0,0.0,0.0,10.12222741721747,0.9998346335088677,0.0,0.0,0.0,0.0,"{""ASH_COATED_OSMIUM"":{""pnl"":18541.0,""cash"":-611522.0,""position"":63,""slope_per_step"":1.788927599109276,""r_squared"":0.9959476291716058},""INTARIAN_PEPPER_ROOT"":{""pnl"":82712.79999999993,""cash"":-781280.0,""position"":72,""slope_per_step"":8.333299818108193,""r_squared"":0.9999816197554272}}"
49,99387.0,0.0,0.0,0,0,0.0,0.0,10.049289019182066,0.9998078167967842,0.0,0.0,0.0,0.0,"{""INTARIAN_PEPPER_ROOT"":{""pnl"":83119.0,""cash"":-956873.0,""position"":80,""slope_per_step"":8.390670976161905,""r_squared"":0.9999870278711361},""ASH_COATED_OSMIUM"":{""pnl"":16268.0,""cash"":-683802.0,""position"":70,""slope_per_step"":1.6586180430201805,""r_squared"":0.9945206859592867}}"
50,100129.0,0.0,0.0,0,0,0.0,0.0,10.08446706286106,0.9999114659425884,0.0,0.0,0.0,0.0,"{""ASH_COATED_OSMIUM"":{""pnl"":16983.0,""cash"":-663085.0,""position"":68,""slope_per_step"":1.6841243452612435,""r_squared"":0.9983837798467725},""INTARIAN_PEPPER_ROOT"":{""pnl"":83146.0,""cash"":-1036846.0,""position"":80,""slope_per_step"":8.400342717599822,""r_squared"":0.9999778183579596}}"
51,99117.0,0.0,0.0,0,0,0.0,0.0,9.966043147418812,0.999827766913537,0.0,0.0,0.0,0.0,"{""ASH_COATED_OSMIUM"":{""pnl"":16067.0,""cash"":-694004.0,""position"":71,""slope_per_step"":1.6128867714248678,""r_squared"":0.9939953450006558},""INTARIAN_PEPPER_ROOT"":{""pnl"":83050.0,""cash"":-876942.0,""position"":80,""slope_per_step"":8.353156375993944,""r_squared"":0.9999898111940778}}"
52,100443.0,0.0,0.0,0,0,0.0,0.0,10.168909960298894,0.9999608146730437,0.0,0.0,0.0,0.0,"{""INTARIAN_PEPPER_ROOT"":{""pnl"":82931.0,""cash"":-957061.0,""position"":80,""slope_per_step"":8.351271338682508,""r_squared"":0.999986468778572},""ASH_COATED_OSMIUM"":{""pnl"":17512.0,""cash"":-662556.0,""position"":68,""slope_per_step"":1.8176386216163862,""r_squared"":0.9991579751048674}}"
53,99279.5,0.0,0.0,0,0,0.0,0.0,10.039896012174351,0.9996091083814448,0.0,0.0,0.0,0.0,"{""ASH_COATED_OSMIUM"":{""pnl"":17065.0,""cash"":-562993.0,""position"":58,""slope_per_step"":1.7390741381667414,""r_squared"":0.990985429838369},""INTARIAN_PEPPER_ROOT"":{""pnl"":82214.5,""cash"":-967778.0,""position"":75,""slope_per_step"":8.300821874007614,""r_squared"":0.9999618869928597}}"
54,99089.0,0.0,0.0,0,0,0.0,0.0,9.93922199057802,0.9999429774538232,0.0,0.0,0.0,0.0,"{""ASH_COATED_OSMIUM"":{""pnl"":16025.0,""cash"":-534030.0,""position"":55,""slope_per_step"":1.5704923122569232,""r_squared"":0.9972061728336027},""INTARIAN_PEPPER_ROOT"":{""pnl"":83064.0,""cash"":-876928.0,""position"":80,""slope_per_step"":8.3687296783211,""r_squared"":0.9999881962028792}}"
55,100545.79999999993,0.0,0.0,0,0,0.0,0.0,10.136644699395662,0.9998685305836155,0.0,0.0,0.0,0.0,"{""ASH_COATED_OSMIUM"":{""pnl"":17819.0,""cash"":-782261.0,""position"":80,""slope_per_step"":1.814785897311859,""r_squared"":0.9983285546660313},""INTARIAN_PEPPER_ROOT"":{""pnl"":82726.79999999993,""cash"":-853266.0,""position"":72,""slope_per_step"":8.321858802083808,""r_squared"":0.9999555546384183}}"
56,99247.0,0.0,0.0,0,0,0.0,0.0,10.01873368961335,0.9999024308429041,0.0,0.0,0.0,0.0,"{""ASH_COATED_OSMIUM"":{""pnl"":16683.0,""cash"":-583377.0,""position"":60,""slope_per_step"":1.706760909909609,""r_squared"":0.9977050802505847},""INTARIAN_PEPPER_ROOT"":{""pnl"":82564.0,""cash"":-1037428.0,""position"":80,""slope_per_step"":8.311972779703737,""r_squared"":0.9999908783442014}}"
57,101316.29999999993,0.0,0.0,0,0,0.0,0.0,10.1770104903911,0.9999318831028144,0.0,0.0,0.0,0.0,"{""ASH_COATED_OSMIUM"":{""pnl"":18364.0,""cash"":-21640.0,""position"":4,""slope_per_step"":1.826011100390111,""r_squared"":0.9979075153997703},""INTARIAN_PEPPER_ROOT"":{""pnl"":82952.29999999993,""cash"":-841040.0,""position"":77,""slope_per_step"":8.350999390000993,""r_squared"":0.9999862757951884}}"
58,98676.29999999993,0.0,0.0,0,0,0.0,0.0,9.959401928477414,0.9999467577639951,0.0,0.0,0.0,0.0,"{""ASH_COATED_OSMIUM"":{""pnl"":15910.0,""cash"":-624154.0,""position"":64,""slope_per_step"":1.6106371578023715,""r_squared"":0.9979040307824109},""INTARIAN_PEPPER_ROOT"":{""pnl"":82766.29999999993,""cash"":-918226.0,""position"":77,""slope_per_step"":8.348764770675057,""r_squared"":0.999964447598243}}"
59,98464.59999999998,0.0,0.0,0,0,0.0,0.0,9.930634779663958,0.9999671564289625,0.0,0.0,0.0,0.0,"{""INTARIAN_PEPPER_ROOT"":{""pnl"":81771.59999999998,""cash"":-954221.0,""position"":74,""slope_per_step"":8.252078091948391,""r_squared"":0.9999893346111475},""ASH_COATED_OSMIUM"":{""pnl"":16693.0,""cash"":-703379.0,""position"":72,""slope_per_step"":1.6785566877155669,""r_squared"":0.9989381472554314}}"
60,100817.09999999998,0.0,0.0,0,0,0.0,0.0,10.204960022469391,0.9998110211984838,0.0,0.0,0.0,0.0,"{""ASH_COATED_OSMIUM"":{""pnl"":18592.0,""cash"":-31413.0,""position"":5,""slope_per_step"":1.9322699187986991,""r_squared"":0.997424927732106},""INTARIAN_PEPPER_ROOT"":{""pnl"":82225.09999999998,""cash"":-865767.0,""position"":79,""slope_per_step"":8.272690103670696,""r_squared"":0.9999631997132571}}"
61,97262.19999999995,0.0,0.0,0,0,0.0,0.0,9.740825404774858,0.9997377895261068,0.0,0.0,0.0,0.0,"{""INTARIAN_PEPPER_ROOT"":{""pnl"":82414.19999999995,""cash"":-931578.0,""position"":78,""slope_per_step"":8.315328489023889,""r_squared"":0.9999596083933099},""ASH_COATED_OSMIUM"":{""pnl"":14848.0,""cash"":-785232.0,""position"":80,""slope_per_step"":1.4254969157509692,""r_squared"":0.9923097583879829}}"
62,100387.5,0.0,0.0,0,0,0.0,0.0,10.060638759019398,0.9999579703179847,0.0,0.0,0.0,0.0,"{""ASH_COATED_OSMIUM"":{""pnl"":17657.0,""cash"":-652410.0,""position"":67,""slope_per_step"":1.7402363662703637,""r_squared"":0.9978703382388068},""INTARIAN_PEPPER_ROOT"":{""pnl"":82730.5,""cash"":-967262.0,""position"":75,""slope_per_step"":8.320402392749024,""r_squared"":0.9999544438974377}}"
63,101630.69999999995,0.0,0.0,0,0,0.0,0.0,10.224825609168446,0.9999670129541943,0.0,0.0,0.0,0.0,"{""INTARIAN_PEPPER_ROOT"":{""pnl"":83330.69999999995,""cash"":-792662.0,""position"":73,""slope_per_step"":8.396278135268957,""r_squared"":0.99997896923586},""ASH_COATED_OSMIUM"":{""pnl"":18300.0,""cash"":-781780.0,""position"":80,""slope_per_step"":1.8285474738994747,""r_squared"":0.9992623235111161}}"
64,98324.0,0.0,0.0,0,0,0.0,0.0,9.782533278857548,0.9998143729619307,0.0,0.0,0.0,0.0,"{""INTARIAN_PEPPER_ROOT"":{""pnl"":82243.0,""cash"":-957749.0,""position"":80,""slope_per_step"":8.25410766500728,""r_squared"":0.9999772175243204},""ASH_COATED_OSMIUM"":{""pnl"":16081.0,""cash"":-393960.0,""position"":41,""slope_per_step"":1.528425613850256,""r_squared"":0.9949760914680909}}"
65,96682.0,0.0,0.0,0,0,0.0,0.0,9.745411341471314,0.9997828801537983,0.0,0.0,0.0,0.0,"{""ASH_COATED_OSMIUM"":{""pnl"":16365.0,""cash"":-783715.0,""position"":80,""slope_per_step"":1.6358523706525236,""r_squared"":0.9929403338481123},""INTARIAN_PEPPER_ROOT"":{""pnl"":80317.0,""cash"":-1039675.0,""position"":80,""slope_per_step"":8.109558970818785,""r_squared"":0.9999943771809224}}"
66,100183.19999999995,0.0,0.0,0,0,0.0,0.0,9.994152545062915,0.9998723133272834,0.0,0.0,0.0,0.0,"{""ASH_COATED_OSMIUM"":{""pnl"":17863.0,""cash"":687930.0,""position"":-67,""slope_per_step"":1.7095525770315259,""r_squared"":0.9943673706232076},""INTARIAN_PEPPER_ROOT"":{""pnl"":82320.19999999995,""cash"":-853672.0,""position"":78,""slope_per_step"":8.284599968031399,""r_squared"":0.9999892532951821}}"
67,99148.0,0.0,0.0,0,0,0.0,0.0,9.841984722609043,0.9997313100027,0.0,0.0,0.0,0.0,"{""ASH_COATED_OSMIUM"":{""pnl"":16152.0,""cash"":-723922.0,""position"":74,""slope_per_step"":1.4825625533576254,""r_squared"":0.9910505289669381},""INTARIAN_PEPPER_ROOT"":{""pnl"":82996.0,""cash"":-956996.0,""position"":80,""slope_per_step"":8.359422169251426,""r_squared"":0.9999817202960072}}"
68,100028.09999999986,0.0,0.0,0,0,0.0,0.0,9.986764612347041,0.9998790016132825,0.0,0.0,0.0,0.0,"{""ASH_COATED_OSMIUM"":{""pnl"":17285.0,""cash"":-612778.0,""position"":63,""slope_per_step"":1.6756257214662573,""r_squared"":0.9974438598915327},""INTARIAN_PEPPER_ROOT"":{""pnl"":82743.09999999986,""cash"":-1023249.0,""position"":79,""slope_per_step"":8.311138890880784,""r_squared"":0.9999692368121852}}"
69,100126.59999999998,0.0,0.0,0,0,0.0,0.0,10.01737303014973,0.9998625420636947,0.0,0.0,0.0,0.0,"{""INTARIAN_PEPPER_ROOT"":{""pnl"":82014.59999999998,""cash"":-805978.0,""position"":74,""slope_per_step"":8.246957185007572,""r_squared"":0.9999794670711877},""ASH_COATED_OSMIUM"":{""pnl"":18112.0,""cash"":-231913.0,""position"":25,""slope_per_step"":1.7704158451421586,""r_squared"":0.996988953612186}}"
70,101061.0,0.0,0.0,0,0,0.0,0.0,10.20637154471412,0.9999117173034594,0.0,0.0,0.0,0.0,"{""ASH_COATED_OSMIUM"":{""pnl"":18338.0,""cash"":-381702.0,""position"":40,""slope_per_step"":1.8738488613904887,""r_squared"":0.9985580838565636},""INTARIAN_PEPPER_ROOT"":{""pnl"":82723.0,""cash"":-957269.0,""position"":80,""slope_per_step"":8.332522683323617,""r_squared"":0.9999707555849087}}"
71,101020.0,0.0,0.0,0,0,0.0,0.0,10.173449905230875,0.9998896698547131,0.0,0.0,0.0,0.0,"{""ASH_COATED_OSMIUM"":{""pnl"":18181.0,""cash"":-761897.0,""position"":78,""slope_per_step"":1.891775589203756,""r_squared"":0.9966434004836278},""INTARIAN_PEPPER_ROOT"":{""pnl"":82839.0,""cash"":-1037153.0,""position"":80,""slope_per_step"":8.281674316027123,""r_squared"":0.9999735019933721}}"
72,100503.69999999995,0.0,0.0,0,0,0.0,0.0,10.139022988019839,0.9999528097538514,0.0,0.0,0.0,0.0,"{""ASH_COATED_OSMIUM"":{""pnl"":17321.0,""cash"":-782759.0,""position"":80,""slope_per_step"":1.7649784572577847,""r_squared"":0.9982072886734067},""INTARIAN_PEPPER_ROOT"":{""pnl"":83182.69999999995,""cash"":-792810.0,""position"":73,""slope_per_step"":8.37404453076205,""r_squared"":0.9999835017726614}}"
73,99769.0,0.0,0.0,0,0,0.0,0.0,9.95592711951849,0.9999645665051857,0.0,0.0,0.0,0.0,"{""INTARIAN_PEPPER_ROOT"":{""pnl"":82578.0,""cash"":-957414.0,""position"":80,""slope_per_step"":8.31770042512822,""r_squared"":0.9999769650181621},""ASH_COATED_OSMIUM"":{""pnl"":17191.0,""cash"":-392850.0,""position"":41,""slope_per_step"":1.638226694390267,""r_squared"":0.9982890568841603}}"
74,99391.3999999999,0.0,0.0,0,0,0.0,0.0,10.009575215563363,0.9999362401936883,0.0,0.0,0.0,0.0,"{""ASH_COATED_OSMIUM"":{""pnl"":16768.0,""cash"":-683302.0,""position"":70,""slope_per_step"":1.7057171924091719,""r_squared"":0.9987820929089052},""INTARIAN_PEPPER_ROOT"":{""pnl"":82623.3999999999,""cash"":-981369.0,""position"":76,""slope_per_step"":8.303858023154184,""r_squared"":0.9999738167918371}}"
75,99503.0,0.0,0.0,0,0,0.0,0.0,9.974667791681068,0.9999585004220364,0.0,0.0,0.0,0.0,"{""INTARIAN_PEPPER_ROOT"":{""pnl"":83245.0,""cash"":-876747.0,""position"":80,""slope_per_step"":8.405246293776854,""r_squared"":0.9999729838276712},""ASH_COATED_OSMIUM"":{""pnl"":16258.0,""cash"":416298.0,""position"":-40,""slope_per_step"":1.569421497904215,""r_squared"":0.998474809363975}}"
76,99436.0,0.0,0.0,0,0,0.0,0.0,9.988846517037446,0.9999665661807007,0.0,0.0,0.0,0.0,"{""ASH_COATED_OSMIUM"":{""pnl"":17443.0,""cash"":-782637.0,""position"":80,""slope_per_step"":1.7376665294826652,""r_squared"":0.998501448058826},""INTARIAN_PEPPER_ROOT"":{""pnl"":81993.0,""cash"":-957999.0,""position"":80,""slope_per_step"":8.251179987554782,""r_squared"":0.9999868277707473}}"
77,97271.69999999995,0.0,0.0,0,0,0.0,0.0,9.803535394370554,0.9999416649691949,0.0,0.0,0.0,0.0,"{""INTARIAN_PEPPER_ROOT"":{""pnl"":82455.69999999995,""cash"":-939537.0,""position"":73,""slope_per_step"":8.318672034981915,""r_squared"":0.9999838103175},""ASH_COATED_OSMIUM"":{""pnl"":14816.0,""cash"":-615247.0,""position"":63,""slope_per_step"":1.4848633593886336,""r_squared"":0.9983411039947131}}"
78,101391.69999999995,0.0,0.0,0,0,0.0,0.0,10.228956374516768,0.9998877411273462,0.0,0.0,0.0,0.0,"{""INTARIAN_PEPPER_ROOT"":{""pnl"":83056.69999999995,""cash"":-792936.0,""position"":73,""slope_per_step"":8.368684616988046,""r_squared"":0.9999724447550316},""ASH_COATED_OSMIUM"":{""pnl"":18335.0,""cash"":-721739.0,""position"":74,""slope_per_step"":1.8602717575287175,""r_squared"":0.9979331157601374}}"
79,99991.40000000002,0.0,0.0,0,0,0.0,0.0,10.04623092430389,0.9999427135686563,0.0,0.0,0.0,0.0,"{""INTARIAN_PEPPER_ROOT"":{""pnl"":82565.40000000002,""cash"":-905427.0,""position"":76,""slope_per_step"":8.268647228032059,""r_squared"":0.9999829090565724},""ASH_COATED_OSMIUM"":{""pnl"":17426.0,""cash"":647489.0,""position"":-63,""slope_per_step"":1.777583696271837,""r_squared"":0.9980240671817961}}"
80,99315.0,0.0,0.0,0,0,0.0,0.0,9.943029340590094,0.9999722246045226,0.0,0.0,0.0,0.0,"{""ASH_COATED_OSMIUM"":{""pnl"":17021.0,""cash"":-703051.0,""position"":72,""slope_per_step"":1.675839704928397,""r_squared"":0.9993720338426983},""INTARIAN_PEPPER_ROOT"":{""pnl"":82294.0,""cash"":-1037698.0,""position"":80,""slope_per_step"":8.267189635661707,""r_squared"":0.9999875281488902}}"
81,98386.79999999993,0.0,0.0,0,0,0.0,0.0,9.947964504980016,0.999976864997488,0.0,0.0,0.0,0.0,"{""ASH_COATED_OSMIUM"":{""pnl"":16399.0,""cash"":-753678.0,""position"":77,""slope_per_step"":1.6884533764925338,""r_squared"":0.9974584952652994},""INTARIAN_PEPPER_ROOT"":{""pnl"":81987.79999999993,""cash"":-782005.0,""position"":72,""slope_per_step"":8.259511128487482,""r_squared"":0.9999483428836337}}"
82,99963.0,0.0,0.0,0,0,0.0,0.0,10.068627492219289,0.999969049416594,0.0,0.0,0.0,0.0,"{""INTARIAN_PEPPER_ROOT"":{""pnl"":83037.0,""cash"":-956955.0,""position"":80,""slope_per_step"":8.350830776025322,""r_squared"":0.9999747798257186},""ASH_COATED_OSMIUM"":{""pnl"":16926.0,""cash"":-783154.0,""position"":80,""slope_per_step"":1.7177967161939671,""r_squared"":0.9986472535817004}}"
83,100556.0,0.0,0.0,0,0,0.0,0.0,10.105291321870485,0.9999371451909503,0.0,0.0,0.0,0.0,"{""INTARIAN_PEPPER_ROOT"":{""pnl"":82111.0,""cash"":-1037881.0,""position"":80,""slope_per_step"":8.246738496666971,""r_squared"":0.9999462134576941},""ASH_COATED_OSMIUM"":{""pnl"":18445.0,""cash"":-731630.0,""position"":75,""slope_per_step"":1.8585528252035282,""r_squared"":0.9986476523092982}}"
84,97767.0,0.0,0.0,0,0,0.0,0.0,9.828272651484303,0.999951940546486,0.0,0.0,0.0,0.0,"{""ASH_COATED_OSMIUM"":{""pnl"":15080.0,""cash"":-785000.0,""position"":80,""slope_per_step"":1.4866556561565565,""r_squared"":0.9965019737873869},""INTARIAN_PEPPER_ROOT"":{""pnl"":82687.0,""cash"":-877305.0,""position"":80,""slope_per_step"":8.34161699532777,""r_squared"":0.9999744731972231}}"
85,100652.0,0.0,0.0,0,0,0.0,0.0,10.139335651175962,0.9999227853541337,0.0,0.0,0.0,0.0,"{""ASH_COATED_OSMIUM"":{""pnl"":17693.0,""cash"":-572366.0,""position"":59,""slope_per_step"":1.7886890244068903,""r_squared"":0.9979609876826163},""INTARIAN_PEPPER_ROOT"":{""pnl"":82959.0,""cash"":-957033.0,""position"":80,""slope_per_step"":8.350646626769052,""r_squared"":0.9999840992341981}}"
86,98690.0,0.0,0.0,0,0,0.0,0.0,9.933815308938954,0.9998328244608914,0.0,0.0,0.0,0.0,"{""ASH_COATED_OSMIUM"":{""pnl"":16398.0,""cash"":-723676.0,""position"":74,""slope_per_step"":1.6372347638743476,""r_squared"":0.9961276712144229},""INTARIAN_PEPPER_ROOT"":{""pnl"":82292.0,""cash"":-1037700.0,""position"":80,""slope_per_step"":8.296580545064606,""r_squared"":0.9999759179252576}}"
87,100883.19999999995,0.0,0.0,0,0,0.0,0.0,10.013704475344873,0.9998791260902009,0.0,0.0,0.0,0.0,"{""INTARIAN_PEPPER_ROOT"":{""pnl"":82719.19999999995,""cash"":-853273.0,""position"":78,""slope_per_step"":8.308000537103815,""r_squared"":0.9999619370493039},""ASH_COATED_OSMIUM"":{""pnl"":18164.0,""cash"":-191857.0,""position"":21,""slope_per_step"":1.7057039382410393,""r_squared"":0.997787633325045}}"
88,99912.59999999998,0.0,0.0,0,0,0.0,0.0,9.934775581955732,0.9999346991698435,0.0,0.0,0.0,0.0,"{""INTARIAN_PEPPER_ROOT"":{""pnl"":83096.59999999998,""cash"":-878896.0,""position"":74,""slope_per_step"":8.332749128429471,""r_squared"":0.9999637352121579},""ASH_COATED_OSMIUM"":{""pnl"":16816.0,""cash"":-583244.0,""position"":60,""slope_per_step"":1.6020264535262645,""r_squared"":0.9987238157522673}}"
89,97684.0,0.0,0.0,0,0,0.0,0.0,9.757458579015186,0.9997434591011332,0.0,0.0,0.0,0.0,"{""ASH_COATED_OSMIUM"":{""pnl"":15301.0,""cash"":-784779.0,""position"":80,""slope_per_step"":1.4813644608596446,""r_squared"":0.9929641071387096},""INTARIAN_PEPPER_ROOT"":{""pnl"":82383.0,""cash"":-1037609.0,""position"":80,""slope_per_step"":8.276094118155546,""r_squared"":0.9999645368487399}}"
90,100907.59999999998,0.0,0.0,0,0,0.0,0.0,10.246125902119658,0.9999354623062697,0.0,0.0,0.0,0.0,"{""ASH_COATED_OSMIUM"":{""pnl"":18407.0,""cash"":-591654.0,""position"":61,""slope_per_step"":1.9522313341423134,""r_squared"":0.996457986329692},""INTARIAN_PEPPER_ROOT"":{""pnl"":82500.59999999998,""cash"":-805492.0,""position"":74,""slope_per_step"":8.293894567977336,""r_squared"":0.9999435159124923}}"
91,99507.0,0.0,0.0,0,0,0.0,0.0,9.961739395959585,0.9999234110816695,0.0,0.0,0.0,0.0,"{""INTARIAN_PEPPER_ROOT"":{""pnl"":82618.0,""cash"":-957374.0,""position"":80,""slope_per_step"":8.297910677025312,""r_squared"":0.9999833392291677},""ASH_COATED_OSMIUM"":{""pnl"":16889.0,""cash"":426930.0,""position"":-41,""slope_per_step"":1.6638287189342873,""r_squared"":0.9983001610689171}}"
92,100444.0,0.0,0.0,0,0,0.0,0.0,10.074792348856324,0.9999604980611624,0.0,0.0,0.0,0.0,"{""INTARIAN_PEPPER_ROOT"":{""pnl"":82710.0,""cash"":-1037282.0,""position"":80,""slope_per_step"":8.304840364048804,""r_squared"":0.9999731952933512},""ASH_COATED_OSMIUM"":{""pnl"":17734.0,""cash"":-202288.0,""position"":22,""slope_per_step"":1.7699519848075198,""r_squared"":0.999504053185379}}"
93,100045.0,0.0,0.0,0,0,0.0,0.0,10.026895152596342,0.9997772646544559,0.0,0.0,0.0,0.0,"{""ASH_COATED_OSMIUM"":{""pnl"":16733.0,""cash"":-333302.0,""position"":35,""slope_per_step"":1.6317346649853466,""r_squared"":0.9951873777285455},""INTARIAN_PEPPER_ROOT"":{""pnl"":83312.0,""cash"":-876680.0,""position"":80,""slope_per_step"":8.395160487611005,""r_squared"":0.9999672940778745}}"
94,98678.0,0.0,0.0,0,0,0.0,0.0,9.965254546724765,0.9999023771051411,0.0,0.0,0.0,0.0,"{""ASH_COATED_OSMIUM"":{""pnl"":16401.0,""cash"":-133614.0,""position"":15,""slope_per_step"":1.650874398272744,""r_squared"":0.9972972981254477},""INTARIAN_PEPPER_ROOT"":{""pnl"":82277.0,""cash"":-957715.0,""position"":80,""slope_per_step"":8.314380148452,""r_squared"":0.999985461612648}}"
95,99178.3999999999,0.0,0.0,0,0,0.0,0.0,9.902957513745756,0.9999373651881682,0.0,0.0,0.0,0.0,"{""ASH_COATED_OSMIUM"":{""pnl"":17440.0,""cash"":37442.0,""position"":-2,""slope_per_step"":1.670190701655907,""r_squared"":0.9961238702538918},""INTARIAN_PEPPER_ROOT"":{""pnl"":81738.3999999999,""cash"":-982254.0,""position"":76,""slope_per_step"":8.232766812089858,""r_squared"":0.9999665276596847}}"
96,101351.69999999995,0.0,0.0,0,0,0.0,0.0,10.126703308199042,0.9998418493657024,0.0,0.0,0.0,0.0,"{""INTARIAN_PEPPER_ROOT"":{""pnl"":83103.69999999995,""cash"":-792889.0,""position"":73,""slope_per_step"":8.38846206927462,""r_squared"":0.99998622463257},""ASH_COATED_OSMIUM"":{""pnl"":18248.0,""cash"":-281782.0,""position"":30,""slope_per_step"":1.7382412389244124,""r_squared"":0.9943764210280454}}"
97,98196.0,0.0,0.0,0,0,0.0,0.0,9.879110351602113,0.9999008725062787,0.0,0.0,0.0,0.0,"{""ASH_COATED_OSMIUM"":{""pnl"":14810.0,""cash"":-625254.0,""position"":64,""slope_per_step"":1.4813035414370355,""r_squared"":0.9972231406077263},""INTARIAN_PEPPER_ROOT"":{""pnl"":83386.0,""cash"":-956606.0,""position"":80,""slope_per_step"":8.397806810165072,""r_squared"":0.9999826707539701}}"
98,100879.0,0.0,0.0,0,0,0.0,0.0,10.137626931706455,0.9999603845795345,0.0,0.0,0.0,0.0,"{""ASH_COATED_OSMIUM"":{""pnl"":18448.0,""cash"":-431597.0,""position"":45,""slope_per_step"":1.8172108792661088,""r_squared"":0.9988121855931034},""INTARIAN_PEPPER_ROOT"":{""pnl"":82431.0,""cash"":-1037561.0,""position"":80,""slope_per_step"":8.320416052440361,""r_squared"":0.9999863541063049}}"
99,99511.59999999998,0.0,0.0,0,0,0.0,0.0,10.000947822842083,0.9997146921872766,0.0,0.0,0.0,0.0,"{""ASH_COATED_OSMIUM"":{""pnl"":17539.0,""cash"":57543.0,""position"":-4,""slope_per_step"":1.7075157888291579,""r_squared"":0.9941332707099024},""INTARIAN_PEPPER_ROOT"":{""pnl"":81972.59999999998,""cash"":-806020.0,""position"":74,""slope_per_step"":8.293432034012925,""r_squared"":0.9999358590809154}}"
