ts,pnl
0,0.0000
200,0.0000
400,0.0000
600,12.4531
800,10.7578
1000,8.2266
1200,8.6094
1400,6.3828
1600,-65.1094
1800,-63.8594
2000,-67.9766
2200,-70.1719
2400,-65.2422
2600,-57.3828
2800,-17.6953
3000,-11.9922
3200,-5.5781
3400,-2.8203
3600,-70.8750
3800,-42.2734
4000,-42.2500
4200,-46.0156
4400,-29.6094
4600,-34.5000
4800,-13.6719
5000,-10.1094
5200,30.3125
5400,32.6562
5600,-5.0938
5800,19.5000
6000,26.2812
6200,47.6562
6400,54.0156
6600,66.6094
6800,73.6406
7000,75.2500
7200,80.4375
7400,89.2656
7600,22.9844
7800,52.0469
8000,83.8125
8200,96.3281
8400,71.9688
8600,90.7969
8800,111.9062
9000,117.5625
9200,132.0312
9400,150.0938
9600,108.9062
9800,170.1719
10000,229.5156
10200,314.6562
10400,323.7656
10600,337.0156
10800,385.2500
11000,413.3594
11200,434.9219
11400,455.6719
11600,468.5469
11800,486.3125
12000,509.5938
12200,549.9844
12400,569.8281
12600,587.4375
12800,616.0156
13000,631.8281
13200,645.1719
13400,669.5469
13600,680.9688
13800,703.5312
14000,717.8906
14200,757.8906
14400,767.7969
14600,796.6406
14800,820.9062
15000,823.8438
15200,883.1875
15400,886.6875
15600,890.5625
15800,920.4062
16000,941.8750
16200,925.1875
16400,942.1875
16600,957.9062
16800,958.6250
17000,979.2500
17200,1010.6875
17400,1044.0625
17600,1046.2500
17800,1068.7812
18000,1100.8750
18200,1116.8750
18400,1128.0312
18600,1211.3750
18800,1225.3438
19000,1244.6250
19200,1259.1250
19400,1279.6250
19600,1286.8438
19800,1337.0938
20000,1380.6562
20200,1371.2500
20400,1421.4062
20600,1451.9062
20800,1481.5938
21000,1524.3125
21200,1526.3438
21400,1521.3438
21600,1517.5312
21800,1526.9375
22000,1560.6562
22200,1573.0938
22400,1581.8438
22600,1608.7500
22800,1612.1875
23000,1630.6875
23200,1632.9375
23400,1637.3438
23600,1653.2500
23800,1689.4375
24000,1717.8125
24200,1750.7812
24400,1804.6875
24600,1834.1875
24800,1867.7188
25000,1856.5000
25200,1898.5625
25400,1953.8750
25600,1983.9375
25800,2013.6250
26000,2035.3750
26200,2070.5938
26400,2094.5312
26600,2107.7500
26800,2125.9688
27000,2150.7812
27200,2183.7500
27400,2216.9062
27600,2238.1875
27800,2242.6875
28000,2257.1250
28200,2266.8438
28400,2295.5938
28600,2332.8438
28800,2363.8438
29000,2369.5000
29200,2390.9375
29400,2404.1875
29600,2431.9688
29800,2435.0625
30000,2447.2500
30200,2448.6250
30400,2442.0312
30600,2514.5312
30800,2495.1875
31000,2518.7812
31200,2533.0312
31400,2555.2188
31600,2595.4688
31800,2629.4062
32000,2629.3438
32200,2629.7500
32400,2615.9062
32600,2624.4688
32800,2653.4375
33000,2729.5625
33200,2736.4688
33400,2726.5625
33600,2757.0000
33800,2754.5312
34000,2778.7812
34200,2847.4375
34400,2860.9062
34600,2958.6562
34800,2956.0156
35000,2970.8594
35200,2984.5156
35400,2984.4844
35600,3005.3438
35800,3082.2344
36000,3132.1875
36200,3150.7500
36400,3163.6875
36600,3225.8750
36800,3235.7500
37000,3225.6562
37200,3248.6094
37400,3291.9531
37600,3311.0000
37800,3328.6562
38000,3397.0312
38200,3401.6094
38400,3413.9844
38600,3482.2812
38800,3512.1562
39000,3519.0000
39200,3593.3125
39400,3617.4375
39600,3626.2812
39800,3649.2812
40000,3713.1875
40200,3700.0938
40400,3707.0625
40600,3734.9062
40800,3722.9375
41000,3734.5312
41200,3742.1875
41400,3753.8438
41600,3787.7188
41800,3793.4375
42000,3828.1250
42200,3847.0938
42400,3842.2500
42600,3859.5625
42800,3901.3438
43000,3988.0000
43200,4024.8125
43400,4056.9375
43600,4110.3438
43800,4105.3125
44000,4090.6875
44200,4051.4688
44400,4077.4062
44600,4122.8125
44800,4119.6875
45000,4123.3750
45200,4080.0000
45400,4100.4062
45600,4143.3438
45800,4170.5312
46000,4163.9375
46200,4171.2188
46400,4221.2812
46600,4215.9375
46800,4263.3125
47000,4333.0625
47200,4326.3125
47400,4323.4375
47600,4394.6250
47800,4406.6875
48000,4345.3750
48200,4340.1875
48400,4364.0625
48600,4394.5000
48800,4468.1250
49000,4522.8750
49200,4498.2500
49400,4479.8750
49600,4496.4375
49800,4527.8125
50000,4539.5625
50200,4558.6250
50400,4551.4375
50600,4533.9375
50800,4549.1250
51000,4560.9375
51200,4582.8750
51400,4591.1875
51600,4618.2500
51800,4613.9375
52000,4669.2500
52200,4694.8750
52400,4729.8750
52600,4778.5000
52800,4765.8125
53000,4761.4375
53200,4746.9375
53400,4732.5000
53600,4810.6250
53800,4808.5625
54000,4784.4375
54200,4826.0625
54400,4858.6875
54600,4892.8750
54800,4935.3125
55000,4916.1875
55200,4961.4375
55400,4969.5000
55600,5005.6875
55800,5000.4375
56000,4982.1875
56200,4961.6250
56400,4919.3750
56600,4925.6250
56800,4933.6250
57000,4976.6250
57200,5026.1875
57400,5034.2500
57600,5033.9375
57800,5096.8125
58000,5166.0625
58200,5135.1250
58400,5129.1250
58600,5172.8125
58800,5172.5000
59000,5137.2500
59200,5142.3750
59400,5153.9375
59600,5147.7500
59800,5146.6875
60000,5171.0000
60200,5225.3125
60400,5246.0000
60600,5237.8750
60800,5229.9375
61000,5242.1250
61200,5289.1250
61400,5280.8750
61600,5317.6875
61800,5370.7500
62000,5409.2500
62200,5471.5625
62400,5481.1250
62600,5555.2500
62800,5531.7500
63000,5486.0000
63200,5485.3125
63400,5518.4375
63600,5517.1875
63800,5565.4375
64000,5626.1875
64200,5679.5000
64400,5695.1250
64600,5706.8750
64800,5681.4375
65000,5802.2500
65200,5817.7500
65400,5845.3750
65600,5808.9375
65800,5839.7500
66000,5838.1250
66200,5839.2500
66400,5867.2500
66600,5893.0625
66800,5826.5000
67000,5819.5000
67200,5856.4375
67400,5832.3750
67600,5865.8125
67800,5816.6875
68000,5852.9375
68200,5895.6875
68400,5917.5000
68600,5947.6250
68800,5949.5000
69000,5989.4375
69200,6031.7500
69400,6010.3750
69600,5975.8750
69800,6088.2500
70000,6100.3125
70200,6127.1250
70400,6166.6875
70600,6188.1875
70800,6176.5625
71000,6179.9375
71200,6171.0625
71400,6196.9375
71600,6226.5000
71800,6249.0625
72000,6259.1875
72200,6344.5000
72400,6375.6875
72600,6437.4375
72800,6431.2500
73000,6442.0625
73200,6449.4375
73400,6453.5625
73600,6476.9375
73800,6494.1875
74000,6507.6250
74200,6530.1875
74400,6528.8125
74600,6519.3125
74800,6548.4375
75000,6574.6875
75200,6564.6250
75400,6576.1875
75600,6599.6250
75800,6616.0000
76000,6653.0625
76200,6731.3125
76400,6762.7500
76600,6799.6250
76800,6864.0625
77000,6897.1250
77200,6911.0625
77400,6861.6250
77600,6894.2500
77800,6896.8125
78000,6854.9375
78200,6884.6250
78400,6879.4375
78600,6854.8750
78800,6875.3125
79000,6923.1250
79200,6902.5625
79400,6865.5000
79600,6954.1875
79800,6987.8750
80000,6947.1875
80200,6928.8125
80400,6966.2500
80600,6941.2500
80800,6963.3125
81000,6998.7500
81200,6992.5625
81400,7033.0000
81600,7080.2500
81800,7118.0000
82000,7156.6250
82200,7115.4375
82400,7134.4375
82600,7216.5000
82800,7223.1250
83000,7199.8750
83200,7233.6250
83400,7225.8750
83600,7216.0625
83800,7282.8750
84000,7352.8750
84200,7439.8125
84400,7487.2500
84600,7580.8750
84800,7638.0000
85000,7719.5625
85200,7719.6875
85400,7691.4375
85600,7816.4375
85800,7829.8125
86000,7933.7500
86200,7936.5625
86400,7974.0000
86600,7966.9375
86800,7975.8750
87000,8028.2500
87200,8091.8125
87400,8086.1875
87600,8119.7500
87800,8169.4375
88000,8143.8125
88200,8158.5625
88400,8188.4375
88600,8193.2500
88800,8173.5625
89000,8210.6875
89200,8214.8750
89400,8251.6875
89600,8279.8125
89800,8327.6875
90000,8331.5000
90200,8318.5000
90400,8390.8125
90600,8457.0000
90800,8456.2500
91000,8542.0000
91200,8549.5625
91400,8636.0625
91600,8623.9375
91800,8607.1875
92000,8581.3750
92200,8605.9375
92400,8606.2500
92600,8695.0000
92800,8746.7500
93000,8767.6875
93200,8787.8750
93400,8810.8125
93600,8810.3750
93800,8791.0000
94000,8745.5000
94200,8763.6250
94400,8798.7500
94600,8818.2500
94800,8857.0625
95000,8833.8125
95200,8903.1875
95400,8918.7500
95600,8937.2500
95800,8928.0625
96000,8938.9375
96200,9029.7500
96400,9055.6250
96600,9046.1875
96800,9038.1250
97000,9035.6875
97200,9032.3125
97400,9087.0625
97600,9158.5000
97800,9169.9375
98000,9141.8125
98200,9165.1250
98400,9198.4375
98600,9232.6250
98800,9264.2500
99000,9291.6250
99200,9316.8125
99400,9351.6875
99600,9322.9375
99800,9266.0625
