depth_ask_at,depth_ask_lag1,depth_ask_lag10,depth_ask_lag3,depth_ask_lag5,depth_bid_at,depth_bid_lag1,depth_bid_lag10,depth_bid_lag3,depth_bid_lag5,imb_at,imb_delta_5_1,imb_lag1,imb_lag10,imb_lag3,imb_lag5,label,mid_lag1,mid_lag10,mid_lag3,mid_lag5,mid_pre5,price,product,qty,side,spread_at,spread_lag1,spread_lag10,spread_lag3,spread_lag5,ts
30,32,13,,36,44,32,23,,36,-0.36363636363636365,0.0,0.0,0.2777777777777778,,0.0,R1,10009.0,10007.0,,10008.5,0.5,10001.0,ASH_COATED_OSMIUM,3,sell,18,16,18,,17,1000
25,30,,24,31,15,30,,24,31,0.2,0.0,0.0,,0.0,0.0,R1,13010.0,,13010.0,13010.0,0.0,13017.0,INTARIAN_PEPPER_ROOT,6,buy,17,14,,14,14,10100
38,27,,30,17,33,12,,30,11,0.2857142857142857,0.21428571428571427,0.0,,0.0,-0.21428571428571427,R1,13020.0,,13020.0,13021.5,-1.5,13016.0,INTARIAN_PEPPER_ROOT,2,buy,3,14,,14,17,20200
23,26,35,34,36,23,26,35,34,36,0.0,0.0,0.0,0.0,0.0,0.0,R1,13022.0,13021.0,13022.0,13021.0,1.0,13015.0,INTARIAN_PEPPER_ROOT,3,sell,14,14,14,14,14,21900
33,24,33,30,18,16,16,33,30,11,-0.5,0.5747126436781609,0.3333333333333333,0.0,0.0,-0.2413793103448276,R1,13030.0,13031.0,13031.0,13032.5,-2.5,13035.0,INTARIAN_PEPPER_ROOT,4,sell,4,18,14,14,17,31700
15,31,20,23,34,9,31,29,33,25,-0.25,-0.47058823529411764,0.0,-0.3793103448275862,-0.3939393939393939,0.47058823529411764,R1,13040.0,13041.0,13041.5,13038.5,1.5,13033.0,INTARIAN_PEPPER_ROOT,6,sell,18,14,18,17,17,40400
27,,31,27,32,27,,31,27,32,0.0,,,0.0,0.0,0.0,R1,,13040.0,13041.0,13041.0,,13034.0,INTARIAN_PEPPER_ROOT,7,sell,14,,14,14,14,41300
29,27,10,16,21,34,27,29,12,33,0.38461538461538464,0.2727272727272727,0.0,0.0,-0.14285714285714285,-0.2727272727272727,R1,13043.5,13043.0,13045.0,13044.5,-1.0,13039.0,INTARIAN_PEPPER_ROOT,4,buy,2,15,14,18,17,43600
15,12,30,,9,34,12,30,,16,0.4666666666666667,-0.28,0.0,0.0,,0.28,R1,13048.0,13047.0,,13045.5,2.5,13043.0,INTARIAN_PEPPER_ROOT,4,buy,2,14,14,,17,47700
34,29,29,32,26,34,29,10,24,26,0.0,0.0,0.0,0.0,0.0,0.0,R1,13049.5,13049.0,13051.0,13049.0,0.5,13043.0,INTARIAN_PEPPER_ROOT,3,sell,14,15,14,10,14,49600
35,29,39,29,32,32,12,18,29,24,0.5,0.0,0.0,0.3333333333333333,0.0,0.0,R1,13050.0,13045.0,13049.5,13051.0,-1.0,13045.0,INTARIAN_PEPPER_ROOT,3,buy,2,14,12,15,10,49800
20,14,40,14,,36,34,40,43,,-0.9047619047619048,,0.0,0.0,0.0,,R1,10005.0,10005.0,10005.0,,,10003.0,ASH_COATED_OSMIUM,4,sell,13,16,16,16,,65600
37,30,,27,24,21,19,,27,32,0.4482758620689655,0.3254901960784314,0.26666666666666666,,0.0,-0.058823529411764705,R1,13064.0,,13065.0,13067.0,-3.0,13061.0,INTARIAN_PEPPER_ROOT,8,buy,6,18,,14,10,65700
11,26,31,37,30,34,10,31,27,19,0.0,-0.26666666666666666,0.0,0.0,0.047619047619047616,0.26666666666666666,R1,13066.0,13065.0,13063.5,13064.0,2.0,13059.0,INTARIAN_PEPPER_ROOT,7,sell,14,14,14,9,18,66100
28,28,12,29,31,9,28,32,29,23,0.0,-0.4838709677419355,0.0,0.0,0.0,0.4838709677419355,R1,13068.0,13067.0,13068.0,13066.0,2.0,13061.0,INTARIAN_PEPPER_ROOT,6,sell,14,14,14,14,18,68300
41,41,40,37,,30,41,40,37,,0.4634146341463415,,0.0,0.0,0.0,,R1,10007.0,10007.0,10007.0,,,10016.0,ASH_COATED_OSMIUM,2,buy,19,16,16,16,,82300
36,44,10,37,41,36,14,39,37,26,0.0,-0.2682926829268293,0.0,0.0,0.0,0.2682926829268293,R1,10008.0,10007.0,10007.0,10006.0,2.0,10000.0,ASH_COATED_OSMIUM,7,sell,16,16,16,16,18,83600
42,43,22,43,35,14,43,33,43,23,0.0,-0.3142857142857143,0.0,-0.3333333333333333,0.0,0.3142857142857143,R1,10003.0,10004.5,10003.0,10001.0,2.0,10010.0,ASH_COATED_OSMIUM,8,buy,16,16,19,16,18,86900
26,16,8,31,9,32,9,23,31,29,-0.29411764705882354,-0.28,-0.28,0.0,0.0,0.0,R1,13092.5,13090.0,13091.0,13091.0,1.5,13095.0,INTARIAN_PEPPER_ROOT,6,sell,3,17,14,14,14,91100
42,,,36,34,42,,,25,34,0.0,,,,0.3888888888888889,0.0,R1,,,9999.5,10001.0,,10009.0,ASH_COATED_OSMIUM,6,buy,16,,,19,16,96800
28,,36,8,37,8,,12,28,37,0.0,,,0.0,0.0,0.0,R1,,13098.5,13099.0,13099.0,,13092.0,INTARIAN_PEPPER_ROOT,3,sell,15,,15,14,14,99500
18,29,28,25,34,9,29,28,25,34,-0.3333333333333333,0.0,0.0,0.0,0.0,0.0,R1,13129.0,13128.5,13129.0,13129.0,0.0,13122.0,INTARIAN_PEPPER_ROOT,3,sell,18,14,15,14,14,129500
35,26,25,31,,28,26,36,39,,0.2631578947368421,,0.0,-0.3888888888888889,-0.1111111111111111,,R1,13135.0,13136.0,13140.5,,,13131.0,INTARIAN_PEPPER_ROOT,7,buy,3,14,18,3,,135500
20,32,28,28,10,35,37,28,16,29,-0.6666666666666666,-0.375,-0.375,0.0,0.14285714285714285,0.0,R1,13145.0,13139.0,13138.0,13140.0,5.0,13144.0,INTARIAN_PEPPER_ROOT,4,sell,6,4,14,18,14,140100
29,35,25,33,11,35,35,29,33,35,-0.25,0.0,0.0,-0.38461538461538464,0.0,0.0,R1,13142.0,13146.0,13142.0,13141.5,0.5,13145.0,INTARIAN_PEPPER_ROOT,6,sell,4,14,4,14,15,142000
30,33,26,23,21,30,33,26,23,32,0.0,0.3125,0.0,0.0,0.0,-0.3125,R1,13150.5,13150.0,13150.0,13151.5,-1.0,13144.0,INTARIAN_PEPPER_ROOT,5,sell,14,15,14,14,17,150600
11,33,39,38,27,11,33,39,15,42,0.0,0.6875,0.0,0.0,0.0,-0.6875,R1,10007.0,10007.0,10007.0,10011.5,-4.5,10000.0,ASH_COATED_OSMIUM,5,sell,16,16,16,16,13,154200
31,23,20,33,8,19,23,32,33,30,0.6521739130434783,0.0,0.0,-0.25,0.0,0.0,R1,13165.5,13166.0,13165.0,13165.0,0.5,13161.0,INTARIAN_PEPPER_ROOT,4,buy,6,21,18,14,14,165500
29,41,39,34,12,40,41,10,41,37,-0.45,0.0,0.0,0.0,-0.2631578947368421,0.0,R1,10007.0,10007.0,10012.0,10007.0,0.0,10017.0,ASH_COATED_OSMIUM,6,buy,19,16,16,6,16,168200
36,14,32,38,40,40,14,10,10,40,-0.42857142857142855,0.0,0.0,0.0,0.0,0.0,R1,10011.0,10008.0,10010.0,10009.0,2.0,10008.0,ASH_COATED_OSMIUM,2,sell,10,16,16,16,16,174700
38,37,38,35,38,13,37,10,35,10,0.0,0.0,0.0,0.0,0.0,0.0,R1,10010.0,10010.0,10010.0,10010.0,0.0,10002.0,ASH_COATED_OSMIUM,6,sell,16,16,16,16,16,175400
44,35,37,36,37,44,13,37,36,37,0.0,0.0,0.0,0.0,0.0,0.0,R1,10010.0,10010.0,10010.0,10010.0,0.0,10002.0,ASH_COATED_OSMIUM,10,sell,16,16,16,16,16,175800
21,37,28,27,19,35,37,28,27,19,-0.75,0.0,0.0,0.0,0.0,0.0,R1,13179.0,13178.0,13179.0,13178.5,0.5,13175.0,INTARIAN_PEPPER_ROOT,4,sell,14,14,14,14,21,179200
15,,29,13,42,40,,39,25,42,0.0,,,-0.48717948717948717,0.3157894736842105,0.0,R1,,10011.0,10008.0,10010.0,,10017.0,ASH_COATED_OSMIUM,2,buy,16,,18,18,16,181000
15,,29,13,42,40,,39,25,42,0.0,,,-0.48717948717948717,0.3157894736842105,0.0,R1,,10011.0,10008.0,10010.0,,10017.0,ASH_COATED_OSMIUM,10,buy,16,,18,18,16,181000
30,31,42,40,23,30,31,42,40,13,0.0,0.2777777777777778,0.0,0.0,0.0,-0.2777777777777778,R1,10010.0,10009.0,10009.0,10010.0,0.0,10018.0,ASH_COATED_OSMIUM,10,buy,16,16,16,16,18,181600
38,11,33,26,26,18,41,38,12,31,-0.4444444444444444,0.6774193548387096,0.0,-0.375,-0.3684210526315789,-0.6774193548387096,R1,10009.0,10012.0,10010.5,10013.5,-4.5,10007.0,ASH_COATED_OSMIUM,5,sell,10,16,10,19,13,184700
35,43,29,22,28,35,43,43,36,10,0.0,0.47368421052631576,0.0,-0.3488372093023256,-0.2222222222222222,-0.47368421052631576,R1,10011.0,10012.5,10013.0,10013.0,-2.0,10003.0,ASH_COATED_OSMIUM,7,sell,16,16,19,18,18,190100
35,38,24,35,23,23,38,38,35,14,0.3142857142857143,0.24324324324324326,0.0,-0.2631578947368421,0.0,-0.24324324324324326,R1,10011.0,10013.0,10011.0,10012.5,-1.5,10019.0,ASH_COATED_OSMIUM,9,buy,19,16,18,16,19,190400
16,11,,32,,18,30,,29,,0.5652173913043478,,0.0,,-0.14285714285714285,,R1,13194.0,,13191.5,,,13190.0,INTARIAN_PEPPER_ROOT,3,buy,6,14,,9,,194400
36,,38,24,39,36,,42,39,39,0.0,,,-0.5,-0.23076923076923078,0.0,R1,,10009.5,10006.5,10004.0,,10013.0,ASH_COATED_OSMIUM,4,buy,16,,7,19,16,198200
34,34,39,40,,21,24,24,40,,0.23529411764705882,,0.4117647058823529,0.23076923076923078,0.0,,R1,10004.0,10003.0,10005.0,,,10013.0,ASH_COATED_OSMIUM,6,buy,18,18,18,16,,198600
15,30,33,27,,29,30,33,27,,-0.5789473684210527,,0.0,0.0,0.0,,R1,13207.5,13206.5,13207.0,,,13211.0,INTARIAN_PEPPER_ROOT,4,sell,7,15,15,14,,207600
23,32,31,30,30,10,32,26,30,11,-0.3939393939393939,0.0,0.0,0.2857142857142857,0.0,0.0,R1,13211.0,13204.5,13211.0,13211.0,0.0,13204.0,INTARIAN_PEPPER_ROOT,3,sell,18,14,3,14,14,211300
30,12,10,33,31,30,29,10,33,31,0.0,-0.4117647058823529,-0.4117647058823529,0.0,0.0,0.0,R1,13214.5,13211.5,13212.0,13212.0,2.5,13205.0,INTARIAN_PEPPER_ROOT,5,sell,15,11,15,14,14,212500
25,37,40,,21,10,37,30,,21,0.42857142857142855,0.0,0.0,0.5,,0.0,R1,10003.0,10003.0,,10003.5,-0.5,10005.0,ASH_COATED_OSMIUM,4,buy,9,16,18,,21,213400
34,27,,,34,34,27,,,34,0.0,0.0,0.0,,,0.0,R1,13214.0,,,13213.5,0.5,13207.0,INTARIAN_PEPPER_ROOT,3,sell,14,14,,,15,214100
24,36,18,35,11,24,36,28,35,26,0.0,0.0,0.0,-0.2857142857142857,0.0,0.0,R1,13216.0,13217.0,13216.0,13216.0,0.0,13209.0,INTARIAN_PEPPER_ROOT,7,sell,14,14,18,14,14,216300
21,42,41,41,38,36,31,41,41,38,-0.8260869565217391,-0.6470588235294118,-0.6470588235294118,0.0,0.0,0.0,R1,10007.0,10005.0,10005.0,10005.0,2.0,10002.0,ASH_COATED_OSMIUM,2,sell,13,10,16,16,16,216900
24,32,32,12,25,28,32,11,30,25,-0.7142857142857143,0.0,0.0,0.0,0.0,0.0,R1,13217.0,13216.0,13217.0,13216.5,0.5,13221.0,INTARIAN_PEPPER_ROOT,4,sell,7,14,14,14,15,217100
35,12,24,32,12,35,29,24,32,30,0.0,0.0,0.0,0.0,0.0,0.0,R1,13217.0,13216.0,13217.0,13217.0,0.0,13210.0,INTARIAN_PEPPER_ROOT,6,sell,14,14,14,14,14,217300
12,30,21,32,40,42,30,36,32,26,0.0,-0.3,0.0,-0.8260869565217391,0.0,0.3,R1,10005.0,10008.5,10005.0,10003.5,1.5,10013.0,ASH_COATED_OSMIUM,2,buy,16,16,13,16,19,217900
5,39,34,38,39,15,26,34,14,11,0.5,0.3333333333333333,0.3333333333333333,0.0,0.0,0.0,R1,10000.0,10003.0,10001.0,10002.0,-2.0,10003.0,ASH_COATED_OSMIUM,5,buy,10,18,16,16,16,220300
45,,14,14,24,45,,44,14,15,0.0,,,0.0,0.0,-0.23076923076923078,R1,,10000.0,10000.0,10001.0,,10007.0,ASH_COATED_OSMIUM,3,buy,16,,16,16,18,225400
36,41,28,,14,36,41,38,,14,0.0,0.0,0.0,-0.47368421052631576,,0.0,R1,9998.0,10002.0,,10000.0,-2.0,10006.0,ASH_COATED_OSMIUM,5,buy,16,16,18,,16,225600
37,32,35,41,,26,32,35,41,,0.40540540540540543,,0.0,0.0,0.0,,R1,9998.0,10000.0,9998.0,,,10006.0,ASH_COATED_OSMIUM,6,buy,19,16,16,16,,225800
37,30,14,37,36,37,20,14,26,36,0.0,0.3333333333333333,0.3333333333333333,0.0,0.40540540540540543,0.0,R1,9997.0,10000.0,9996.5,9998.0,-1.0,10007.0,ASH_COATED_OSMIUM,3,buy,16,18,16,19,16,226100
31,,,,28,31,,,,28,0.0,,,,,0.0,R1,,,,13231.0,,13225.0,INTARIAN_PEPPER_ROOT,7,sell,14,,,,14,231700
38,37,22,,37,38,11,32,,37,0.0,0.0,0.0,-0.375,,0.0,R1,9996.0,9997.5,,9996.0,0.0,10004.0,ASH_COATED_OSMIUM,7,buy,16,16,19,,16,234700
42,24,31,33,30,12,9,9,33,30,0.3333333333333333,-0.45454545454545453,-0.45454545454545453,0.0,0.0,0.0,R1,13241.0,13238.5,13239.0,13239.0,2.0,13235.0,INTARIAN_PEPPER_ROOT,4,buy,3,18,15,14,14,239400
8,29,16,34,,8,29,26,34,,0.0,,0.0,-0.23076923076923078,0.0,,R1,13242.0,13243.0,13242.0,,,13235.0,INTARIAN_PEPPER_ROOT,4,sell,14,14,18,14,,242200
39,34,8,33,31,31,11,25,25,23,0.1111111111111111,-0.4838709677419355,0.0,0.0,0.5151515151515151,0.4838709677419355,R1,13251.0,13250.0,13249.0,13249.0,2.0,13247.0,INTARIAN_PEPPER_ROOT,3,buy,3,14,14,18,18,251200
30,24,33,9,34,30,9,12,38,34,0.0,0.0,0.0,0.0,-0.2,0.0,R1,13252.5,13252.0,13258.0,13252.0,0.5,13246.0,INTARIAN_PEPPER_ROOT,5,sell,14,15,14,4,14,252700
21,27,32,29,16,33,27,32,11,26,-0.2727272727272727,0.23076923076923078,0.0,0.0,0.0,-0.23076923076923078,R1,13256.0,13255.5,13256.0,13257.5,-1.5,13249.0,INTARIAN_PEPPER_ROOT,6,sell,18,14,15,14,17,256400
19,17,30,33,24,27,25,12,33,24,-0.4074074074074074,-0.36,-0.36,0.0,0.0,0.0,R1,13272.5,13270.0,13271.0,13270.5,2.0,13264.0,INTARIAN_PEPPER_ROOT,6,sell,18,17,14,14,15,271100
32,24,11,31,8,32,24,28,31,30,0.0,0.0,0.0,0.0,0.0,0.0,R1,13272.5,13271.5,13272.0,13272.0,0.5,13265.0,INTARIAN_PEPPER_ROOT,5,sell,15,21,15,14,14,272400
29,25,31,28,30,29,25,31,28,20,0.0,-0.3333333333333333,0.0,0.0,0.0,0.3333333333333333,R1,13275.5,13274.5,13275.0,13273.5,2.0,13268.0,INTARIAN_PEPPER_ROOT,4,sell,15,15,15,14,17,275500
26,29,30,25,27,8,29,22,15,11,0.0,0.0,0.0,0.4666666666666667,0.2,0.0,R1,13278.0,13275.5,13276.0,13277.5,0.5,13271.0,INTARIAN_PEPPER_ROOT,4,sell,14,14,17,18,15,278100
22,31,37,32,34,34,31,37,32,34,-0.29411764705882354,0.0,0.0,0.0,0.0,0.0,R1,13279.0,13278.0,13278.5,13278.5,0.5,13272.0,INTARIAN_PEPPER_ROOT,7,sell,17,14,14,15,15,278900
16,27,16,11,29,27,27,16,11,10,-0.18518518518518517,0.0,0.0,0.0,0.0,0.0,R1,13282.0,13281.0,13282.0,13281.5,0.5,13275.0,INTARIAN_PEPPER_ROOT,7,sell,17,14,20,14,15,282000
10,42,26,,13,13,42,38,,38,-0.5384615384615384,0.0,0.0,-0.3684210526315789,,0.0,R1,9995.5,9997.0,,9996.0,-0.5,9997.0,ASH_COATED_OSMIUM,4,sell,7,15,18,,16,287000
10,30,34,10,22,32,22,34,29,34,0.0,0.7607843137254902,0.4666666666666667,0.0,0.0,-0.29411764705882354,R1,13286.5,13287.0,13288.0,13289.5,-3.0,13281.0,INTARIAN_PEPPER_ROOT,6,sell,14,17,14,14,17,288300
37,33,,33,8,9,33,,28,33,-0.05263157894736842,0.0,0.0,,0.23076923076923078,0.0,R1,13297.0,,13291.0,13297.0,0.0,13290.0,INTARIAN_PEPPER_ROOT,7,sell,9,14,,2,14,297200
28,,28,17,10,33,,28,10,25,-0.375,,,0.0,-0.25925925925925924,0.0,R1,,13312.0,13314.5,13312.5,,13316.0,INTARIAN_PEPPER_ROOT,5,sell,4,,14,17,15,313000
22,29,35,11,37,22,29,24,29,25,0.0,-0.35135135135135137,0.0,0.37142857142857144,0.0,0.35135135135135137,R1,13361.0,13359.0,13361.0,13359.0,2.0,13351.0,INTARIAN_PEPPER_ROOT,3,sell,21,14,18,14,18,361400
30,26,33,19,28,30,26,10,9,28,0.0,0.0,0.0,0.0,-0.35714285714285715,0.0,R1,13376.0,13375.0,13377.0,13375.0,1.0,13369.0,INTARIAN_PEPPER_ROOT,5,sell,14,14,14,18,14,375800
17,,26,31,28,25,,26,31,28,-0.36,,,0.0,0.0,0.0,R1,,13376.0,13376.5,13376.0,,13370.0,INTARIAN_PEPPER_ROOT,4,sell,17,,14,15,14,376700
50,25,34,38,40,44,39,34,13,40,0.42857142857142855,-0.28205128205128205,-0.28205128205128205,0.0,0.0,0.0,R1,10004.5,10004.0,10004.0,10003.0,1.5,10001.0,ASH_COATED_OSMIUM,4,buy,6,19,16,16,16,377200
10,11,29,,28,35,17,29,,28,0.0,0.21428571428571427,0.21428571428571427,0.0,,0.0,R1,13386.0,13386.5,,13387.0,-1.0,13380.0,INTARIAN_PEPPER_ROOT,5,sell,15,18,15,,14,387600
28,31,37,26,28,28,31,37,26,28,0.0,0.0,0.0,0.0,0.0,0.0,R1,13391.5,13390.5,13391.0,13391.0,0.5,13384.0,INTARIAN_PEPPER_ROOT,4,sell,15,15,15,14,14,391600
37,,26,10,,32,,26,30,,0.375,,,0.0,0.0,,R1,,13391.0,13392.0,,,13388.0,INTARIAN_PEPPER_ROOT,5,buy,3,,14,14,,392300
16,34,10,,31,32,23,17,,31,-0.3333333333333333,0.35294117647058826,0.35294117647058826,0.25925925925925924,,0.0,R1,13394.0,13393.0,,13395.5,-1.5,13400.0,INTARIAN_PEPPER_ROOT,8,sell,7,18,18,,15,396000
23,25,18,30,24,26,34,29,12,12,0.15789473684210525,-0.13725490196078433,-0.47058823529411764,-0.2413793103448276,0.0,-0.3333333333333333,R1,13402.0,13401.0,13400.0,13401.0,1.0,13396.0,INTARIAN_PEPPER_ROOT,8,buy,3,18,18,14,18,400100
25,29,31,17,,33,29,31,17,,-0.5151515151515151,,0.0,0.0,0.0,,R1,13402.0,13401.0,13401.5,,,13395.0,INTARIAN_PEPPER_ROOT,6,sell,18,14,14,21,,402200
28,33,37,32,17,24,23,25,32,25,-0.3333333333333333,0.7539393939393939,0.3939393939393939,0.35135135135135137,0.0,-0.36,R1,13402.5,13401.5,13404.0,13405.0,-2.5,13408.0,INTARIAN_PEPPER_ROOT,4,sell,3,17,17,14,18,404200
16,8,26,15,15,33,31,26,15,15,-0.5238095238095238,0.0,0.0,0.0,0.0,0.0,R1,13406.5,13405.5,13406.5,13405.5,1.0,13410.0,INTARIAN_PEPPER_ROOT,5,sell,7,15,15,21,21,406400
10,42,26,33,39,10,42,39,33,39,0.0,0.0,0.0,-0.3333333333333333,0.0,0.0,R1,10000.0,10002.5,10001.0,10001.0,-1.0,10009.0,ASH_COATED_OSMIUM,2,buy,16,16,19,16,16,410500
20,26,19,28,24,38,16,29,28,8,-0.48148148148148145,0.7307692307692308,0.23076923076923078,-0.3103448275862069,0.0,-0.5,R1,13409.5,13412.0,13411.0,13412.0,-2.5,13415.0,INTARIAN_PEPPER_ROOT,7,sell,7,17,18,14,18,411200
29,20,31,16,11,17,38,31,27,30,-0.17647058823529413,-0.48148148148148145,-0.48148148148148145,0.0,-0.18518518518518517,0.0,R1,13418.5,13410.5,13413.0,13411.0,7.5,13415.0,INTARIAN_PEPPER_ROOT,7,sell,4,7,15,18,14,411300
32,24,10,14,39,32,36,29,43,39,0.0,-0.3333333333333333,-0.3333333333333333,0.48717948717948717,0.0,0.0,R1,10002.0,10001.0,10001.0,10002.0,0.0,10009.0,ASH_COATED_OSMIUM,4,buy,16,18,18,16,16,412500
26,9,33,26,23,29,25,23,26,8,-0.5384615384615384,0.0,0.0,0.3939393939393939,0.0,0.0,R1,13415.5,13413.0,13415.5,13415.0,0.5,13419.0,INTARIAN_PEPPER_ROOT,3,sell,4,15,18,15,14,415700
19,10,24,24,,35,25,24,24,,-0.52,,0.0,0.0,0.0,,R1,13420.0,13419.0,13419.5,,,13423.0,INTARIAN_PEPPER_ROOT,6,sell,7,14,14,15,,419900
15,9,31,28,11,16,9,31,28,11,-0.36363636363636365,0.0,0.0,0.0,0.0,0.0,R1,13424.5,13423.5,13424.0,13424.0,0.5,13428.0,INTARIAN_PEPPER_ROOT,7,sell,7,15,15,14,14,424500
25,34,30,27,29,40,11,30,27,29,-0.6666666666666666,0.0,0.0,0.0,0.0,0.0,R1,13431.0,13430.0,13430.5,13430.5,0.5,13435.0,INTARIAN_PEPPER_ROOT,5,sell,7,14,14,15,15,431000
11,18,10,32,26,35,28,10,32,26,0.0,-0.2857142857142857,-0.2857142857142857,0.0,0.0,0.0,R1,13435.0,13432.5,13433.0,13433.0,2.0,13441.0,INTARIAN_PEPPER_ROOT,7,buy,15,18,15,14,14,433500
25,32,11,26,25,33,32,31,26,35,0.15789473684210525,0.42857142857142855,0.0,0.0,0.0,-0.42857142857142855,R1,13435.0,13434.5,13435.0,13436.5,-1.5,13431.0,INTARIAN_PEPPER_ROOT,4,buy,3,14,15,14,17,435300
41,12,23,37,30,34,30,35,37,30,0.2222222222222222,0.0,0.0,-0.3142857142857143,0.0,0.0,R1,13438.0,13439.0,13437.5,13437.5,0.5,13433.0,INTARIAN_PEPPER_ROOT,7,buy,2,14,18,15,15,438000
26,8,29,34,37,26,26,29,9,21,0.0,-0.4482758620689655,0.0,0.0,0.0,0.4482758620689655,R1,13439.0,13438.0,13439.0,13434.5,4.5,13432.0,INTARIAN_PEPPER_ROOT,7,sell,14,14,14,14,13,439100
38,11,36,31,16,32,35,36,21,28,0.29411764705882354,0.14285714285714285,0.0,0.0,0.3548387096774194,-0.14285714285714285,R1,13455.0,13454.0,13453.0,13456.0,-1.0,13451.0,INTARIAN_PEPPER_ROOT,4,buy,3,14,14,18,18,455200
23,8,35,10,8,8,25,24,10,18,0.0,-0.38461538461538464,0.0,0.37142857142857144,0.0,0.38461538461538464,R1,13456.5,13454.0,13456.0,13454.0,2.5,13449.0,INTARIAN_PEPPER_ROOT,4,sell,15,15,18,14,18,456500
33,15,22,29,31,41,25,31,29,11,-0.1111111111111111,-0.2,-0.2,-0.41935483870967744,0.0,0.0,R1,13467.0,13466.0,13465.0,13465.0,2.0,13469.0,INTARIAN_PEPPER_ROOT,8,sell,4,18,18,14,14,465300
23,29,28,29,20,8,21,10,21,32,0.0,0.6982758620689655,0.4482758620689655,0.0,0.4482758620689655,-0.25,R1,13477.0,13477.5,13477.0,13480.0,-3.0,13471.0,INTARIAN_PEPPER_ROOT,4,sell,15,18,15,18,18,478700
24,32,25,21,28,9,32,25,30,28,0.0,0.0,0.0,0.0,-0.4,0.0,R1,13483.5,13482.5,13485.0,13483.0,0.5,13476.0,INTARIAN_PEPPER_ROOT,7,sell,15,15,15,18,14,483700
24,31,44,36,30,24,12,25,12,8,0.0,0.0,0.0,0.5625,0.0,0.0,R1,13484.5,13476.0,13484.5,13484.5,0.0,13478.0,INTARIAN_PEPPER_ROOT,7,sell,14,15,6,15,15,484800
30,,33,24,24,30,,33,24,36,0.0,,,0.0,0.0,-0.3333333333333333,R1,,13484.0,13485.0,13486.0,,13478.0,INTARIAN_PEPPER_ROOT,6,sell,14,,14,14,18,485100
38,37,41,40,5,38,37,11,40,44,0.0,-0.5,0.0,0.0,0.0,0.5,R1,9995.0,9994.0,9994.0,9992.0,3.0,10002.0,ASH_COATED_OSMIUM,5,buy,16,16,16,16,10,490600
25,31,31,32,27,41,31,31,22,10,-0.6666666666666666,0.0,0.0,0.0,0.375,0.0,R1,13491.0,13490.0,13489.0,13490.5,0.5,13494.0,INTARIAN_PEPPER_ROOT,5,sell,8,14,14,18,15,490900
8,34,25,30,31,29,34,25,30,31,0.0,0.0,0.0,0.0,0.0,0.0,R1,13491.0,13490.5,13491.0,13491.0,0.0,13484.0,INTARIAN_PEPPER_ROOT,6,sell,15,14,15,14,14,491300
36,,38,14,41,12,,38,28,13,0.0,,,0.0,0.3333333333333333,0.0,R1,,9994.0,9993.0,9994.0,,10002.0,ASH_COATED_OSMIUM,4,buy,16,,16,18,16,491900
35,39,34,31,31,35,15,14,31,20,0.0,-0.2903225806451613,0.0,0.0,0.0,0.2903225806451613,R1,9995.0,9994.0,9995.0,9993.0,2.0,9986.0,ASH_COATED_OSMIUM,4,sell,16,16,16,16,18,496000
31,24,10,34,11,26,16,28,34,31,0.3333333333333333,0.3333333333333333,0.3333333333333333,0.0,0.0,0.0,R1,13494.0,13495.0,13496.0,13495.5,-1.5,13489.0,INTARIAN_PEPPER_ROOT,5,sell,3,18,14,14,15,496200
31,24,10,34,11,26,16,28,34,31,0.3333333333333333,0.3333333333333333,0.3333333333333333,0.0,0.0,0.0,R1,13494.0,13495.0,13496.0,13495.5,-1.5,13492.0,INTARIAN_PEPPER_ROOT,5,buy,3,18,14,14,15,496200
20,42,12,36,11,20,42,34,24,34,0.0,0.0,0.0,0.0,0.3333333333333333,0.0,R1,9995.0,9995.0,9994.0,9995.0,0.0,9984.0,ASH_COATED_OSMIUM,6,sell,21,16,16,18,16,497500
23,12,42,20,43,35,35,42,31,43,-0.3142857142857143,0.0,0.0,0.0,-0.2903225806451613,0.0,R1,9997.0,9995.0,9996.5,9996.0,1.0,9988.0,ASH_COATED_OSMIUM,5,sell,18,16,16,19,16,498400
22,12,44,35,44,34,36,52,40,44,-0.29411764705882354,0.0,0.0,-0.2727272727272727,-0.5,0.0,R1,9999.0,10002.0,10001.0,9998.0,1.0,9990.0,ASH_COATED_OSMIUM,3,sell,19,16,6,10,16,505800
37,22,10,11,27,10,34,35,31,37,0.0,0.16534181240063595,-0.29411764705882354,0.0,0.0,-0.4594594594594595,R1,9999.5,9997.0,9998.0,9999.5,0.0,9990.0,ASH_COATED_OSMIUM,8,sell,16,19,16,16,19,505900
33,29,18,27,8,28,10,30,27,18,0.3333333333333333,-0.38461538461538464,0.0,-0.2,0.0,0.38461538461538464,R1,13506.0,13507.0,13506.0,13504.0,2.0,13502.0,INTARIAN_PEPPER_ROOT,5,buy,3,14,18,14,18,506200
43,13,14,32,28,48,13,39,32,28,-0.5,0.0,0.0,0.0,0.0,0.0,R1,10003.0,10003.0,10003.0,10003.5,-0.5,10005.0,ASH_COATED_OSMIUM,4,sell,6,16,16,16,21,517600
35,29,31,32,29,10,21,11,32,29,0.0,0.4482758620689655,0.4482758620689655,0.0,0.0,0.0,R1,13523.0,13523.5,13524.5,13524.0,-1.0,13532.0,INTARIAN_PEPPER_ROOT,4,buy,15,18,15,15,14,524600
38,42,,38,43,14,42,,43,29,0.0,-0.3488372093023256,0.0,,-0.4444444444444444,0.3488372093023256,R1,9996.0,,9998.5,9994.0,2.0,9988.0,ASH_COATED_OSMIUM,5,sell,16,16,,11,18,536000
36,39,38,11,40,36,39,43,11,42,0.0,0.75,0.0,-0.4444444444444444,0.0,-0.75,R1,9995.0,9998.5,9995.0,9997.5,-2.5,9986.0,ASH_COATED_OSMIUM,3,sell,16,16,11,16,11,536700
35,36,13,,39,35,16,42,,39,0.0,-0.375,-0.375,0.0,,0.0,R1,9998.5,9995.0,,9994.0,4.5,9986.0,ASH_COATED_OSMIUM,2,sell,16,7,16,,16,537500
32,,35,27,12,36,,35,27,48,-0.42857142857142855,,,0.0,0.0,0.0,R1,,13536.5,13537.0,13539.0,,13541.0,INTARIAN_PEPPER_ROOT,4,sell,4,,15,14,10,537500
37,38,41,42,42,26,38,41,42,27,0.40540540540540543,-0.2857142857142857,0.0,0.0,0.0,0.2857142857142857,R1,9993.0,9994.0,9994.0,9992.5,0.5,10002.0,ASH_COATED_OSMIUM,5,buy,19,16,16,16,19,538600
35,36,35,27,40,28,11,25,27,11,0.125,-0.29411764705882354,0.0,0.42857142857142855,0.0,0.29411764705882354,R1,13540.5,13538.0,13540.5,13537.5,3.0,13536.0,INTARIAN_PEPPER_ROOT,5,buy,3,15,18,15,9,540700
35,31,34,28,25,31,31,34,28,10,0.5,0.0,0.0,0.0,0.0,0.0,R1,13545.0,13544.0,13544.5,13544.5,0.5,13540.0,INTARIAN_PEPPER_ROOT,4,buy,2,14,14,15,15,545000
32,11,,8,28,11,11,,31,28,0.5714285714285714,0.0,0.0,,0.0,0.0,R1,13547.5,,13547.5,13547.5,0.0,13543.0,INTARIAN_PEPPER_ROOT,3,buy,2,15,,15,15,547800
32,10,43,38,42,32,33,15,38,42,0.0,0.0,0.0,0.0,0.0,0.0,R1,9998.0,9999.0,9997.0,9997.0,1.0,9991.0,ASH_COATED_OSMIUM,3,sell,16,16,16,16,16,549900
10,40,12,27,22,38,40,38,42,39,0.0,0.6923076923076923,0.0,0.0,-0.2857142857142857,-0.6923076923076923,R1,9997.0,9997.0,9998.5,10000.5,-3.5,9989.0,ASH_COATED_OSMIUM,4,sell,16,16,16,19,13,553100
32,,38,10,25,32,,38,38,11,0.0,,,0.0,0.0,-0.3888888888888889,R1,,9996.0,9997.0,9997.5,,9989.0,ASH_COATED_OSMIUM,3,sell,16,,16,16,19,553400
32,25,37,,24,32,38,25,,35,0.0,0.05563909774436093,-0.3157894736842105,0.35135135135135137,,-0.37142857142857144,R1,10000.0,9998.5,,9999.0,1.0,9991.0,ASH_COATED_OSMIUM,10,sell,16,18,19,,18,564600
45,36,34,14,13,30,36,34,43,36,0.875,0.7333333333333333,0.0,0.0,0.0,-0.7333333333333333,R1,10001.0,10000.0,10000.0,10002.5,-1.5,10002.0,ASH_COATED_OSMIUM,2,buy,12,16,16,16,11,574500
22,30,29,23,24,31,30,29,35,15,-0.41935483870967744,-0.25,0.0,0.0,-0.3142857142857143,0.25,R1,13576.0,13575.5,13578.0,13574.0,2.0,13569.0,INTARIAN_PEPPER_ROOT,6,sell,18,14,15,18,18,576300
31,22,29,33,28,12,31,29,33,18,0.6,-0.7050691244239631,-0.41935483870967744,0.0,0.0,0.2857142857142857,R1,13578.0,13575.5,13576.0,13574.0,4.0,13572.0,INTARIAN_PEPPER_ROOT,3,buy,3,18,15,14,18,576400
23,33,9,26,10,33,23,30,26,29,-0.3939393939393939,0.3939393939393939,0.3939393939393939,0.0,0.0,0.0,R1,13581.0,13582.0,13582.5,13582.5,-1.5,13576.0,INTARIAN_PEPPER_ROOT,5,sell,18,18,14,15,15,583000
38,16,27,32,19,22,25,17,32,31,0.5172413793103449,-0.05419354838709681,-0.28,0.25925925925925924,0.0,-0.22580645161290322,R1,13586.0,13582.0,13584.5,13586.0,0.0,13580.0,INTARIAN_PEPPER_ROOT,7,buy,6,18,18,15,18,584800
20,35,35,35,35,31,35,10,35,35,-0.2903225806451613,0.0,0.0,0.0,0.0,0.0,R1,10001.0,10000.0,10001.0,10001.0,0.0,9992.0,ASH_COATED_OSMIUM,2,sell,19,16,16,16,16,590500
8,8,21,22,15,25,8,21,9,24,0.0,0.25,0.0,0.0,-0.41935483870967744,-0.25,R1,13591.5,13590.5,13593.0,13593.0,-1.5,13584.0,INTARIAN_PEPPER_ROOT,6,sell,15,15,21,18,18,591600
24,26,13,25,40,36,41,24,25,26,-0.3333333333333333,-0.5682926829268293,-0.2682926829268293,0.2972972972972973,0.0,0.3,R1,10001.0,9998.5,10000.5,9999.0,2.0,9991.0,ASH_COATED_OSMIUM,7,sell,19,18,19,21,18,593300
15,35,31,34,30,32,12,9,9,30,-0.36363636363636365,0.0,0.0,0.0,0.0,0.0,R1,13600.0,13599.0,13599.5,13599.5,0.5,13604.0,INTARIAN_PEPPER_ROOT,7,sell,7,14,14,15,15,600000
19,29,17,26,29,36,9,28,8,29,-0.52,0.0,0.0,-0.21428571428571427,0.0,0.0,R1,13603.0,13604.0,13602.5,13602.5,0.5,13607.0,INTARIAN_PEPPER_ROOT,6,sell,7,14,18,15,15,603000
37,,35,29,26,12,,35,29,26,0.0,,,0.0,0.0,0.0,R1,,13607.0,13607.5,13607.5,,13601.0,INTARIAN_PEPPER_ROOT,7,sell,14,,14,15,15,608000
41,29,25,,15,35,12,10,,26,0.25,0.15384615384615385,0.0,0.0,,-0.15384615384615385,R1,13609.5,13609.0,,13611.0,-1.5,13605.0,INTARIAN_PEPPER_ROOT,6,buy,2,15,14,,18,609900
12,34,41,27,18,23,23,35,16,28,0.3142857142857143,0.6386554621848739,0.35294117647058826,0.25,0.18518518518518517,-0.2857142857142857,R1,13609.0,13604.0,13609.0,13612.0,-3.0,13600.0,INTARIAN_PEPPER_ROOT,5,sell,18,18,2,18,18,610900
22,32,9,31,24,34,32,24,31,24,-0.29411764705882354,0.0,0.0,0.0,0.0,0.0,R1,13613.5,13612.5,13613.0,13612.5,1.0,13606.0,INTARIAN_PEPPER_ROOT,5,sell,18,15,15,14,15,613300
32,27,17,32,31,32,8,12,32,31,0.0,0.0,0.0,0.4117647058823529,0.0,0.0,R1,13613.5,13606.5,13613.5,13613.0,0.5,13606.0,INTARIAN_PEPPER_ROOT,3,sell,15,15,3,15,14,613500
26,24,31,33,32,26,24,31,33,32,0.0,0.0,0.0,0.0,0.0,0.0,R1,13614.0,13613.0,13613.5,13613.5,0.5,13607.0,INTARIAN_PEPPER_ROOT,4,sell,14,22,14,15,15,614000
42,29,31,33,32,37,29,31,33,32,0.4117647058823529,0.0,0.0,0.0,0.0,0.0,R1,13616.5,13615.5,13616.0,13615.5,1.0,13612.0,INTARIAN_PEPPER_ROOT,5,buy,3,15,15,14,15,616300
25,42,20,18,25,15,37,20,26,17,0.2,0.051764705882352935,0.4117647058823529,0.0,-0.38461538461538464,0.36,R1,13610.5,13615.5,13618.0,13614.0,-3.5,13606.0,INTARIAN_PEPPER_ROOT,3,sell,18,3,21,18,18,616400
36,23,24,25,30,36,23,36,9,30,0.0,0.0,0.0,-0.3333333333333333,0.0,0.0,R1,13618.5,13619.0,13618.5,13618.0,0.5,13611.0,INTARIAN_PEPPER_ROOT,6,sell,15,21,18,15,14,618600
35,40,40,35,42,35,40,40,11,28,0.0,-0.75,0.0,0.0,0.6923076923076923,0.75,R1,10000.0,9999.0,9996.5,9993.0,7.0,9992.0,ASH_COATED_OSMIUM,5,sell,16,16,16,9,8,627600
37,24,39,36,37,41,39,39,36,42,-0.4666666666666667,0.24291497975708498,-0.23076923076923078,0.0,0.0,-0.47368421052631576,R1,9998.5,9998.0,9997.0,9999.5,-1.0,9995.0,ASH_COATED_OSMIUM,2,sell,10,19,16,16,11,629900
9,8,8,27,33,24,26,25,27,33,0.45454545454545453,0.0,0.0,0.0,0.0,0.0,R1,13630.5,13629.5,13630.5,13630.0,0.5,13620.0,INTARIAN_PEPPER_ROOT,4,sell,18,15,15,15,14,630500
25,,8,,32,25,,26,,32,0.0,,,0.0,,0.0,R1,,13630.5,,13631.0,,13624.0,INTARIAN_PEPPER_ROOT,5,sell,15,,15,,14,631400
25,33,19,35,,16,22,15,8,,0.28,,0.3333333333333333,-0.5833333333333334,-0.2,,R1,13632.0,13636.0,13630.5,,,13623.0,INTARIAN_PEPPER_ROOT,3,sell,18,18,14,9,,633400
11,27,41,20,41,37,40,41,21,41,0.0,-0.35,-0.35,0.0,0.6153846153846154,0.0,R1,9997.5,9997.0,9992.0,9997.0,0.5,9988.0,ASH_COATED_OSMIUM,3,sell,16,19,16,12,16,633800
6,,31,26,22,34,,31,26,12,0.2,,,0.0,0.0,-0.29411764705882354,R1,,13633.5,13634.5,13636.0,,13630.0,INTARIAN_PEPPER_ROOT,6,buy,3,,15,15,18,634800
15,35,24,32,41,44,22,36,32,11,0.0,0.2571428571428571,0.2571428571428571,-0.3333333333333333,0.0,0.0,R1,9995.0,9997.5,9996.0,9997.0,-2.0,9988.0,ASH_COATED_OSMIUM,6,sell,16,18,19,16,16,651300
52,42,,40,43,29,12,,29,36,0.5675675675675675,0.3684210526315789,0.0,,0.45,-0.3684210526315789,R1,9999.0,,9998.0,10003.5,-4.5,9996.0,ASH_COATED_OSMIUM,4,buy,8,16,,18,7,656900
24,,9,24,28,39,,9,24,11,-0.6551724137931034,,,0.0,0.0,0.0,R1,,13656.5,13657.5,13657.5,,13661.0,INTARIAN_PEPPER_ROOT,5,sell,8,,15,15,15,657800
13,36,41,37,38,38,26,26,12,38,0.0,0.4444444444444444,0.4444444444444444,0.2682926829268293,0.0,0.0,R1,9998.0,9997.0,9999.0,9999.0,-1.0,9991.0,ASH_COATED_OSMIUM,2,sell,16,18,18,16,16,658300
37,38,39,40,40,37,14,39,40,12,0.0,0.0,0.0,0.0,0.0,0.0,R1,10001.0,9998.0,10000.0,10000.0,1.0,9992.0,ASH_COATED_OSMIUM,5,sell,16,16,16,16,16,660500
38,35,40,40,42,38,35,40,14,39,0.0,-0.6,0.0,0.0,0.0,0.6,R1,9998.0,9999.0,9998.0,9996.0,2.0,9990.0,ASH_COATED_OSMIUM,7,sell,16,16,16,16,10,666200
27,15,15,38,15,39,11,37,38,15,-0.38461538461538464,0.4666666666666667,0.4666666666666667,0.0,0.0,0.0,R1,9995.5,9999.0,9998.0,9999.0,-3.5,9991.0,ASH_COATED_OSMIUM,3,sell,19,9,16,16,16,666500
29,34,16,27,12,33,34,28,27,36,0.2222222222222222,0.0,0.0,-0.14285714285714285,0.0,0.0,R1,13666.5,13667.0,13666.5,13666.0,0.5,13662.0,INTARIAN_PEPPER_ROOT,3,buy,3,15,18,15,14,666500
26,11,17,19,31,11,15,17,9,31,0.0,0.15384615384615385,0.15384615384615385,0.0,-0.35714285714285715,0.0,R1,13667.0,13668.0,13671.0,13668.5,-1.5,13662.0,INTARIAN_PEPPER_ROOT,3,sell,15,18,22,18,15,669200
16,34,19,28,32,9,34,9,28,32,0.125,0.0,0.0,-0.35714285714285715,0.0,0.0,R1,13669.5,13671.0,13669.5,13669.5,0.0,13665.0,INTARIAN_PEPPER_ROOT,7,buy,2,15,18,15,15,669900
30,8,11,34,28,30,24,15,34,28,0.0,0.0,0.0,0.15384615384615385,0.0,0.0,R1,13670.0,13667.0,13669.5,13669.5,0.5,13663.0,INTARIAN_PEPPER_ROOT,6,sell,14,14,18,15,15,670100
22,35,32,30,16,22,35,32,30,9,0.0,-0.125,0.0,0.0,0.0,0.125,R1,13670.5,13669.5,13670.0,13664.0,6.5,13660.0,INTARIAN_PEPPER_ROOT,5,sell,21,15,15,14,2,670400
11,27,40,,40,11,39,14,,11,0.0,-0.38461538461538464,-0.38461538461538464,0.0,,0.0,R1,9995.0,9995.0,,9995.0,0.0,10001.0,ASH_COATED_OSMIUM,5,buy,16,18,16,,16,673000
30,40,35,33,36,45,40,23,33,36,-0.3333333333333333,0.0,0.0,0.3142857142857143,0.0,0.0,R1,9992.0,9992.0,9993.0,9993.0,-1.0,10002.0,ASH_COATED_OSMIUM,5,buy,18,16,18,16,16,674100
44,,39,,43,30,,25,,39,0.36363636363636365,,,0.28205128205128205,,0.5789473684210527,R1,,9989.5,,9987.5,,9999.0,ASH_COATED_OSMIUM,9,buy,18,,19,,9,678900
34,33,15,,,13,21,45,,,-0.6923076923076923,,0.2727272727272727,0.0,,,R1,9989.5,9991.0,,,,9999.0,ASH_COATED_OSMIUM,6,buy,11,19,16,,,679300
21,44,24,,14,34,30,36,,39,-0.23529411764705882,0.36363636363636365,0.36363636363636365,-0.3333333333333333,,0.0,R1,9992.0,9994.0,,9993.0,-1.0,9985.0,ASH_COATED_OSMIUM,6,sell,19,18,18,,16,681900
23,11,38,33,35,33,11,12,33,35,-0.3939393939393939,0.0,0.0,0.0,0.0,0.0,R1,9996.0,9995.0,9995.0,9995.0,1.0,9988.0,ASH_COATED_OSMIUM,4,sell,18,16,16,16,16,687700
25,30,,33,10,25,30,,21,27,0.0,0.0,0.0,,0.2727272727272727,0.0,R1,13693.5,,13692.0,13693.0,0.5,13686.0,INTARIAN_PEPPER_ROOT,7,sell,15,15,,18,14,693600
42,14,35,11,29,42,40,35,40,39,0.0,0.48717948717948717,0.0,0.0,0.0,-0.48717948717948717,R1,9999.0,9999.0,9999.0,10000.0,-1.0,9992.0,ASH_COATED_OSMIUM,2,sell,16,16,16,16,18,694800
39,44,43,39,13,39,41,32,39,42,0.0,0.6470588235294118,0.6470588235294118,-0.7333333333333333,0.0,0.0,R1,9999.0,10004.5,10002.0,10002.0,-3.0,9994.0,ASH_COATED_OSMIUM,6,sell,16,10,11,16,16,700400
32,29,44,43,30,32,44,41,14,30,0.0,-0.3181818181818182,-0.3181818181818182,0.6470588235294118,0.0,0.0,R1,10004.0,9999.0,10003.0,10003.0,1.0,9995.0,ASH_COATED_OSMIUM,6,sell,16,18,10,16,16,701300
17,11,31,34,26,30,36,31,34,26,-0.7894736842105263,0.0,0.0,0.0,0.0,0.0,R1,13702.5,13701.5,13702.5,13702.5,0.0,13706.0,INTARIAN_PEPPER_ROOT,6,sell,7,15,15,15,15,702700
17,11,31,34,26,30,36,31,34,26,-0.7894736842105263,0.0,0.0,0.0,0.0,0.0,R1,13702.5,13701.5,13702.5,13702.5,0.0,13706.0,INTARIAN_PEPPER_ROOT,2,sell,7,15,15,15,15,702700
36,24,19,26,8,30,29,27,18,27,0.29411764705882354,-0.2857142857142857,-0.2857142857142857,-0.4074074074074074,0.38461538461538464,0.0,R1,13722.5,13721.0,13718.5,13720.0,2.5,13716.0,INTARIAN_PEPPER_ROOT,2,buy,3,11,18,19,14,720500
15,35,26,,25,29,35,18,,9,0.4666666666666667,0.47058823529411764,0.0,0.38461538461538464,,-0.47058823529411764,R1,13721.0,13718.5,,13722.0,-1.0,13717.0,INTARIAN_PEPPER_ROOT,4,buy,3,14,19,,18,721200
37,15,41,39,41,40,36,30,25,41,-0.625,0.0,0.0,0.4634146341463415,0.28205128205128205,0.0,R1,10004.0,10001.5,10002.0,10003.0,1.0,10001.0,ASH_COATED_OSMIUM,3,sell,10,16,19,18,16,724600
27,25,27,35,30,32,37,27,11,8,-0.2857142857142857,-0.35135135135135137,-0.35135135135135137,0.0,0.0,0.0,R1,13727.0,13724.5,13725.0,13725.0,2.0,13729.0,INTARIAN_PEPPER_ROOT,5,sell,4,18,15,14,14,725400
28,28,33,27,32,12,28,33,27,24,0.0,-0.5,0.0,0.0,0.0,0.5,R1,13728.5,13727.5,13728.5,13726.5,2.0,13721.0,INTARIAN_PEPPER_ROOT,4,sell,15,15,15,15,19,728700
23,,33,24,27,15,,22,16,27,0.30434782608695654,,,0.3333333333333333,0.3333333333333333,0.0,R1,,13746.0,13746.5,13748.0,,13756.0,INTARIAN_PEPPER_ROOT,6,buy,18,,18,19,14,748500
32,39,37,40,31,12,39,27,40,31,0.0,0.0,0.0,0.4594594594594595,0.0,0.0,R1,9994.0,9995.0,9995.0,9995.0,-1.0,10002.0,ASH_COATED_OSMIUM,3,buy,16,16,18,16,16,771800
38,11,39,30,42,38,40,29,10,42,0.0,0.0,0.0,0.48717948717948717,0.0,0.0,R1,9992.0,9991.5,9993.0,9993.0,-1.0,10000.0,ASH_COATED_OSMIUM,5,buy,16,16,19,16,16,773500
13,11,43,24,35,36,37,43,11,25,0.0,-0.42857142857142855,0.0,0.0,-0.37142857142857144,0.42857142857142855,R1,9992.0,9992.0,9993.0,9990.5,1.5,9999.0,ASH_COATED_OSMIUM,5,buy,16,16,16,18,19,776400
36,15,31,10,11,30,27,31,16,28,-0.3333333333333333,-0.1111111111111111,-0.1111111111111111,0.0,0.23076923076923078,0.0,R1,13779.0,13776.0,13775.0,13776.5,2.5,13781.0,INTARIAN_PEPPER_ROOT,6,sell,3,18,14,18,15,777000
40,44,23,27,30,28,44,15,10,42,0.4,0.42857142857142855,0.0,-0.21052631578947367,-0.4594594594594595,-0.42857142857142855,R1,9991.0,9992.5,9992.0,9992.5,-1.5,9981.0,ASH_COATED_OSMIUM,3,sell,19,16,19,18,19,778300
14,,27,41,43,35,,10,13,43,0.0,,,-0.4594594594594595,0.0,0.0,R1,,9992.0,9992.0,9992.0,,9984.0,ASH_COATED_OSMIUM,7,sell,16,,18,16,16,779000
13,11,41,41,37,39,41,20,20,37,0.0,0.0,0.0,-0.4,0.48148148148148145,0.0,R1,9992.0,9995.5,9986.0,9991.0,1.0,10000.0,ASH_COATED_OSMIUM,8,buy,16,16,7,8,16,780200
26,32,25,10,27,32,12,25,19,27,-0.25,0.0,0.0,0.0,0.3103448275862069,0.0,R1,13787.5,13786.5,13786.0,13787.5,0.0,13791.0,INTARIAN_PEPPER_ROOT,6,sell,4,15,15,18,15,787700
38,34,30,,42,38,10,44,,42,0.0,0.0,0.0,-0.36363636363636365,,0.0,R1,9993.0,9994.5,,9993.0,0.0,10001.0,ASH_COATED_OSMIUM,6,buy,16,16,19,,16,790100
39,35,37,22,38,12,35,37,32,27,0.0,-0.42105263157894735,0.0,0.0,-0.375,0.42105263157894735,R1,9992.0,9993.0,9994.0,9991.0,1.0,9984.0,ASH_COATED_OSMIUM,5,sell,16,16,16,18,18,793200
36,26,33,41,37,12,39,33,41,37,0.0,-0.3333333333333333,-0.3333333333333333,0.0,0.0,0.0,R1,9993.5,9991.0,9992.0,9992.0,1.5,9985.0,ASH_COATED_OSMIUM,4,sell,16,19,16,16,16,794500
41,27,30,36,33,33,27,30,25,25,0.1111111111111111,-0.5151515151515151,0.0,0.0,0.3888888888888889,0.5151515151515151,R1,13796.5,13795.5,13794.5,13794.0,2.5,13792.0,INTARIAN_PEPPER_ROOT,8,buy,3,15,15,19,18,796600
30,32,36,28,44,8,32,12,28,10,0.0,0.09090909090909091,0.0,0.0,0.0,-0.09090909090909091,R1,13799.0,13798.0,13798.5,13796.0,3.0,13792.0,INTARIAN_PEPPER_ROOT,7,sell,14,14,14,15,10,799100
11,41,36,41,42,32,41,14,28,30,0.0,-0.42857142857142855,0.0,0.0,0.36585365853658536,0.42857142857142855,R1,9992.0,9993.0,9990.5,9991.0,1.0,10000.0,ASH_COATED_OSMIUM,7,buy,16,16,16,19,18,799600
23,29,19,27,32,11,29,19,27,32,-0.45454545454545453,0.0,0.0,0.0,0.0,0.0,R1,13802.5,13802.0,13802.5,13802.5,0.0,13806.0,INTARIAN_PEPPER_ROOT,3,sell,4,15,22,15,15,802800
35,13,44,36,43,35,41,44,36,33,0.0,0.5555555555555556,0.0,0.0,0.0,-0.5555555555555556,R1,9997.0,9997.0,9997.0,10000.0,-3.0,9989.0,ASH_COATED_OSMIUM,8,sell,16,16,16,16,10,805500
45,24,28,34,24,30,37,15,34,39,0.3333333333333333,-0.06652806652806653,-0.2972972972972973,-0.3023255813953488,0.0,-0.23076923076923078,R1,9998.0,9998.5,9996.0,9997.0,1.0,9986.0,ASH_COATED_OSMIUM,6,sell,18,18,19,16,18,806300
20,35,,12,10,35,35,,40,37,-0.14285714285714285,0.0,0.0,,0.0,0.0,R1,9997.0,,9997.0,9997.0,0.0,9990.0,ASH_COATED_OSMIUM,6,sell,18,16,,16,16,808400
36,25,40,40,33,10,15,40,40,33,0.0,-0.25,-0.25,0.0,0.0,0.0,R1,9998.5,9996.0,9997.0,9998.0,0.5,9990.0,ASH_COATED_OSMIUM,4,sell,16,19,16,16,16,810600
36,36,33,34,36,36,36,33,34,10,0.0,0.0,0.0,0.0,0.0,0.0,R1,9999.0,9998.0,9998.0,9998.0,1.0,9991.0,ASH_COATED_OSMIUM,6,sell,16,16,16,16,16,811100
8,,26,34,29,26,,16,34,29,0.058823529411764705,,,0.23076923076923078,0.0,0.0,R1,,13810.0,13812.5,13811.5,,13808.0,INTARIAN_PEPPER_ROOT,8,buy,3,,18,15,15,812400
46,35,34,38,26,42,35,34,38,39,0.5789473684210527,0.3333333333333333,0.0,0.0,0.0,-0.3333333333333333,R1,10000.0,9999.0,10000.0,10000.5,-0.5,9992.0,ASH_COATED_OSMIUM,8,sell,5,16,16,16,19,813200
35,37,36,13,39,23,37,36,25,39,0.3142857142857143,0.0,0.0,0.0,0.3157894736842105,0.0,R1,10000.0,10000.0,9998.5,10000.0,0.0,9989.0,ASH_COATED_OSMIUM,3,sell,19,16,16,19,16,814400
40,37,26,31,34,34,37,26,22,34,0.25,0.0,0.0,0.0,0.41935483870967744,0.0,R1,13814.5,13814.0,13813.0,13814.5,0.0,13819.0,INTARIAN_PEPPER_ROOT,5,buy,9,15,14,18,15,815000
29,11,,30,41,42,11,,30,41,-0.38095238095238093,0.0,0.0,,0.0,0.0,R1,10000.0,,10000.0,10001.0,-1.0,9992.0,ASH_COATED_OSMIUM,2,sell,19,16,,16,16,817600
28,15,36,23,36,12,23,12,34,36,0.0,-0.30434782608695654,-0.30434782608695654,0.0,-0.35294117647058826,0.0,R1,13822.0,13819.5,13822.0,13819.5,2.5,13813.0,INTARIAN_PEPPER_ROOT,6,sell,15,18,15,18,15,820300
10,26,27,29,9,43,19,17,11,27,-0.1111111111111111,0.05263157894736842,0.05263157894736842,0.25925925925925924,0.0,0.0,R1,13824.0,13819.0,13821.5,13821.5,2.5,13826.0,INTARIAN_PEPPER_ROOT,8,sell,3,10,18,15,15,822000
32,31,26,26,,24,31,17,8,,-0.5,,0.0,0.3076923076923077,0.0,,R1,13824.5,13821.5,13823.5,,,13828.0,INTARIAN_PEPPER_ROOT,4,sell,4,15,19,15,,824200
32,30,10,32,27,10,30,25,32,19,0.0,-0.4074074074074074,0.0,0.0,0.0,0.4074074074074074,R1,13825.5,13824.5,13825.5,13824.0,1.5,13818.0,INTARIAN_PEPPER_ROOT,3,sell,15,15,15,15,18,825900
33,11,34,8,31,16,31,10,18,36,-0.5,-0.29411764705882354,0.0,0.0,0.38461538461538464,0.29411764705882354,R1,13852.5,13851.5,13850.0,13845.5,7.0,13856.0,INTARIAN_PEPPER_ROOT,4,sell,4,15,15,18,3,852200
38,29,32,8,35,35,29,32,25,12,0.6,0.0,0.0,0.0,0.0,0.0,R1,13856.5,13855.5,13856.5,13856.5,0.0,13852.0,INTARIAN_PEPPER_ROOT,3,buy,3,15,15,15,15,856600
24,26,19,35,32,34,8,19,35,32,-0.4117647058823529,0.0,0.0,0.0,0.0,0.0,R1,13858.5,13858.0,13858.5,13858.5,0.0,13851.0,INTARIAN_PEPPER_ROOT,4,sell,19,15,22,15,15,858700
24,34,16,23,32,35,10,25,15,10,-0.37142857142857144,0.0,0.0,-0.28,0.30434782608695654,0.0,R1,13863.5,13864.0,13861.5,13862.5,1.0,13856.0,INTARIAN_PEPPER_ROOT,5,sell,18,15,18,19,15,863400
33,29,10,9,24,26,20,32,33,9,0.2222222222222222,0.3793103448275862,0.3793103448275862,0.0,0.0,0.0,R1,13872.0,13872.5,13873.5,13873.5,-1.5,13869.0,INTARIAN_PEPPER_ROOT,7,buy,3,18,15,15,15,873600
29,30,34,31,33,11,30,23,21,9,-0.45454545454545453,0.0,0.0,0.35294117647058826,0.3548387096774194,0.0,R1,13874.5,13871.5,13872.5,13873.5,1.0,13878.0,INTARIAN_PEPPER_ROOT,3,sell,4,15,19,19,15,874400
34,25,26,12,20,34,37,41,42,33,0.0,-0.13923013923013924,-0.35135135135135137,-0.2682926829268293,0.0,-0.21212121212121213,R1,9995.0,9995.0,9993.0,9994.5,0.5,9986.0,ASH_COATED_OSMIUM,4,sell,16,18,18,16,19,882400
45,43,20,,34,40,43,33,,34,0.4117647058823529,0.0,0.0,-0.21212121212121213,,0.0,R1,9994.0,9994.5,,9994.0,0.0,9996.0,ASH_COATED_OSMIUM,5,buy,10,16,19,,16,882900
36,23,34,30,45,36,36,34,30,40,0.0,-0.6895424836601307,-0.2777777777777778,0.0,0.0,0.4117647058823529,R1,9995.0,9994.0,9993.5,9991.0,4.0,10002.0,ASH_COATED_OSMIUM,4,buy,16,18,16,21,10,883400
4,15,,23,30,33,40,,36,30,0.42857142857142855,0.0,0.0,,-0.2777777777777778,0.0,R1,9994.0,,9995.0,9993.5,0.5,9992.0,ASH_COATED_OSMIUM,3,buy,6,16,,18,21,883600
12,41,15,35,38,12,14,40,35,38,0.0,0.0,0.0,0.0,0.0,0.0,R1,9995.0,9994.0,9995.0,9995.0,0.0,9987.0,ASH_COATED_OSMIUM,5,sell,16,16,16,16,16,884500
40,35,41,34,39,29,35,14,34,39,0.45,0.0,0.0,0.0,0.0,0.0,R1,9995.0,9995.0,9995.0,9995.0,0.0,9984.0,ASH_COATED_OSMIUM,5,sell,19,16,16,16,16,885400
39,42,35,35,32,12,42,35,11,10,0.0,0.0,0.0,0.0,0.0,0.0,R1,9996.0,9995.0,9995.0,9994.0,2.0,9987.0,ASH_COATED_OSMIUM,7,sell,16,16,16,16,16,886300
37,19,30,35,21,33,8,9,12,30,0.5,-0.007407407407407363,-0.4074074074074074,0.0,0.0,-0.4,R1,13892.0,13889.5,13889.5,13891.5,0.5,13886.0,INTARIAN_PEPPER_ROOT,1,buy,3,18,15,15,19,890200
43,37,23,11,37,14,37,10,35,37,0.0,0.0,0.0,-0.3939393939393939,0.0,0.0,R1,10000.0,10002.5,10000.0,10000.0,0.0,9992.0,ASH_COATED_OSMIUM,8,sell,16,16,19,16,16,902600
40,12,37,12,40,40,20,12,34,40,0.0,0.25,0.25,0.0,0.0,0.0,R1,9997.5,9999.0,9998.0,9999.0,-1.5,9991.0,ASH_COATED_OSMIUM,7,sell,16,19,16,16,16,904500
21,,27,40,14,21,,38,40,34,0.0,,,-0.42105263157894735,0.0,0.0,R1,,10000.0,9999.0,9998.0,,9988.0,ASH_COATED_OSMIUM,5,sell,21,,18,16,16,904800
34,,18,,38,34,,41,,11,0.0,,,0.4444444444444444,,0.0,R1,,9995.0,,9999.0,,9991.0,ASH_COATED_OSMIUM,10,sell,16,,10,,16,907100
35,24,40,,,35,36,40,,,0.0,,-0.3333333333333333,0.0,,,R1,10000.0,9998.0,,,,9991.0,ASH_COATED_OSMIUM,10,sell,16,18,16,,,907300
24,29,11,32,26,29,29,11,32,26,-0.23076923076923078,0.0,0.0,0.0,0.0,0.0,R1,13911.5,13910.5,13911.5,13911.5,0.0,13915.0,INTARIAN_PEPPER_ROOT,5,sell,4,15,15,15,15,911600
7,36,12,27,27,35,36,33,15,18,0.17647058823529413,-0.3333333333333333,0.0,0.0,0.1111111111111111,0.3333333333333333,R1,13913.0,13912.5,13911.0,13911.0,2.0,13908.0,INTARIAN_PEPPER_ROOT,7,buy,2,14,15,18,18,913100
29,34,31,35,24,29,34,31,35,24,0.0,0.0,0.0,0.0,0.0,0.0,R1,13928.5,13927.5,13928.5,13928.0,0.5,13921.0,INTARIAN_PEPPER_ROOT,5,sell,15,15,15,15,22,928800
24,31,29,,20,24,31,29,,30,0.0,0.3333333333333333,0.0,0.0,,-0.3333333333333333,R1,13929.5,13928.5,,13931.0,-1.5,13922.0,INTARIAN_PEPPER_ROOT,6,sell,15,15,15,,18,929900
33,30,26,40,,1,30,37,40,,-0.8571428571428571,,0.0,-0.40540540540540543,0.0,,R1,10003.5,10005.0,10003.0,,,10001.0,ASH_COATED_OSMIUM,4,sell,10,21,18,16,,936400
32,13,,34,30,44,23,,22,43,0.6666666666666666,0.67312661498708,0.2777777777777778,,0.29411764705882354,-0.3953488372093023,R1,10002.5,,10002.0,10004.5,-2.0,10001.0,ASH_COATED_OSMIUM,3,buy,5,19,,18,19,939800
46,30,28,32,40,40,14,43,10,15,0.25,-0.36363636363636365,-0.36363636363636365,-0.3023255813953488,0.0,0.0,R1,10005.5,10004.5,10004.0,10004.0,1.5,10002.0,ASH_COATED_OSMIUM,3,buy,6,19,19,16,16,942800
36,19,20,,29,40,8,29,,8,-0.4666666666666667,-0.4074074074074074,-0.4074074074074074,-0.3793103448275862,,0.0,R1,13962.5,13961.5,,13960.5,2.0,13964.0,INTARIAN_PEPPER_ROOT,4,sell,4,19,19,,15,960700
35,31,29,33,30,16,31,19,21,30,-0.375,0.0,0.0,0.3103448275862069,0.2727272727272727,0.0,R1,13963.5,13960.5,13961.0,13962.5,1.0,13959.0,INTARIAN_PEPPER_ROOT,5,sell,11,15,19,18,15,963300
30,15,31,31,33,37,10,31,31,21,0.4117647058823529,-0.4727272727272727,-0.2,0.0,0.0,0.2727272727272727,R1,13965.0,13962.5,13963.5,13961.0,4.0,13959.0,INTARIAN_PEPPER_ROOT,1,buy,3,18,15,15,18,963500
29,32,20,35,27,11,32,10,35,27,0.0,0.0,0.0,-0.3333333333333333,0.0,0.0,R1,13966.5,13967.5,13966.5,13966.5,0.0,13959.0,INTARIAN_PEPPER_ROOT,4,sell,15,15,19,15,15,966600
30,11,,11,42,30,39,,31,42,0.0,0.0,0.0,,0.0,0.0,R1,9992.0,,9992.0,9993.0,-1.0,10000.0,ASH_COATED_OSMIUM,6,buy,16,16,,16,16,968600
25,,41,42,10,27,,15,12,35,-0.8518518518518519,,,0.0,0.0,0.0,R1,,9990.0,9990.0,9990.5,,10001.0,ASH_COATED_OSMIUM,5,buy,13,,16,16,15,972700
12,3,34,,32,27,17,34,,23,0.0,0.26249999999999996,0.7,0.0,,0.4375,R1,13965.0,13971.5,,13970.5,-5.5,13965.0,INTARIAN_PEPPER_ROOT,7,sell,15,6,15,,19,972900
24,11,31,8,29,24,36,31,23,29,0.0,0.0,0.0,0.0,0.0,0.0,R1,13974.5,13973.5,13974.5,13974.5,0.0,13967.0,INTARIAN_PEPPER_ROOT,7,sell,15,15,15,15,15,974800
36,33,28,15,33,33,33,28,24,33,0.45454545454545453,0.0,0.0,0.0,-0.25,0.0,R1,13975.5,13974.5,13977.0,13974.5,1.0,13971.0,INTARIAN_PEPPER_ROOT,3,buy,3,15,15,18,15,975400
33,35,30,35,31,33,12,30,23,31,0.0,0.0,0.0,0.0,0.3142857142857143,0.0,R1,13979.5,13978.5,13977.0,13978.5,1.0,13972.0,INTARIAN_PEPPER_ROOT,7,sell,15,15,15,18,15,979200
37,24,38,37,39,37,24,38,14,39,0.0,0.0,0.0,0.0,0.0,0.0,R1,9993.5,9993.0,9993.0,9994.0,-0.5,10002.0,ASH_COATED_OSMIUM,7,buy,16,21,16,16,16,979800
40,26,,22,33,40,38,,35,33,0.0,-0.3684210526315789,-0.3684210526315789,,-0.2571428571428571,0.0,R1,9994.0,,9993.5,9993.0,1.0,10001.0,ASH_COATED_OSMIUM,7,buy,16,18,,19,16,981900
29,33,25,12,23,29,24,17,33,33,0.0,0.8484848484848484,0.45454545454545453,0.36,-0.6,-0.3939393939393939,R1,13980.5,13979.5,13987.5,13983.5,-3.0,13975.0,INTARIAN_PEPPER_ROOT,4,sell,15,19,19,3,19,982300
37,11,26,42,36,37,11,38,42,36,0.0,0.0,0.0,-0.3684210526315789,0.0,0.0,R1,9992.0,9994.0,9992.0,9992.0,0.0,10000.0,ASH_COATED_OSMIUM,10,buy,16,16,18,16,16,982800
31,27,32,10,28,37,27,32,35,28,-0.2,0.0,0.0,0.0,0.0,0.0,R1,13984.5,13983.5,13984.5,13984.5,0.0,13989.0,INTARIAN_PEPPER_ROOT,6,sell,3,15,15,15,15,984900
37,14,15,,,31,34,45,,,-0.42857142857142855,,0.0,0.0,,,R1,9993.0,9994.0,,,,9991.0,ASH_COATED_OSMIUM,4,sell,10,16,16,,,989500
31,29,34,26,30,16,25,10,26,19,0.391304347826087,0.11794871794871797,0.38461538461538464,0.0,0.0,0.26666666666666666,R1,13985.5,13990.5,13991.5,13989.5,-4.0,13987.0,INTARIAN_PEPPER_ROOT,7,buy,6,3,15,15,19,991600
39,44,39,22,40,14,44,39,35,13,0.0,0.0,0.0,0.0,-0.2571428571428571,0.0,R1,9992.0,9991.0,9993.0,9991.0,1.0,9983.0,ASH_COATED_OSMIUM,5,sell,16,16,16,18,16,991900
37,34,38,30,17,37,34,38,30,35,0.0,-0.4117647058823529,0.0,0.0,0.0,0.4117647058823529,R1,9991.0,9992.0,9991.0,9988.5,2.5,9983.0,ASH_COATED_OSMIUM,5,sell,16,16,16,16,9,995100
36,39,37,24,39,36,19,37,37,29,0.0,-0.8556005398110661,-0.3684210526315789,0.0,-0.2972972972972973,0.48717948717948717,R1,9997.5,9991.0,9994.0,9990.5,7.0,9985.0,ASH_COATED_OSMIUM,4,sell,16,7,16,18,19,995900
37,40,41,37,33,22,11,41,34,33,0.1891891891891892,0.0,0.0,0.0,0.5384615384615384,0.0,R1,9993.0,9993.0,9990.5,9993.0,0.0,9982.0,ASH_COATED_OSMIUM,6,sell,19,16,16,9,16,999800
32,36,36,8,25,10,11,36,8,34,0.0,0.47058823529411764,0.0,0.0,0.0,-0.47058823529411764,R2_296317,13004.0,13003.0,13004.0,13005.5,-1.5,13011.0,INTARIAN_PEPPER_ROOT,5,buy,14,14,14,14,17,4400
36,,29,15,36,32,,29,15,11,0.4666666666666667,,,0.0,0.0,0.0,R2_296317,,13004.0,13004.5,13004.0,,13008.0,INTARIAN_PEPPER_ROOT,3,buy,9,,14,21,14,4800
37,34,40,37,24,41,14,40,37,37,-0.5,0.2972972972972973,0.0,0.0,0.0,-0.2972972972972973,R2_296317,10009.0,10008.0,10008.0,10010.0,-1.0,10000.0,ASH_COATED_OSMIUM,9,sell,10,16,16,16,18,9100
20,35,26,28,25,31,35,17,9,35,-0.2903225806451613,0.42857142857142855,0.0,0.3076923076923077,0.0,-0.42857142857142855,R2_296317,13023.0,13020.5,13023.0,13024.0,-1.0,13016.0,INTARIAN_PEPPER_ROOT,4,sell,17,14,17,14,18,23000
37,20,,19,26,33,31,,11,9,0.42857142857142855,-0.2903225806451613,-0.2903225806451613,,-0.26666666666666666,0.0,R2_296317,13024.5,,13024.5,13023.0,1.5,13019.0,INTARIAN_PEPPER_ROOT,4,buy,3,17,,17,14,23100
28,26,27,30,35,35,26,27,30,35,-0.06666666666666667,0.0,0.0,0.0,0.0,0.0,R2_296317,13033.0,13032.0,13033.0,13033.0,0.0,13037.0,INTARIAN_PEPPER_ROOT,7,sell,3,14,14,14,14,33300
29,26,9,8,15,23,26,16,28,27,-0.5,0.1111111111111111,0.0,0.28,0.0,-0.1111111111111111,R2_296317,13036.0,13033.0,13035.0,13036.5,-0.5,13039.0,INTARIAN_PEPPER_ROOT,3,sell,4,14,18,14,17,35700
24,42,33,23,11,24,34,33,23,34,0.0,0.15789473684210525,0.15789473684210525,0.0,0.0,0.0,R2_296317,13032.5,13037.5,13038.0,13038.0,-5.5,13031.0,INTARIAN_PEPPER_ROOT,5,sell,15,3,15,14,14,38500
34,15,29,28,19,22,23,29,17,28,0.29411764705882354,0.05279503105590061,-0.30434782608695654,0.0,0.21428571428571427,-0.35714285714285715,R2_296317,13053.0,13050.0,13049.5,13052.5,0.5,13041.0,INTARIAN_PEPPER_ROOT,4,sell,17,18,14,17,17,51400
33,11,27,25,30,41,26,8,35,30,-0.1111111111111111,0.0,0.0,0.0,-0.42857142857142855,0.0,R2_296317,13052.5,13052.0,13054.0,13052.0,0.5,13056.0,INTARIAN_PEPPER_ROOT,8,sell,4,15,14,18,14,52600
9,,10,23,,36,,26,15,,-0.38461538461538464,,,0.0,0.30434782608695654,,R2_296317,,13067.0,13065.5,,,13071.0,INTARIAN_PEPPER_ROOT,4,sell,4,,14,17,,67600
25,9,30,25,11,30,9,30,25,20,-0.2857142857142857,-0.2903225806451613,0.0,0.0,0.0,0.2903225806451613,R2_296317,13070.0,13069.0,13070.0,13068.5,1.5,13074.0,INTARIAN_PEPPER_ROOT,5,sell,3,14,14,14,17,70400
34,34,28,15,,23,34,28,26,,0.35294117647058826,,0.0,0.0,-0.15384615384615385,,R2_296317,13074.0,13073.0,13075.0,,,13063.0,INTARIAN_PEPPER_ROOT,4,sell,18,14,14,18,,73700
12,10,11,10,27,36,10,35,35,31,0.0,0.38461538461538464,0.0,0.0,0.0,-0.38461538461538464,R2_296317,13077.0,13076.0,13077.0,13082.0,-5.0,13070.0,INTARIAN_PEPPER_ROOT,3,sell,14,14,14,14,4,77200
11,8,27,31,17,35,25,12,31,28,0.0,0.21428571428571427,0.0,0.0,0.0,-0.21428571428571427,R2_296317,13080.0,13079.0,13080.0,13081.5,-1.5,13073.0,INTARIAN_PEPPER_ROOT,5,sell,14,14,14,14,17,80200
34,28,23,9,11,39,10,15,36,32,-0.3333333333333333,0.0,0.0,0.30434782608695654,-0.058823529411764705,0.0,R2_296317,13084.0,13081.5,13089.5,13084.0,0.0,13088.0,INTARIAN_PEPPER_ROOT,5,sell,3,14,17,3,14,84400
22,29,15,32,33,14,29,35,32,33,0.2727272727272727,0.0,0.0,0.0,0.0,0.0,R2_296317,10003.5,10004.0,10004.0,10004.0,-0.5,10001.0,ASH_COATED_OSMIUM,3,buy,6,21,16,16,16,85700
8,32,,28,32,34,22,,19,32,0.15789473684210525,0.375,0.375,,0.35714285714285715,0.0,R2_296317,13090.0,,13089.5,13091.0,-1.0,13087.0,INTARIAN_PEPPER_ROOT,5,buy,2,18,,17,14,91700
34,,,,,34,,,,,0.0,,,,,,R2_296379,,,,,,10000.0,ASH_COATED_OSMIUM,6,sell,16,,,,,0
32,25,36,33,25,22,36,36,33,34,0.375,0.08169934640522875,-0.3888888888888889,0.0,0.0,-0.47058823529411764,R2_296379,13006.0,13003.0,13004.0,13005.5,0.5,13011.0,INTARIAN_PEPPER_ROOT,5,buy,17,18,14,14,17,4400
37,14,10,37,37,41,34,40,22,24,-0.5,-0.2972972972972973,0.0,0.0,0.1891891891891892,0.2972972972972973,R2_296379,10009.0,10008.0,10007.0,10007.5,1.5,10000.0,ASH_COATED_OSMIUM,9,sell,10,16,16,18,19,9100
9,30,30,28,17,32,30,30,28,27,-0.2,0.25925925925925924,0.0,0.0,0.0,-0.25925925925925924,R2_296379,13017.0,13016.0,13017.0,13018.5,-1.5,13013.0,INTARIAN_PEPPER_ROOT,3,sell,10,14,14,14,17,17400
28,17,27,30,24,35,26,27,30,35,-0.06666666666666667,0.06373626373626373,-0.3076923076923077,0.0,0.0,-0.37142857142857144,R2_296379,13034.5,13032.0,13033.0,13034.5,0.0,13037.0,INTARIAN_PEPPER_ROOT,7,sell,3,17,14,14,17,33300
20,26,9,28,27,23,26,25,28,27,-0.7391304347826086,0.0,0.0,0.0,0.0,0.0,R2_296379,13036.0,13035.0,13035.0,13035.0,1.0,13039.0,INTARIAN_PEPPER_ROOT,3,sell,7,14,14,14,14,35700
34,23,29,,9,12,23,29,,28,0.0,0.0,0.0,0.0,,0.0,R2_296379,13051.0,13050.0,,13051.0,0.0,13044.0,INTARIAN_PEPPER_ROOT,4,sell,14,14,14,,14,51400
23,26,27,35,30,41,15,27,35,12,-0.4838709677419355,0.15384615384615385,0.15384615384615385,0.0,0.0,0.0,R2_296379,13051.0,13052.0,13052.0,13052.0,-1.0,13056.0,INTARIAN_PEPPER_ROOT,8,sell,7,18,14,14,14,52600
33,28,9,12,27,29,28,26,17,8,0.42857142857142855,0.0,0.0,0.0,0.1724137931034483,0.0,R2_296379,13071.0,13070.5,13069.5,13071.0,0.0,13067.0,INTARIAN_PEPPER_ROOT,3,buy,3,14,15,17,14,71500
34,34,9,26,24,11,34,9,26,28,0.0,-0.2857142857142857,0.0,0.0,0.0,0.2857142857142857,R2_296379,13074.0,13073.0,13073.0,13067.5,6.5,13067.0,INTARIAN_PEPPER_ROOT,4,sell,14,14,14,14,3,73700
36,26,24,35,9,36,26,35,35,31,0.0,0.38461538461538464,0.0,-0.37142857142857144,0.0,-0.38461538461538464,R2_296379,13077.0,13078.0,13077.0,13082.0,-5.0,13070.0,INTARIAN_PEPPER_ROOT,3,sell,14,14,18,14,4,77200
35,17,15,,11,11,25,27,,28,0.0,-0.36,-0.36,-0.1111111111111111,,0.0,R2_296379,13081.5,13081.0,,13080.0,1.5,13073.0,INTARIAN_PEPPER_ROOT,5,sell,14,17,18,,14,80200
27,9,26,30,8,33,30,26,30,31,-0.29411764705882354,0.0,0.0,0.0,0.0,0.0,R2_296379,13083.0,13082.0,13083.0,13082.5,0.5,13086.0,INTARIAN_PEPPER_ROOT,6,sell,4,14,14,14,15,83000
22,29,11,27,10,27,10,11,27,18,-0.6296296296296297,-0.2857142857142857,0.0,0.0,0.0,0.2857142857142857,R2_296379,13085.0,13084.0,13084.5,13082.5,2.5,13088.0,INTARIAN_PEPPER_ROOT,5,sell,7,14,14,15,17,84800
44,29,35,32,33,36,43,15,10,12,0.2727272727272727,-0.3488372093023256,-0.3488372093023256,0.0,0.0,0.0,R2_296379,10004.5,10004.0,10004.0,10004.0,0.5,10001.0,ASH_COATED_OSMIUM,3,buy,6,19,16,16,16,85700
42,32,20,28,32,34,32,20,28,11,0.15789473684210525,0.0,0.0,0.0,0.0,0.0,R2_296379,13092.0,13090.5,13091.0,13091.0,1.0,13087.0,INTARIAN_PEPPER_ROOT,5,buy,2,14,21,14,14,91700
8,30,32,28,25,8,30,32,28,25,0.0,0.0,0.0,0.0,0.0,0.0,R2_296379,13095.0,13094.0,13095.0,13095.0,0.0,13091.0,INTARIAN_PEPPER_ROOT,1,buy,3,14,14,14,14,95100
43,13,35,11,36,43,23,35,20,36,0.0,0.2777777777777778,0.2777777777777778,0.0,0.2903225806451613,0.0,R2_296379,10000.0,10002.0,10000.0,10001.0,-1.0,10010.0,ASH_COATED_OSMIUM,6,buy,16,18,16,18,16,96900
43,13,35,11,36,43,23,35,20,36,0.0,0.2777777777777778,0.2777777777777778,0.0,0.2903225806451613,0.0,R2_296379,10000.0,10002.0,10000.0,10001.0,-1.0,10010.0,ASH_COATED_OSMIUM,8,buy,16,18,16,18,16,96900
22,36,12,8,25,22,25,36,33,34,0.0,0.8594771241830066,0.3888888888888889,0.0,0.0,-0.47058823529411764,R2_296878,13002.5,13003.0,13004.0,13005.5,-3.0,13015.0,INTARIAN_PEPPER_ROOT,5,buy,21,17,14,14,17,4400
37,20,40,37,37,29,34,10,37,24,-0.5,-0.4737678855325914,-0.17647058823529413,0.0,0.0,0.2972972972972973,R2_296878,10010.0,10008.0,10008.0,10007.5,2.5,10006.0,ASH_COATED_OSMIUM,4,sell,10,18,16,16,19,9100
31,25,26,28,35,20,35,17,28,25,0.2903225806451613,-0.8571428571428571,-0.42857142857142855,0.3076923076923077,0.0,0.42857142857142855,R2_296878,13024.5,13020.5,13023.0,13021.0,3.5,13013.0,INTARIAN_PEPPER_ROOT,4,sell,17,17,17,14,18,23000
37,31,21,30,26,23,20,12,30,26,0.7037037037037037,0.2903225806451613,0.2903225806451613,-0.2727272727272727,0.0,0.0,R2_296878,13021.5,13023.5,13023.0,13023.0,-1.5,13019.0,INTARIAN_PEPPER_ROOT,4,buy,6,17,17,14,14,23100
28,26,12,30,35,35,17,27,30,35,-0.06666666666666667,0.3076923076923077,0.3076923076923077,0.0,0.0,0.0,R2_296878,13031.5,13032.0,13033.0,13033.0,-1.5,13037.0,INTARIAN_PEPPER_ROOT,7,sell,3,17,14,14,14,33300
9,8,25,20,27,12,18,25,28,27,-0.5,0.38461538461538464,0.38461538461538464,0.0,-0.42857142857142855,0.0,R2_296878,13034.0,13035.0,13037.0,13035.0,-1.0,13039.0,INTARIAN_PEPPER_ROOT,3,sell,4,18,14,18,14,35700
41,31,31,,27,33,31,9,,27,0.15789473684210525,0.0,0.0,0.0,,0.0,R2_296878,13045.0,13044.0,,13044.0,1.0,13040.0,INTARIAN_PEPPER_ROOT,8,buy,2,14,14,,14,44700
34,23,29,28,19,34,8,29,28,28,0.0,0.35714285714285715,0.0,0.0,0.0,-0.35714285714285715,R2_296878,13051.0,13050.0,13051.0,13052.5,-1.5,13044.0,INTARIAN_PEPPER_ROOT,4,sell,14,14,14,14,17,51400
33,26,,35,30,18,11,,35,30,-0.1111111111111111,0.0,0.0,,0.0,0.0,R2_296878,13052.5,,13052.0,13052.0,0.5,13056.0,INTARIAN_PEPPER_ROOT,8,sell,4,15,,14,14,52600
32,19,,23,31,36,28,,8,31,-0.38461538461538464,-0.35714285714285715,-0.35714285714285715,,0.0,0.0,R2_296878,13069.0,,13067.0,13067.0,2.0,13071.0,INTARIAN_PEPPER_ROOT,4,sell,4,18,,14,14,67600
25,9,19,25,11,30,32,30,25,31,-0.2857142857142857,0.0,0.0,-0.26666666666666666,0.0,0.0,R2_296878,13070.0,13071.0,13070.0,13070.0,0.0,13074.0,INTARIAN_PEPPER_ROOT,5,sell,3,14,18,14,14,70400
34,9,9,26,19,34,34,28,26,9,0.0,0.35714285714285715,0.0,0.0,0.0,-0.35714285714285715,R2_296878,13074.0,13073.0,13073.0,13075.0,-1.0,13067.0,INTARIAN_PEPPER_ROOT,4,sell,14,14,14,14,18,73700
36,,,35,27,36,,,35,31,0.0,,,,0.0,-0.38461538461538464,R2_296878,,,13077.0,13082.0,,13070.0,INTARIAN_PEPPER_ROOT,3,sell,14,,,14,4,77200
35,17,27,31,17,24,25,12,31,11,0.37142857142857144,-0.1457142857142857,-0.36,0.0,0.0,-0.21428571428571427,R2_296878,13081.5,13079.0,13080.0,13081.5,0.0,13070.0,INTARIAN_PEPPER_ROOT,5,sell,17,17,14,14,17,80200
24,28,23,9,32,15,28,23,27,32,-0.6551724137931034,0.0,0.0,0.0,-0.058823529411764705,0.0,R2_296878,13084.0,13083.0,13089.5,13084.0,0.0,13088.0,INTARIAN_PEPPER_ROOT,5,sell,7,14,14,3,14,84400
30,10,11,,28,13,29,29,,28,-0.23076923076923078,0.0,0.0,0.0,,0.0,R2_296878,13085.0,13084.0,,13084.0,1.0,13088.0,INTARIAN_PEPPER_ROOT,5,sell,4,14,14,,14,84800
30,29,15,,21,36,29,35,,33,0.2727272727272727,0.2727272727272727,0.0,0.0,,-0.2727272727272727,R2_296878,10003.5,10004.0,,10005.0,-1.5,10001.0,ASH_COATED_OSMIUM,3,buy,6,21,16,,18,85700
42,32,29,28,21,11,10,29,28,32,0.15789473684210525,0.3125,0.0,0.0,0.0,-0.3125,R2_296878,13092.0,13091.0,13091.0,13093.0,-1.0,13087.0,INTARIAN_PEPPER_ROOT,5,buy,2,14,14,14,18,91700
38,30,12,19,25,30,30,20,28,25,0.0,0.0,0.0,0.25,-0.35714285714285715,0.0,R2_296878,13095.0,13092.5,13096.5,13095.0,0.0,13091.0,INTARIAN_PEPPER_ROOT,1,buy,3,14,17,17,14,95100
13,,,,,34,,,,,0.0,,,,,,R2_297226,,,,,,10000.0,ASH_COATED_OSMIUM,6,sell,16,,,,,0
37,20,10,37,13,37,14,40,37,37,0.0,-0.17647058823529413,-0.17647058823529413,0.0,0.0,0.0,R2_297226,10010.0,10008.0,10008.0,10009.0,1.0,10000.0,ASH_COATED_OSMIUM,9,sell,16,18,16,16,16,9100
26,8,30,28,10,15,8,30,28,27,-0.2,0.0,0.0,0.0,0.0,0.0,R2_297226,13017.0,13016.0,13017.0,13017.0,0.0,13013.0,INTARIAN_PEPPER_ROOT,3,sell,10,14,14,14,14,17400
31,35,,28,10,11,35,,19,35,0.0,0.0,0.0,,0.35714285714285715,0.0,R2_297226,13023.0,,13021.0,13022.5,0.5,13016.0,INTARIAN_PEPPER_ROOT,4,sell,14,14,,18,15,23000
20,26,9,28,27,32,26,25,28,12,-0.7391304347826086,0.0,0.0,0.0,0.0,0.0,R2_297226,13036.0,13035.0,13035.0,13035.0,1.0,13039.0,INTARIAN_PEPPER_ROOT,3,sell,7,14,14,14,14,35700
41,8,31,43,18,11,23,22,32,27,0.15789473684210525,0.8172043010752688,0.4838709677419355,0.41935483870967744,0.0,-0.3333333333333333,R2_297226,13043.0,13042.0,13042.0,13045.5,-2.5,13040.0,INTARIAN_PEPPER_ROOT,8,buy,2,18,18,10,17,44700
34,23,29,28,28,34,23,29,17,19,0.0,-0.35714285714285715,0.0,0.0,0.21428571428571427,0.35714285714285715,R2_297226,13051.0,13050.0,13049.5,13049.5,1.5,13044.0,INTARIAN_PEPPER_ROOT,4,sell,14,14,14,17,17,51400
33,11,27,,12,31,15,27,,30,-0.1111111111111111,0.15384615384615385,0.15384615384615385,0.0,,0.0,R2_297226,13051.0,13052.0,,13052.0,-1.0,13056.0,INTARIAN_PEPPER_ROOT,8,sell,4,18,14,,14,52600
32,9,26,23,20,36,28,26,23,31,-0.38461538461538464,0.2903225806451613,0.0,0.0,0.0,-0.2903225806451613,R2_297226,13067.5,13067.0,13067.0,13068.5,-1.0,13071.0,INTARIAN_PEPPER_ROOT,4,sell,4,15,14,14,17,67600
16,32,30,25,31,30,23,30,25,31,-0.5238095238095238,0.4375,0.4375,0.0,0.0,0.0,R2_297226,13068.5,13069.0,13070.0,13070.0,-1.5,13074.0,INTARIAN_PEPPER_ROOT,5,sell,7,17,14,14,14,70400
14,28,26,29,27,19,28,9,29,8,0.6521739130434783,0.0,0.0,0.0,0.0,0.0,R2_297226,13071.0,13070.5,13071.0,13071.0,0.0,13067.0,INTARIAN_PEPPER_ROOT,3,buy,6,14,15,14,14,71500
11,34,9,26,33,34,34,19,11,28,0.0,-0.2857142857142857,0.0,0.35714285714285715,0.0,0.2857142857142857,R2_297226,13074.0,13071.0,13073.0,13067.5,6.5,13067.0,INTARIAN_PEPPER_ROOT,4,sell,14,14,18,14,3,73700
36,10,24,35,27,36,26,35,35,31,0.0,0.38461538461538464,0.0,-0.37142857142857144,0.0,-0.38461538461538464,R2_297226,13077.0,13078.0,13077.0,13082.0,-5.0,13070.0,INTARIAN_PEPPER_ROOT,3,sell,14,14,18,14,4,77200
35,8,27,31,28,35,25,15,31,28,0.0,0.0,0.0,0.1111111111111111,0.0,0.0,R2_297226,13080.0,13077.5,13080.0,13080.0,0.0,13073.0,INTARIAN_PEPPER_ROOT,5,sell,14,14,17,14,14,80200
27,30,16,30,23,22,30,26,11,31,-0.29411764705882354,0.4838709677419355,0.0,-0.23076923076923078,0.0,-0.4838709677419355,R2_297226,13083.0,13083.5,13083.0,13084.0,-1.0,13086.0,INTARIAN_PEPPER_ROOT,6,sell,4,14,17,14,18,83000
34,18,15,28,32,15,28,23,17,32,-0.3333333333333333,-0.2857142857142857,-0.2857142857142857,-0.30434782608695654,-0.058823529411764705,0.0,R2_297226,13086.0,13085.0,13089.5,13084.0,2.0,13088.0,INTARIAN_PEPPER_ROOT,5,sell,3,18,18,3,14,84400
30,29,18,27,18,35,29,29,27,28,-0.23076923076923078,0.2857142857142857,0.0,-0.2413793103448276,0.0,-0.2857142857142857,R2_297226,13085.0,13085.5,13084.5,13086.0,-1.0,13088.0,INTARIAN_PEPPER_ROOT,5,sell,4,14,17,15,18,84800
30,14,35,,33,22,43,35,,33,0.4666666666666667,0.0,0.0,0.0,,0.0,R2_297226,10003.0,10004.0,,10004.0,-1.0,10001.0,ASH_COATED_OSMIUM,3,buy,8,16,16,,16,85700
41,43,42,25,43,41,15,21,38,43,0.0,0.0,0.0,-0.14285714285714285,-0.3157894736842105,0.0,R2_297226,10001.0,10007.0,10003.0,10002.0,-1.0,10009.0,ASH_COATED_OSMIUM,2,buy,16,16,6,18,16,90700
31,22,29,,32,34,32,20,,32,0.15789473684210525,-0.375,-0.375,0.3793103448275862,,0.0,R2_297226,13093.5,13089.0,,13091.0,2.5,13087.0,INTARIAN_PEPPER_ROOT,5,buy,2,17,18,,14,91700
38,30,32,,17,30,30,32,,17,0.0,0.0,0.0,0.0,,0.0,R2_297226,13095.0,13094.0,,13094.5,0.5,13091.0,INTARIAN_PEPPER_ROOT,1,buy,3,14,14,,21,95100
35,31,11,39,40,14,31,32,39,40,0.0,0.0,0.0,0.0,0.0,0.0,R2_297226,10002.0,10002.0,10002.0,10002.0,0.0,10010.0,ASH_COATED_OSMIUM,3,buy,16,16,16,16,16,95900
43,13,35,31,36,14,36,14,11,36,0.0,0.0,0.0,0.0,0.0,0.0,R2_297226,10001.0,10002.0,10001.0,10001.0,0.0,10010.0,ASH_COATED_OSMIUM,6,buy,16,16,16,16,16,96900
43,13,35,31,36,14,36,14,11,36,0.0,0.0,0.0,0.0,0.0,0.0,R2_297226,10001.0,10002.0,10001.0,10001.0,0.0,10010.0,ASH_COATED_OSMIUM,8,buy,16,16,16,16,16,96900
