timestamp,product,side,size,price,mid_at_fill,edge_at_fill,mid_plus_10,mid_plus_50,mid_plus_200,realized_pnl_fifo,adverse_N4_M20,adverse_N2_M10,adverse_N6_M50,inv_before,inv_after
300,ASH_COATED_OSMIUM,SELL,4,10006.0,10011.0,-5.0,10009.0,10009.0,10002.5,0.0,1,1,1,0,-4
500,INTARIAN_PEPPER_ROOT,BUY,10,13007.0,13000.0,-7.0,13003.0,13007.0,13020.5,0.0,1,1,1,0,10
1400,INTARIAN_PEPPER_ROOT,BUY,10,13008.0,13001.0,-7.0,13002.0,13006.0,13021.0,0.0,1,1,1,10,20
3100,ASH_COATED_OSMIUM,SELL,6,10019.0,10010.5,8.5,10000.0,10008.0,10003.0,0.0,0,0,0,-4,-10
3400,ASH_COATED_OSMIUM,SELL,6,10011.0,10014.0,-3.0,10008.0,10012.0,10003.0,0.0,1,1,1,-10,-16
3400,INTARIAN_PEPPER_ROOT,BUY,11,13010.0,13003.0,-7.0,13006.0,13010.0,13034.0,0.0,1,1,1,20,31
4800,ASH_COATED_OSMIUM,SELL,3,10006.0,10011.5,-5.5,10009.5,10007.0,10003.0,0.0,1,1,1,-16,-19
5600,ASH_COATED_OSMIUM,BUY,8,9999.0,10007.5,8.5,10017.0,10008.0,10002.0,108.0,0,0,0,-19,-11
6400,INTARIAN_PEPPER_ROOT,BUY,4,13000.0,13006.0,6.0,13007.0,13011.0,13026.0,0.0,0,0,0,31,35
7100,ASH_COATED_OSMIUM,SELL,9,10010.0,10013.0,-3.0,10008.0,10007.0,10000.5,0.0,1,0,1,-11,-20
7400,INTARIAN_PEPPER_ROOT,BUY,8,13014.0,13007.0,-7.0,13010.0,13010.5,13027.0,0.0,1,1,1,35,43
7500,ASH_COATED_OSMIUM,SELL,5,10016.0,10007.5,8.5,10010.0,10005.0,9999.0,0.0,0,0,0,-20,-25
8400,ASH_COATED_OSMIUM,SELL,3,10007.0,10012.0,-5.0,10005.0,10004.0,10000.0,0.0,1,1,1,-25,-28
9400,INTARIAN_PEPPER_ROOT,BUY,11,13016.0,13014.5,-1.5,13010.0,13014.0,13029.0,0.0,1,1,1,43,54
9900,ASH_COATED_OSMIUM,SELL,5,10008.0,10008.0,0.0,10007.0,10004.0,9999.0,0.0,1,0,0,-28,-33
10600,ASH_COATED_OSMIUM,SELL,10,10015.0,10008.0,7.0,10004.0,10006.0,10000.0,0.0,0,0,0,-33,-43
11400,INTARIAN_PEPPER_ROOT,BUY,10,13018.0,13011.0,-7.0,13010.5,13016.0,13031.0,0.0,1,1,1,54,64
12300,ASH_COATED_OSMIUM,BUY,6,9998.0,10005.0,7.0,10005.0,10006.0,10000.0,94.0,0,0,0,-43,-37
13400,INTARIAN_PEPPER_ROOT,BUY,8,13020.0,13013.0,-7.0,13014.0,13018.0,13033.0,0.0,1,1,1,64,72
14200,ASH_COATED_OSMIUM,SELL,4,10002.0,10007.0,-5.0,10004.0,10005.0,10002.0,0.0,1,1,1,-37,-41
14600,ASH_COATED_OSMIUM,SELL,4,10011.0,10004.0,7.0,10006.0,10005.0,10000.0,0.0,0,0,0,-41,-45
16800,ASH_COATED_OSMIUM,SELL,7,10008.0,10011.0,-3.0,10006.0,10002.5,10002.0,0.0,0,0,0,-45,-52
17600,ASH_COATED_OSMIUM,SELL,4,10013.0,10006.0,7.0,10005.0,10002.0,10002.0,0.0,0,0,0,-52,-56
18000,ASH_COATED_OSMIUM,BUY,8,9998.0,10005.0,7.0,10005.0,10002.0,10000.0,86.0,0,0,0,-56,-48
19200,ASH_COATED_OSMIUM,SELL,2,10012.0,10005.0,7.0,10004.0,10003.0,10000.0,0.0,0,0,0,-48,-50
19300,ASH_COATED_OSMIUM,SELL,7,10006.0,10009.5,-3.5,10002.5,10003.0,10004.5,0.0,0,0,1,-50,-57
19300,INTARIAN_PEPPER_ROOT,BUY,5,13015.0,13013.5,-1.5,13013.0,13022.5,13050.0,0.0,0,1,0,72,77
19400,ASH_COATED_OSMIUM,SELL,9,10012.0,10005.0,7.0,10003.0,10003.0,9991.0,0.0,0,0,0,-57,-66
19500,ASH_COATED_OSMIUM,BUY,10,9996.0,10004.0,8.0,9999.0,10003.0,10000.5,164.0,0,0,0,-66,-56
20200,INTARIAN_PEPPER_ROOT,BUY,3,13016.0,13014.5,-1.5,13021.0,13026.5,13033.0,0.0,0,1,0,77,80
20300,ASH_COATED_OSMIUM,SELL,2,10011.0,10002.5,8.5,10003.0,10003.0,10001.0,0.0,0,0,0,-56,-58
22000,ASH_COATED_OSMIUM,SELL,6,10005.0,10008.0,-3.0,10002.0,9999.5,10001.0,0.0,1,1,1,-58,-64
22500,ASH_COATED_OSMIUM,BUY,5,9996.0,10003.0,7.0,10005.0,9999.0,10002.0,65.0,0,0,0,-64,-59
22800,INTARIAN_PEPPER_ROOT,SELL,4,13029.0,13021.5,7.5,13024.0,13028.0,13043.0,88.0,1,1,0,80,76
23000,ASH_COATED_OSMIUM,SELL,4,10010.0,10002.0,8.0,9993.0,10000.0,10001.0,0.0,0,0,0,-59,-63
24300,ASH_COATED_OSMIUM,SELL,4,10010.0,10003.0,7.0,10003.0,9999.0,10002.0,0.0,0,1,0,-63,-67
26400,ASH_COATED_OSMIUM,BUY,10,9998.0,9995.5,-2.5,10000.0,10004.5,10002.0,142.0,0,1,0,-67,-57
26500,ASH_COATED_OSMIUM,BUY,5,9998.0,9995.5,-2.5,9999.0,10000.0,10002.0,72.0,0,0,0,-57,-52
28200,ASH_COATED_OSMIUM,SELL,5,10007.0,9999.0,8.0,9999.0,10000.0,10003.0,0.0,0,0,0,-52,-57
28800,ASH_COATED_OSMIUM,BUY,10,9992.0,9999.0,7.0,10000.5,9992.0,10002.0,154.0,0,0,0,-57,-47
28800,INTARIAN_PEPPER_ROOT,SELL,4,13035.0,13029.0,6.0,13030.0,13034.0,13045.0,112.0,0,0,0,76,72
29000,ASH_COATED_OSMIUM,BUY,6,9990.0,9998.0,8.0,9999.0,10002.0,10002.0,118.0,0,0,0,-47,-41
29300,INTARIAN_PEPPER_ROOT,BUY,4,13025.0,13023.5,-1.5,13030.0,13027.0,13051.0,0.0,1,1,0,72,76
34000,INTARIAN_PEPPER_ROOT,BUY,4,13028.0,13035.5,7.5,13025.0,13039.0,13054.0,0.0,0,1,0,76,80
36200,ASH_COATED_OSMIUM,BUY,3,9995.0,10002.0,7.0,10002.5,10001.0,10006.0,53.0,0,0,0,-41,-38
36900,ASH_COATED_OSMIUM,BUY,3,9993.0,10001.0,8.0,10000.0,10002.0,10006.0,45.0,0,0,0,-38,-35
37600,ASH_COATED_OSMIUM,SELL,9,10010.0,10002.0,8.0,10000.0,10002.0,10016.0,0.0,0,0,0,-35,-44
38500,ASH_COATED_OSMIUM,SELL,9,10007.0,10000.0,7.0,10000.5,10000.0,10005.0,0.0,1,1,0,-44,-53
41700,ASH_COATED_OSMIUM,SELL,8,10009.0,10002.0,7.0,10002.0,10001.0,10007.0,0.0,0,0,0,-53,-61
43100,ASH_COATED_OSMIUM,BUY,2,9994.0,10002.5,8.5,10000.0,10003.0,10007.0,24.0,0,0,0,-61,-59
43300,ASH_COATED_OSMIUM,SELL,6,10008.0,10001.0,7.0,10002.0,10002.0,10008.0,0.0,0,0,0,-59,-65
44700,ASH_COATED_OSMIUM,BUY,2,9995.0,10002.0,7.0,10003.5,10002.0,10007.0,22.0,0,0,0,-65,-63
44800,ASH_COATED_OSMIUM,BUY,4,9999.0,9996.5,-2.5,10002.0,10003.5,10006.0,46.0,0,0,0,-63,-59
45300,ASH_COATED_OSMIUM,BUY,6,10000.0,9997.5,-2.5,10001.0,10003.0,10005.0,72.0,0,0,0,-59,-53
48200,ASH_COATED_OSMIUM,BUY,2,9996.0,10003.0,7.0,10002.0,10003.0,10008.0,30.0,0,0,0,-53,-51
48400,ASH_COATED_OSMIUM,BUY,8,9996.0,10004.0,8.0,10002.0,10002.5,10007.0,82.0,0,0,0,-51,-43
49400,ASH_COATED_OSMIUM,SELL,5,10009.0,10002.0,7.0,10002.5,10003.0,10002.0,0.0,0,0,0,-43,-48
51300,ASH_COATED_OSMIUM,BUY,9,9994.0,10002.0,8.0,10003.0,10005.0,10007.0,135.0,0,0,0,-48,-39
53200,INTARIAN_PEPPER_ROOT,SELL,4,13059.0,13053.0,6.0,13055.5,13059.5,13075.0,206.0,0,0,1,80,76
53700,ASH_COATED_OSMIUM,SELL,7,10005.0,10009.5,-4.5,10003.0,10004.0,10007.0,0.0,0,0,1,-39,-46
54000,ASH_COATED_OSMIUM,BUY,6,9997.0,10004.0,7.0,10002.5,9998.0,10006.0,72.0,0,0,0,-46,-40
54300,ASH_COATED_OSMIUM,SELL,4,10010.0,10003.0,7.0,10003.0,10008.0,10007.0,0.0,0,0,1,-40,-44
54800,ASH_COATED_OSMIUM,SELL,10,10010.0,10003.0,7.0,10011.0,10007.0,10005.0,0.0,0,0,1,-44,-54
56400,ASH_COATED_OSMIUM,SELL,9,10007.0,10010.5,-3.5,10006.5,10007.0,10005.0,0.0,1,1,1,-54,-63
57000,ASH_COATED_OSMIUM,SELL,6,10007.0,10010.5,-3.5,10004.0,10006.0,10005.0,0.0,1,1,1,-63,-69
57200,ASH_COATED_OSMIUM,BUY,5,9998.0,10005.0,7.0,10005.0,10006.0,10005.0,60.0,0,0,0,-69,-64
57800,ASH_COATED_OSMIUM,BUY,8,9998.0,10006.0,8.0,9997.0,10006.0,10006.0,72.0,0,0,0,-64,-56
59600,ASH_COATED_OSMIUM,SELL,7,10014.0,10007.0,7.0,10007.0,10005.0,10005.5,0.0,0,0,0,-56,-63
59600,INTARIAN_PEPPER_ROOT,BUY,4,13055.0,13054.0,-1.0,13061.0,13065.0,13080.0,0.0,0,0,0,76,80
62600,ASH_COATED_OSMIUM,SELL,5,10012.0,10005.0,7.0,9996.0,10002.0,10007.0,0.0,0,1,0,-63,-68
65600,ASH_COATED_OSMIUM,SELL,1,10003.0,10009.5,-6.5,10006.0,10006.0,10003.0,0.0,1,1,1,-68,-69
65700,ASH_COATED_OSMIUM,SELL,7,10007.0,10010.5,-3.5,10014.0,10007.0,10003.0,0.0,1,1,1,-69,-76
65800,ASH_COATED_OSMIUM,SELL,2,10013.0,10006.0,7.0,10007.0,9999.0,10003.0,0.0,0,0,0,-76,-78
66400,ASH_COATED_OSMIUM,SELL,2,10003.0,10008.5,-5.5,10007.0,10006.0,10001.0,0.0,1,1,1,-78,-80
68500,ASH_COATED_OSMIUM,BUY,6,10000.0,10007.0,7.0,10006.0,10006.0,10002.0,52.0,0,0,0,-80,-74
68500,INTARIAN_PEPPER_ROOT,SELL,7,13078.0,13070.0,8.0,13069.5,13073.5,13088.5,490.0,0,0,0,80,73
68700,ASH_COATED_OSMIUM,BUY,5,9981.0,10015.0,34.0,10007.0,10007.0,10003.0,138.0,0,0,0,-74,-69
69100,ASH_COATED_OSMIUM,BUY,5,10000.0,10007.0,7.0,10007.0,10014.0,10001.5,41.0,0,1,0,-69,-64
69300,ASH_COATED_OSMIUM,SELL,6,10014.0,10007.0,7.0,10006.0,10007.0,10007.0,0.0,0,0,0,-64,-70
69600,ASH_COATED_OSMIUM,SELL,3,10005.0,10010.5,-5.5,10006.0,10005.0,10003.5,0.0,0,1,1,-70,-73
69800,ASH_COATED_OSMIUM,SELL,7,10021.0,9998.0,23.0,9999.0,10005.0,10004.5,0.0,0,0,0,-73,-80
71000,INTARIAN_PEPPER_ROOT,SELL,7,13077.0,13071.0,6.0,13072.0,13076.0,13092.5,471.0,0,1,0,73,66
71100,ASH_COATED_OSMIUM,BUY,9,10000.0,10007.0,7.0,10006.0,10002.0,10001.0,61.0,0,0,0,-80,-71
72900,ASH_COATED_OSMIUM,BUY,3,9999.0,10006.0,7.0,10006.0,10014.0,10001.0,23.0,0,0,0,-71,-68
73400,INTARIAN_PEPPER_ROOT,BUY,7,13078.0,13080.5,2.5,13068.5,13078.0,13086.0,0.0,1,1,1,66,73
73800,ASH_COATED_OSMIUM,BUY,5,9999.0,10006.0,7.0,10005.0,9997.0,10002.0,55.0,0,0,0,-68,-63
74400,INTARIAN_PEPPER_ROOT,BUY,4,13070.0,13068.5,-1.5,13075.0,13079.0,13094.0,0.0,0,0,0,73,77
75900,ASH_COATED_OSMIUM,SELL,5,10004.0,10009.0,-5.0,10005.0,10008.0,9999.0,0.0,1,1,1,-63,-68
76000,ASH_COATED_OSMIUM,BUY,5,9981.0,10014.0,33.0,10005.0,10009.0,10012.0,145.0,0,0,0,-68,-63
76200,ASH_COATED_OSMIUM,BUY,7,9998.0,10005.0,7.0,10005.0,10008.0,10001.0,72.0,0,0,0,-63,-56
77000,INTARIAN_PEPPER_ROOT,SELL,3,13083.0,13077.0,6.0,13078.0,13089.0,13097.0,219.0,0,0,1,77,74
78100,ASH_COATED_OSMIUM,SELL,9,10008.0,10011.5,-3.5,10007.0,10006.0,10002.0,0.0,1,1,1,-56,-65
78200,ASH_COATED_OSMIUM,SELL,9,10008.0,10011.0,-3.0,10006.0,10007.0,10003.0,0.0,1,0,1,-65,-74
79700,ASH_COATED_OSMIUM,SELL,6,10007.0,10002.0,5.0,10008.0,10003.0,10001.0,0.0,0,0,1,-74,-80
82300,INTARIAN_PEPPER_ROOT,BUY,3,13078.0,13075.0,-3.0,13085.0,13087.0,13109.0,0.0,1,1,0,74,77
87400,ASH_COATED_OSMIUM,BUY,7,9999.0,9996.5,-2.5,10002.0,10002.0,10003.5,56.0,1,1,1,-80,-73
87800,INTARIAN_PEPPER_ROOT,BUY,3,13082.0,13088.0,6.0,13089.0,13093.0,13109.5,0.0,0,0,0,77,80
89300,ASH_COATED_OSMIUM,SELL,4,10004.0,10007.0,-3.0,10002.0,10002.5,10005.0,0.0,0,0,1,-73,-77
90600,INTARIAN_PEPPER_ROOT,SELL,5,13097.0,13091.0,6.0,13092.0,13097.5,13110.5,465.0,0,0,1,80,75
91300,ASH_COATED_OSMIUM,SELL,3,10008.0,10001.0,7.0,10002.0,10001.0,10003.0,0.0,0,0,0,-77,-80
92400,INTARIAN_PEPPER_ROOT,BUY,5,13086.0,13094.0,8.0,13086.0,13095.0,13112.0,0.0,0,0,0,75,80
93300,ASH_COATED_OSMIUM,BUY,2,9994.0,10001.0,7.0,10002.5,10002.0,10009.0,26.0,0,0,0,-80,-78
95200,ASH_COATED_OSMIUM,SELL,2,10011.0,10001.5,9.5,10001.0,10005.5,10002.0,0.0,0,0,0,-78,-80
96900,ASH_COATED_OSMIUM,BUY,5,9995.0,10002.0,7.0,10000.0,10004.0,10001.0,81.0,0,0,0,-80,-75
97300,ASH_COATED_OSMIUM,BUY,3,9995.0,10002.0,7.0,10002.0,10003.0,10001.0,57.0,0,0,0,-75,-72
98200,ASH_COATED_OSMIUM,SELL,7,10003.0,10003.0,0.0,10001.0,10004.0,10001.0,0.0,0,0,1,-72,-79
101700,ASH_COATED_OSMIUM,BUY,9,10000.0,9997.5,-2.5,10002.5,10003.0,10000.0,91.0,0,0,0,-79,-70
104200,ASH_COATED_OSMIUM,SELL,5,10005.0,10008.0,-3.0,10003.0,10005.0,9999.5,0.0,0,0,1,-70,-75
105400,ASH_COATED_OSMIUM,BUY,5,9996.0,10003.0,7.0,10004.0,9996.0,10000.0,55.0,0,0,0,-75,-70
107200,ASH_COATED_OSMIUM,SELL,5,10002.0,10007.0,-5.0,10004.0,10002.0,10000.0,0.0,1,1,1,-70,-75
108000,ASH_COATED_OSMIUM,SELL,4,10002.0,10007.0,-5.0,10016.0,10001.0,9999.0,0.0,1,1,1,-75,-79
108600,INTARIAN_PEPPER_ROOT,SELL,5,13110.0,13106.5,3.5,13110.0,13114.0,13129.0,494.0,0,0,0,80,75
110100,INTARIAN_PEPPER_ROOT,BUY,4,13106.0,13104.5,-1.5,13111.0,13115.0,13130.0,0.0,0,1,0,75,79
111100,ASH_COATED_OSMIUM,SELL,1,10005.0,10008.5,-3.5,10002.0,10001.0,9991.0,0.0,0,0,0,-79,-80
112000,INTARIAN_PEPPER_ROOT,BUY,1,13108.0,13106.5,-1.5,13106.0,13117.0,13132.0,0.0,0,1,0,79,80
112200,INTARIAN_PEPPER_ROOT,SELL,4,13118.0,13112.0,6.0,13113.0,13117.0,13132.0,416.0,1,0,1,80,76
113900,ASH_COATED_OSMIUM,BUY,5,9994.0,10001.0,7.0,10002.5,10000.0,10002.0,76.0,0,0,0,-80,-75
115300,ASH_COATED_OSMIUM,SELL,5,10009.0,10002.0,7.0,10001.0,9998.5,10001.5,0.0,0,0,0,-75,-80
115900,ASH_COATED_OSMIUM,BUY,5,9994.0,10001.0,7.0,10001.0,10000.0,10004.0,100.0,0,0,0,-80,-75
116000,ASH_COATED_OSMIUM,BUY,2,9994.0,10001.0,7.0,10001.0,10001.5,10011.0,22.0,0,0,0,-75,-73
116400,ASH_COATED_OSMIUM,BUY,7,9998.0,9998.0,0.0,10001.0,10000.0,10003.0,145.0,1,1,1,-73,-66
116500,ASH_COATED_OSMIUM,BUY,8,9998.0,9995.5,-2.5,10001.0,9989.0,10004.5,73.0,1,1,1,-66,-58
119900,INTARIAN_PEPPER_ROOT,BUY,4,13114.0,13120.0,6.0,13121.0,13126.5,13140.0,0.0,0,0,0,76,80
122800,ASH_COATED_OSMIUM,SELL,3,10009.0,10003.5,5.5,10000.0,9998.0,10004.0,0.0,0,0,0,-58,-61
123100,ASH_COATED_OSMIUM,SELL,2,10007.0,10000.0,7.0,9999.0,10000.0,10004.0,0.0,0,0,0,-61,-63
123700,ASH_COATED_OSMIUM,BUY,6,9993.0,10001.0,8.0,9999.0,9999.0,9997.0,90.0,1,0,0,-63,-57
124300,ASH_COATED_OSMIUM,BUY,2,9992.0,10000.5,8.5,9999.5,9998.0,10000.5,32.0,0,0,0,-57,-55
124500,ASH_COATED_OSMIUM,BUY,3,10000.0,9995.0,-5.0,9989.0,9999.5,10005.0,24.0,1,1,1,-55,-52
125200,ASH_COATED_OSMIUM,SELL,4,10009.0,10001.0,8.0,9992.0,9999.0,10006.0,0.0,0,0,0,-52,-56
128900,ASH_COATED_OSMIUM,BUY,3,9991.0,9999.0,8.0,10007.0,10002.0,10013.0,51.0,0,0,0,-56,-53
130700,INTARIAN_PEPPER_ROOT,SELL,7,13140.0,13132.5,7.5,13132.0,13137.5,13156.0,868.0,0,0,0,80,73
131300,INTARIAN_PEPPER_ROOT,BUY,5,13127.0,13124.0,-3.0,13132.0,13136.0,13151.0,0.0,0,0,0,73,78
134000,INTARIAN_PEPPER_ROOT,BUY,2,13130.0,13128.5,-1.5,13142.0,13146.0,13154.0,0.0,0,1,0,78,80
134300,ASH_COATED_OSMIUM,SELL,3,10011.0,10002.5,8.5,10001.5,10005.0,10008.0,0.0,0,0,0,-53,-56
136900,ASH_COATED_OSMIUM,BUY,6,9996.0,10000.0,4.0,10004.0,10005.0,10006.0,68.0,0,0,0,-56,-50
138500,INTARIAN_PEPPER_ROOT,SELL,7,13145.0,13138.5,6.5,13139.5,13143.5,13158.5,897.0,0,0,0,80,73
142000,ASH_COATED_OSMIUM,SELL,6,10012.0,10005.0,7.0,10012.0,10004.5,10006.5,0.0,0,0,0,-50,-56
142700,ASH_COATED_OSMIUM,SELL,8,10011.0,10003.0,8.0,9997.0,10007.5,10006.0,0.0,0,0,0,-56,-64
144500,INTARIAN_PEPPER_ROOT,BUY,5,13140.0,13137.0,-3.0,13144.0,13148.0,13166.0,0.0,0,0,0,73,78
145800,ASH_COATED_OSMIUM,BUY,7,9999.0,10006.0,7.0,10006.0,10004.0,10007.0,45.0,1,0,0,-64,-57
146700,INTARIAN_PEPPER_ROOT,BUY,2,13142.0,13141.0,-1.0,13148.0,13153.5,13168.5,0.0,0,0,0,78,80
146900,INTARIAN_PEPPER_ROOT,SELL,4,13153.0,13145.5,7.5,13146.5,13152.0,13168.5,540.0,0,0,0,80,76
147700,ASH_COATED_OSMIUM,SELL,2,10002.0,10007.5,-5.5,10005.0,10006.0,10007.0,0.0,1,1,1,-57,-59
148300,INTARIAN_PEPPER_ROOT,BUY,4,13144.0,13141.0,-3.0,13149.0,13153.0,13168.0,0.0,0,0,0,76,80
149000,ASH_COATED_OSMIUM,SELL,5,10012.0,10005.0,7.0,9999.0,10007.0,10007.0,0.0,0,0,0,-59,-64
149900,ASH_COATED_OSMIUM,SELL,9,10006.0,10009.0,-3.0,10005.0,10006.0,10007.0,0.0,1,1,1,-64,-73
153400,INTARIAN_PEPPER_ROOT,SELL,6,13159.0,13155.0,4.0,13154.0,13156.5,13173.0,840.0,0,1,0,80,74
153700,ASH_COATED_OSMIUM,SELL,5,10005.0,10011.5,-6.5,10008.0,10005.0,10008.0,0.0,1,1,0,-73,-78
153700,INTARIAN_PEPPER_ROOT,SELL,5,13160.0,13154.0,6.0,13155.0,13159.0,13174.0,700.0,0,0,0,74,69
153800,ASH_COATED_OSMIUM,SELL,2,10005.0,10010.0,-5.0,10009.0,10005.0,10016.0,0.0,1,1,0,-78,-80
154500,INTARIAN_PEPPER_ROOT,BUY,5,13157.0,13152.0,-5.0,13157.0,13159.5,13173.0,0.0,0,1,0,69,74
155000,ASH_COATED_OSMIUM,BUY,5,10000.0,10007.0,7.0,10007.0,10004.0,10010.0,41.0,0,0,0,-80,-75
155100,ASH_COATED_OSMIUM,BUY,5,10000.0,10007.0,7.0,10008.0,10003.5,10010.0,15.0,0,0,0,-75,-70
158200,ASH_COATED_OSMIUM,SELL,3,10011.0,10002.5,8.5,10007.0,10005.0,10011.5,0.0,0,1,0,-70,-73
158700,ASH_COATED_OSMIUM,SELL,6,10012.0,10005.0,7.0,10002.5,10011.5,10010.0,0.0,0,1,0,-73,-79
158900,ASH_COATED_OSMIUM,SELL,1,10003.0,10009.5,-6.5,10005.0,10007.0,10010.0,0.0,1,1,1,-79,-80
160500,INTARIAN_PEPPER_ROOT,SELL,3,13167.0,13159.0,8.0,13161.5,13158.0,13180.5,456.0,0,0,0,74,71
164000,INTARIAN_PEPPER_ROOT,BUY,5,13160.0,13158.5,-1.5,13165.0,13170.5,13184.0,0.0,0,0,0,71,76
164200,INTARIAN_PEPPER_ROOT,BUY,4,13158.0,13164.0,6.0,13165.0,13169.0,13184.0,0.0,0,0,0,76,80
165100,ASH_COATED_OSMIUM,BUY,2,10000.0,10008.5,8.5,10008.5,10007.0,10009.0,8.0,0,0,0,-80,-78
167900,ASH_COATED_OSMIUM,SELL,2,10009.0,10012.0,-3.0,10007.0,10008.0,10009.0,0.0,1,1,1,-78,-80
168000,INTARIAN_PEPPER_ROOT,SELL,6,13177.0,13169.5,7.5,13170.5,13171.5,13188.0,959.0,0,0,0,80,74
168700,INTARIAN_PEPPER_ROOT,SELL,7,13175.0,13167.0,8.0,13170.0,13174.0,13189.0,1038.0,0,0,0,74,67
169400,INTARIAN_PEPPER_ROOT,BUY,8,13176.0,13169.0,-7.0,13177.0,13174.0,13189.0,0.0,1,1,1,67,75
170400,ASH_COATED_OSMIUM,BUY,2,10000.0,10007.0,7.0,9999.0,10010.0,10009.5,10.0,0,0,0,-80,-78
171300,INTARIAN_PEPPER_ROOT,BUY,5,13162.0,13171.5,9.5,13172.0,13176.0,13191.0,0.0,0,0,0,75,80
174700,ASH_COATED_OSMIUM,SELL,2,10008.0,10013.0,-5.0,10010.0,10010.0,10010.0,0.0,0,1,1,-78,-80
179600,INTARIAN_PEPPER_ROOT,SELL,7,13186.0,13178.0,8.0,13181.0,13178.0,13201.0,848.0,0,0,0,80,73
179800,INTARIAN_PEPPER_ROOT,BUY,6,13170.0,13178.0,8.0,13179.0,13185.0,13201.5,0.0,0,0,0,73,79
183400,INTARIAN_PEPPER_ROOT,SELL,5,13189.0,13183.0,6.0,13184.0,13188.0,13207.0,563.0,0,0,0,79,74
185800,INTARIAN_PEPPER_ROOT,BUY,4,13180.0,13179.0,-1.0,13187.0,13191.0,13206.0,0.0,0,0,0,74,78
188800,INTARIAN_PEPPER_ROOT,BUY,2,13184.0,13183.0,-1.0,13190.0,13192.0,13209.0,0.0,0,1,0,78,80
191400,INTARIAN_PEPPER_ROOT,SELL,5,13201.0,13193.0,8.0,13192.0,13196.0,13219.0,639.0,0,0,0,80,75
192600,INTARIAN_PEPPER_ROOT,BUY,3,13188.0,13187.0,-1.0,13192.0,13199.5,13212.5,0.0,0,1,0,75,78
193100,ASH_COATED_OSMIUM,BUY,5,10000.0,10007.0,7.0,10006.0,10013.0,9993.0,16.0,0,0,0,-80,-75
194400,INTARIAN_PEPPER_ROOT,BUY,2,13190.0,13187.0,-3.0,13195.0,13201.0,13214.5,0.0,0,1,0,78,80
194600,ASH_COATED_OSMIUM,BUY,2,9999.0,10006.0,7.0,10004.5,10004.0,10005.0,6.0,0,0,0,-75,-73
195400,ASH_COATED_OSMIUM,SELL,6,10014.0,10005.5,8.5,9999.0,10003.0,10005.0,0.0,0,0,0,-73,-79
197200,ASH_COATED_OSMIUM,SELL,1,10006.0,10009.5,-3.5,10005.0,10001.0,10005.0,0.0,1,1,1,-79,-80
197400,INTARIAN_PEPPER_ROOT,SELL,3,13203.0,13197.0,6.0,13198.0,13202.5,13217.5,367.0,0,0,0,80,77
200200,ASH_COATED_OSMIUM,BUY,8,10000.0,9997.5,-2.5,10003.0,10001.0,10000.0,40.0,1,1,1,-80,-72
201800,INTARIAN_PEPPER_ROOT,SELL,5,13208.0,13202.0,6.0,13203.0,13201.0,13216.0,614.0,0,0,1,77,72
202900,ASH_COATED_OSMIUM,BUY,2,9994.0,10001.0,7.0,10001.5,10001.0,9999.0,30.0,0,0,0,-72,-70
203800,INTARIAN_PEPPER_ROOT,BUY,3,13198.0,13204.0,6.0,13205.0,13209.0,13224.0,0.0,1,1,0,72,75
204600,ASH_COATED_OSMIUM,SELL,4,10009.0,10002.0,7.0,10001.0,10001.0,10002.0,0.0,0,0,0,-70,-74
204900,ASH_COATED_OSMIUM,BUY,4,9995.0,10002.0,7.0,10001.0,10003.0,10001.0,54.0,0,0,0,-74,-70
205200,ASH_COATED_OSMIUM,BUY,4,9994.0,10001.0,7.0,10001.0,10004.0,10000.5,58.0,0,0,0,-70,-66
206800,INTARIAN_PEPPER_ROOT,BUY,5,13202.0,13201.0,-1.0,13208.0,13210.0,13227.0,0.0,0,0,0,75,80
210400,ASH_COATED_OSMIUM,SELL,4,10002.0,10008.5,-6.5,10004.0,10005.0,9998.0,0.0,0,1,0,-66,-70
211300,ASH_COATED_OSMIUM,SELL,10,10011.0,10004.0,7.0,10005.0,10005.0,9998.0,0.0,0,0,0,-70,-80
214000,ASH_COATED_OSMIUM,BUY,10,9998.0,10006.0,8.0,9996.0,10004.0,9996.0,134.0,0,1,0,-80,-70
214100,ASH_COATED_OSMIUM,SELL,5,10002.0,10007.5,-5.5,10005.0,10003.0,9994.5,0.0,0,1,1,-70,-75
214300,ASH_COATED_OSMIUM,SELL,2,10012.0,10003.5,8.5,10005.0,10003.0,9996.0,0.0,0,0,0,-75,-77
216200,ASH_COATED_OSMIUM,SELL,3,10002.0,10007.5,-5.5,10005.0,10001.0,9995.5,0.0,1,1,1,-77,-80
219700,INTARIAN_PEPPER_ROOT,SELL,3,13226.0,13227.0,-1.0,13222.5,13225.0,13240.0,380.0,0,0,0,80,77
221800,INTARIAN_PEPPER_ROOT,BUY,3,13217.0,13216.0,-1.0,13223.0,13227.0,13242.0,0.0,0,0,0,77,80
231200,ASH_COATED_OSMIUM,BUY,3,9991.0,9998.0,7.0,9996.0,9995.5,9998.5,60.0,1,0,1,-80,-77
231900,INTARIAN_PEPPER_ROOT,SELL,3,13238.0,13232.0,6.0,13234.5,13237.0,13253.5,394.0,0,0,0,80,77
232700,ASH_COATED_OSMIUM,BUY,2,9997.0,9991.0,-6.0,9997.5,9995.0,9997.0,28.0,0,1,1,-77,-75
234200,ASH_COATED_OSMIUM,SELL,5,10003.0,9996.0,7.0,10000.5,9996.0,9998.0,0.0,0,0,0,-75,-80
236500,ASH_COATED_OSMIUM,BUY,9,9994.0,9991.5,-2.5,9995.0,9996.0,9999.0,139.0,0,0,1,-80,-71
236900,INTARIAN_PEPPER_ROOT,BUY,3,13231.0,13237.0,6.0,13243.0,13242.0,13257.0,0.0,1,1,0,77,80
238400,ASH_COATED_OSMIUM,SELL,2,10002.0,9995.0,7.0,9996.0,9997.0,9999.0,0.0,0,0,0,-71,-73
238500,INTARIAN_PEPPER_ROOT,SELL,6,13245.0,13238.5,6.5,13239.5,13243.5,13266.0,760.0,0,0,0,80,74
238800,INTARIAN_PEPPER_ROOT,BUY,4,13233.0,13239.0,6.0,13238.0,13244.0,13266.0,0.0,0,0,0,74,78
239400,INTARIAN_PEPPER_ROOT,BUY,2,13235.0,13233.5,-1.5,13240.5,13244.5,13259.5,0.0,0,0,0,78,80
239600,ASH_COATED_OSMIUM,BUY,5,9989.0,9996.0,7.0,9995.0,9997.0,9998.5,91.0,0,0,0,-73,-68
240400,ASH_COATED_OSMIUM,BUY,4,9993.0,9990.0,-3.0,9996.5,9995.0,9997.0,52.0,1,1,0,-68,-64
241000,ASH_COATED_OSMIUM,BUY,4,9998.0,9993.5,-4.5,9998.0,9996.5,9997.0,29.0,1,1,1,-64,-60
243100,INTARIAN_PEPPER_ROOT,SELL,7,13253.0,13245.0,8.0,13244.0,13248.0,13265.0,850.0,0,0,0,80,73
243300,ASH_COATED_OSMIUM,BUY,5,9998.0,9992.0,-6.0,9996.0,9997.0,9999.0,41.0,1,1,1,-60,-55
243900,ASH_COATED_OSMIUM,BUY,9,9995.0,9992.0,-3.0,9996.0,9997.5,10004.0,142.0,0,0,1,-55,-46
247000,ASH_COATED_OSMIUM,BUY,4,9996.0,9991.5,-4.5,9996.0,9997.5,9999.0,50.0,1,1,1,-46,-42
247100,ASH_COATED_OSMIUM,SELL,9,10002.0,9995.0,7.0,9996.0,9997.0,9999.0,0.0,0,0,0,-42,-51
247600,INTARIAN_PEPPER_ROOT,SELL,3,13254.0,13247.5,6.5,13248.5,13252.5,13267.5,342.0,0,0,0,73,70
248300,INTARIAN_PEPPER_ROOT,BUY,5,13244.0,13241.0,-3.0,13249.0,13253.5,13270.0,0.0,0,0,0,70,75
249300,ASH_COATED_OSMIUM,BUY,5,9981.0,10006.0,25.0,9996.0,9998.0,9997.0,165.0,0,0,0,-51,-46
251200,INTARIAN_PEPPER_ROOT,BUY,5,13247.0,13245.5,-1.5,13252.0,13253.5,13273.0,0.0,1,0,0,75,80
253200,ASH_COATED_OSMIUM,BUY,5,9990.0,9997.0,7.0,9998.0,10000.0,9997.0,97.0,0,0,0,-46,-41
254500,ASH_COATED_OSMIUM,BUY,2,9999.0,9994.5,-4.5,9998.0,9998.0,9998.5,13.0,1,1,1,-41,-39
254600,ASH_COATED_OSMIUM,BUY,5,9999.0,9994.5,-4.5,9999.0,9998.5,9997.0,33.0,0,0,1,-39,-34
256800,ASH_COATED_OSMIUM,BUY,5,9992.0,10000.5,8.5,9999.0,9998.0,9999.0,95.0,0,0,0,-34,-29
257800,ASH_COATED_OSMIUM,BUY,2,9992.0,9999.0,7.0,10000.5,9992.0,9998.0,38.0,0,0,0,-29,-27
258900,ASH_COATED_OSMIUM,SELL,2,10006.0,9999.0,7.0,9998.0,10004.0,10000.0,0.0,0,0,0,-27,-29
259000,ASH_COATED_OSMIUM,BUY,5,10000.0,9995.5,-4.5,9996.5,10000.0,9998.5,19.0,1,1,1,-29,-24
259700,ASH_COATED_OSMIUM,BUY,5,10000.0,9995.0,-5.0,9996.0,10001.0,9998.5,30.0,1,1,1,-24,-19
261200,ASH_COATED_OSMIUM,BUY,3,9991.0,9998.0,7.0,10002.0,10000.0,9998.0,35.0,0,0,0,-19,-16
262300,INTARIAN_PEPPER_ROOT,SELL,5,13268.0,13262.0,6.0,13263.0,13267.0,13280.5,624.0,0,0,0,80,75
264400,ASH_COATED_OSMIUM,BUY,3,9993.0,10001.0,8.0,9999.0,10002.5,9995.0,30.0,0,0,0,-16,-13
268600,ASH_COATED_OSMIUM,SELL,2,10004.0,9997.0,7.0,9997.5,9989.0,9995.0,0.0,0,0,0,-13,-15
269200,ASH_COATED_OSMIUM,BUY,6,9987.0,9996.5,9.5,9999.0,9997.0,10006.0,90.0,0,0,0,-15,-9
269300,INTARIAN_PEPPER_ROOT,BUY,5,13265.0,13263.5,-1.5,13270.0,13272.5,13287.5,0.0,0,0,0,75,80
270600,ASH_COATED_OSMIUM,BUY,3,9990.0,9997.0,7.0,9998.5,10001.5,9995.0,36.0,0,0,0,-9,-6
272500,ASH_COATED_OSMIUM,BUY,5,9999.0,9994.0,-5.0,9997.0,9999.0,9996.0,25.0,1,1,1,-6,-1
273700,ASH_COATED_OSMIUM,SELL,3,10004.0,9997.0,7.0,9997.0,9999.0,9996.0,0.0,0,0,0,-1,-4
276900,ASH_COATED_OSMIUM,BUY,8,9996.0,9992.0,-4.0,9999.0,9999.0,10000.5,32.0,1,1,1,-4,4
280000,ASH_COATED_OSMIUM,BUY,7,9994.0,9991.5,-2.5,9998.0,9996.0,9996.0,0.0,1,1,0,4,11
280300,ASH_COATED_OSMIUM,SELL,8,10004.0,9997.0,7.0,9997.0,9996.0,9997.5,72.0,0,1,0,11,3
283600,ASH_COATED_OSMIUM,BUY,4,9994.0,9991.5,-2.5,9997.5,9995.0,9995.0,0.0,0,0,0,3,7
285200,ASH_COATED_OSMIUM,SELL,6,10002.0,9995.0,7.0,9996.0,9987.0,9997.5,48.0,0,0,0,7,1
285300,ASH_COATED_OSMIUM,BUY,10,9989.0,9996.0,7.0,9996.0,9995.0,9996.0,0.0,0,0,0,1,11
286600,ASH_COATED_OSMIUM,BUY,2,9997.0,9992.5,-4.5,9996.0,9997.5,9998.0,0.0,1,1,1,11,13
288300,ASH_COATED_OSMIUM,BUY,6,9993.0,9990.5,-2.5,9995.0,9996.0,9999.0,0.0,1,1,1,13,19
288700,INTARIAN_PEPPER_ROOT,SELL,7,13295.0,13289.0,6.0,13288.0,13295.5,13309.0,976.0,0,0,1,80,73
291500,INTARIAN_PEPPER_ROOT,BUY,4,13285.0,13291.5,6.5,13292.5,13295.0,13311.5,0.0,0,0,0,73,77
294800,INTARIAN_PEPPER_ROOT,BUY,3,13285.0,13293.0,8.0,13296.0,13300.0,13313.0,0.0,0,0,0,77,80
295700,ASH_COATED_OSMIUM,SELL,7,10002.0,9998.0,4.0,9990.5,9997.0,9991.0,86.0,0,1,0,19,12
296700,ASH_COATED_OSMIUM,BUY,6,9993.0,9990.5,-2.5,9995.0,9999.0,10003.0,0.0,0,0,0,12,18
298600,ASH_COATED_OSMIUM,BUY,6,9989.0,9996.0,7.0,9997.0,9995.0,10002.0,0.0,0,0,0,18,24
298600,ASH_COATED_OSMIUM,SELL,6,10003.0,9996.0,7.0,9997.0,9995.0,10002.0,68.0,0,0,0,24,18
298700,ASH_COATED_OSMIUM,SELL,6,10003.0,9996.0,7.0,9996.0,9996.5,10003.0,60.0,0,0,0,18,12
300700,ASH_COATED_OSMIUM,SELL,6,10005.0,9997.0,8.0,9999.0,9995.5,10002.0,72.0,0,0,0,12,6
300800,INTARIAN_PEPPER_ROOT,SELL,3,13307.0,13301.0,6.0,13302.0,13306.0,13321.0,441.0,1,1,1,80,77
300900,ASH_COATED_OSMIUM,BUY,2,9998.0,9993.5,-4.5,9997.0,9996.5,10010.0,0.0,1,1,1,6,8
303500,ASH_COATED_OSMIUM,BUY,2,9997.0,9992.5,-4.5,9996.5,9999.0,10003.0,0.0,1,1,1,8,10
303500,ASH_COATED_OSMIUM,BUY,8,9989.0,9992.5,3.5,9996.5,9999.0,10003.0,0.0,0,1,0,10,18
303800,ASH_COATED_OSMIUM,BUY,2,9997.0,9992.0,-5.0,9995.0,9999.0,10004.5,0.0,1,1,1,18,20
304800,ASH_COATED_OSMIUM,SELL,5,10003.0,9995.0,8.0,9988.0,9998.0,10001.0,70.0,0,0,0,20,15
305000,ASH_COATED_OSMIUM,BUY,5,9981.0,10004.0,23.0,9997.0,9997.0,10002.0,0.0,0,0,0,15,20
305800,INTARIAN_PEPPER_ROOT,SELL,6,13312.0,13306.0,6.0,13310.5,13309.0,13327.5,904.0,0,0,0,77,71
307100,ASH_COATED_OSMIUM,BUY,8,9996.0,10000.0,4.0,9999.0,9999.0,10002.0,0.0,0,0,0,20,28
308200,ASH_COATED_OSMIUM,BUY,6,9992.0,9999.0,7.0,9999.0,9999.0,10002.0,0.0,0,0,0,28,34
308400,ASH_COATED_OSMIUM,SELL,4,10006.0,9999.0,7.0,10000.0,10000.0,10003.0,42.0,0,0,0,34,30
308600,ASH_COATED_OSMIUM,BUY,5,9992.0,9999.0,7.0,9998.0,10001.5,10004.0,0.0,0,0,0,30,35
309100,ASH_COATED_OSMIUM,BUY,3,9992.0,10000.0,8.0,9998.0,10000.5,10004.0,0.0,0,0,0,35,38
310800,ASH_COATED_OSMIUM,BUY,4,9992.0,9999.0,7.0,9999.0,9998.5,10003.5,0.0,0,0,0,38,42
313400,ASH_COATED_OSMIUM,BUY,5,9993.0,10000.0,7.0,10001.0,9996.5,10001.0,0.0,0,0,0,42,47
314500,INTARIAN_PEPPER_ROOT,BUY,4,13310.0,13308.5,-1.5,13315.5,13319.5,13334.5,0.0,0,0,0,71,75
315200,ASH_COATED_OSMIUM,BUY,3,9994.0,10001.0,7.0,10001.0,10000.0,10001.0,0.0,0,1,0,47,50
316300,INTARIAN_PEPPER_ROOT,BUY,4,13310.0,13316.0,6.0,13317.5,13321.0,13334.5,0.0,0,0,0,75,79
318000,INTARIAN_PEPPER_ROOT,BUY,1,13312.0,13318.0,6.0,13319.0,13323.0,13338.0,0.0,0,0,0,79,80
318400,ASH_COATED_OSMIUM,BUY,6,9999.0,9996.5,-2.5,10004.0,10003.0,9998.5,0.0,1,0,0,50,56
318400,INTARIAN_PEPPER_ROOT,SELL,6,13325.0,13318.5,6.5,13319.5,13316.0,13338.5,894.0,1,1,0,80,74
319400,INTARIAN_PEPPER_ROOT,SELL,5,13329.0,13319.5,9.5,13320.5,13324.5,13339.5,821.0,0,0,0,74,69
322400,ASH_COATED_OSMIUM,SELL,4,10005.0,10008.0,-3.0,10003.0,10010.0,10004.0,56.0,0,0,1,56,52
322600,INTARIAN_PEPPER_ROOT,BUY,3,13313.0,13321.0,8.0,13331.0,13335.0,13342.5,0.0,0,0,0,69,72
323600,ASH_COATED_OSMIUM,SELL,5,10010.0,10003.0,7.0,10002.0,10004.0,10003.0,105.0,0,0,0,52,47
323800,ASH_COATED_OSMIUM,SELL,2,10013.0,10004.5,8.5,10001.0,10005.0,10003.0,32.0,0,0,0,47,45
325300,ASH_COATED_OSMIUM,BUY,6,9995.0,10002.0,7.0,10004.0,10002.0,10003.5,0.0,0,0,0,45,51
325700,ASH_COATED_OSMIUM,BUY,6,9995.0,10002.0,7.0,10003.0,10002.0,10003.0,0.0,0,0,0,51,57
326500,ASH_COATED_OSMIUM,SELL,5,10010.0,10003.0,7.0,10002.0,10001.0,10003.0,145.0,0,0,0,57,52
327100,INTARIAN_PEPPER_ROOT,BUY,6,13321.0,13329.0,8.0,13335.0,13332.0,13347.0,0.0,0,0,0,72,78
327500,INTARIAN_PEPPER_ROOT,SELL,4,13337.0,13329.0,8.0,13321.0,13325.0,13347.5,676.0,0,0,0,78,74
327900,ASH_COATED_OSMIUM,BUY,3,9996.0,10003.0,7.0,10004.0,9999.0,10005.5,0.0,0,0,0,52,55
328500,ASH_COATED_OSMIUM,SELL,5,10011.0,10004.0,7.0,10004.0,10001.0,10000.0,75.0,0,0,0,55,50
328500,INTARIAN_PEPPER_ROOT,BUY,4,13324.0,13321.0,-3.0,13329.5,13333.5,13338.0,0.0,0,0,0,74,78
329500,INTARIAN_PEPPER_ROOT,BUY,2,13323.0,13329.5,6.5,13330.5,13334.5,13349.5,0.0,0,0,0,78,80
332200,INTARIAN_PEPPER_ROOT,SELL,7,13338.0,13332.0,6.0,13333.0,13337.0,13352.0,1136.0,0,0,1,80,73
332300,INTARIAN_PEPPER_ROOT,SELL,6,13338.0,13330.5,7.5,13335.0,13335.5,13352.0,906.0,0,0,1,73,67
333100,ASH_COATED_OSMIUM,SELL,7,10002.0,10005.0,-3.0,10001.0,10002.5,10008.0,58.0,1,0,1,50,43
333100,INTARIAN_PEPPER_ROOT,BUY,4,13329.0,13327.5,-1.5,13336.0,13336.5,13353.0,0.0,1,1,1,67,71
334900,ASH_COATED_OSMIUM,SELL,6,10011.0,10003.0,8.0,9996.0,10000.0,10002.0,114.0,0,0,0,43,37
335300,INTARIAN_PEPPER_ROOT,BUY,3,13331.0,13329.5,-1.5,13334.5,13340.0,13355.0,0.0,0,1,0,71,74
335900,ASH_COATED_OSMIUM,BUY,4,9999.0,9996.0,-3.0,10001.0,9995.0,10001.0,0.0,0,0,0,37,41
336300,ASH_COATED_OSMIUM,SELL,2,10008.0,10001.0,7.0,10000.5,10004.0,10002.0,32.0,0,0,0,41,39
337700,ASH_COATED_OSMIUM,SELL,8,10009.0,10002.0,7.0,10002.0,10003.0,10003.0,134.0,0,0,0,39,31
338500,ASH_COATED_OSMIUM,SELL,8,10003.0,10006.5,-3.5,10001.0,10003.0,10003.0,65.0,0,0,1,31,23
339500,ASH_COATED_OSMIUM,SELL,5,10008.0,10001.0,7.0,10004.0,10003.0,9999.0,49.0,0,0,0,23,18
339900,ASH_COATED_OSMIUM,BUY,3,9992.0,10000.0,8.0,9995.0,10003.0,10002.0,0.0,0,0,0,18,21
340800,INTARIAN_PEPPER_ROOT,SELL,4,13347.0,13339.0,8.0,13342.0,13344.0,13359.0,604.0,0,0,0,74,70
341100,INTARIAN_PEPPER_ROOT,SELL,6,13347.0,13341.0,6.0,13340.5,13346.5,13361.0,855.0,0,0,0,70,64
341500,ASH_COATED_OSMIUM,SELL,5,10006.0,10009.0,-3.0,10004.0,10003.0,10004.0,55.0,0,0,0,21,16
341500,ASH_COATED_OSMIUM,SELL,4,10011.0,10009.0,2.0,10004.0,10003.0,10004.0,64.0,0,0,0,16,12
341900,ASH_COATED_OSMIUM,SELL,3,10002.0,10007.5,-5.5,10006.0,10004.0,10004.0,20.0,1,1,1,12,9
342000,INTARIAN_PEPPER_ROOT,BUY,6,13337.0,13336.0,-1.0,13345.0,13347.0,13362.0,0.0,0,0,0,64,70
343200,ASH_COATED_OSMIUM,BUY,2,9997.0,10005.5,8.5,10003.0,10004.0,10004.0,0.0,0,0,0,9,11
343500,INTARIAN_PEPPER_ROOT,SELL,4,13351.0,13336.0,15.0,13344.5,13338.0,13363.5,508.0,0,0,0,70,66
344200,INTARIAN_PEPPER_ROOT,BUY,4,13349.0,13348.0,-1.0,13345.0,13347.5,13364.0,0.0,1,1,1,66,70
344700,ASH_COATED_OSMIUM,BUY,3,9996.0,10003.0,7.0,10003.0,9997.5,10005.0,0.0,0,0,0,11,14
346100,ASH_COATED_OSMIUM,BUY,3,9996.0,10004.0,8.0,10005.5,10002.0,10006.0,0.0,0,0,0,14,17
346900,ASH_COATED_OSMIUM,BUY,5,9997.0,10004.0,7.0,10005.5,10001.0,10000.5,0.0,0,0,0,17,22
346900,ASH_COATED_OSMIUM,SELL,10,10011.0,10004.0,7.0,10005.5,10001.0,10000.5,149.0,0,0,0,22,12
348800,ASH_COATED_OSMIUM,BUY,5,9996.0,10003.0,7.0,10003.0,10000.0,10007.0,0.0,0,0,0,12,17
348900,ASH_COATED_OSMIUM,SELL,4,10002.0,10007.0,-5.0,10001.5,10001.0,10008.5,23.0,0,1,1,17,13
348900,INTARIAN_PEPPER_ROOT,SELL,3,13355.0,13349.0,6.0,13351.5,13354.0,13369.0,368.0,0,0,0,70,67
349300,INTARIAN_PEPPER_ROOT,BUY,12,13351.0,13346.5,-4.5,13350.0,13354.0,13369.0,0.0,0,1,1,67,79
349600,ASH_COATED_OSMIUM,SELL,3,10010.0,10003.0,7.0,10001.0,10003.0,10000.0,42.0,0,0,0,13,10
349700,ASH_COATED_OSMIUM,BUY,9,10000.0,9997.5,-2.5,10000.5,10002.5,10009.0,0.0,1,1,1,10,19
350000,INTARIAN_PEPPER_ROOT,BUY,1,13340.0,13348.0,8.0,13351.0,13353.0,13370.0,0.0,0,0,0,79,80
350400,ASH_COATED_OSMIUM,BUY,5,9996.0,10003.0,7.0,10002.0,10002.0,10009.0,0.0,1,1,0,19,24
351600,INTARIAN_PEPPER_ROOT,SELL,7,13358.0,13350.0,8.0,13352.5,13356.5,13370.0,838.0,0,0,1,80,73
353300,INTARIAN_PEPPER_ROOT,BUY,7,13347.0,13346.0,-1.0,13354.0,13358.0,13371.5,0.0,0,0,0,73,80
353400,ASH_COATED_OSMIUM,SELL,5,10010.0,10001.5,8.5,9993.0,10002.0,10007.0,65.0,0,0,0,24,19
354700,ASH_COATED_OSMIUM,BUY,5,9993.0,10002.5,9.5,10001.0,10002.0,10001.5,0.0,0,0,0,19,24
355700,ASH_COATED_OSMIUM,BUY,5,9994.0,10001.0,7.0,10002.0,10003.0,10005.0,0.0,0,0,0,24,29
357500,ASH_COATED_OSMIUM,BUY,10,9999.0,9996.5,-2.5,10003.0,10002.0,10003.0,0.0,1,0,1,29,39
359000,ASH_COATED_OSMIUM,SELL,5,10021.0,9993.0,28.0,10002.0,10005.0,10006.0,125.0,0,0,0,39,34
363900,ASH_COATED_OSMIUM,SELL,4,10003.0,10008.0,-5.0,9997.0,10008.5,10005.0,12.0,1,1,1,34,30
363900,INTARIAN_PEPPER_ROOT,SELL,3,13370.0,13362.0,8.0,13357.0,13369.0,13384.0,375.0,0,0,0,80,77
364400,ASH_COATED_OSMIUM,SELL,3,10003.0,10008.0,-5.0,10006.0,10009.5,10002.5,9.0,1,1,1,30,27
364900,INTARIAN_PEPPER_ROOT,BUY,3,13360.0,13357.0,-3.0,13365.5,13370.0,13384.5,0.0,0,1,0,77,80
365600,ASH_COATED_OSMIUM,SELL,5,10008.0,10011.0,-3.0,10005.0,10009.0,10004.0,52.0,1,0,1,27,22
365800,ASH_COATED_OSMIUM,SELL,4,10014.0,10007.0,7.0,10005.0,10010.5,10003.0,78.0,0,0,0,22,18
366900,ASH_COATED_OSMIUM,BUY,6,9999.0,10000.5,1.5,10007.5,10009.0,10004.0,0.0,0,0,0,18,24
367100,ASH_COATED_OSMIUM,BUY,2,9981.0,10014.0,33.0,10007.0,10008.0,10004.0,0.0,0,0,0,24,26
367400,ASH_COATED_OSMIUM,SELL,2,10003.0,10008.5,-5.5,10007.0,10008.0,10004.0,20.0,1,1,1,26,24
368400,ASH_COATED_OSMIUM,SELL,10,10014.0,10007.0,7.0,10009.5,10007.0,9996.0,181.0,0,0,0,24,14
369900,ASH_COATED_OSMIUM,SELL,4,10015.0,10008.0,7.0,10009.5,10003.5,10004.0,64.0,0,0,0,14,10
370800,ASH_COATED_OSMIUM,SELL,2,10005.0,10010.5,-5.5,10008.0,10005.0,10005.0,12.0,1,1,1,10,8
371300,INTARIAN_PEPPER_ROOT,SELL,6,13377.0,13371.0,6.0,13370.5,13369.0,13391.0,744.0,1,1,0,80,74
371600,ASH_COATED_OSMIUM,SELL,5,10021.0,10000.0,21.0,10007.0,10003.0,10005.0,110.0,0,0,0,8,3
371700,ASH_COATED_OSMIUM,SELL,2,10006.0,10011.0,-5.0,10009.5,10003.0,10006.5,32.0,0,1,1,3,1
372000,ASH_COATED_OSMIUM,SELL,8,10015.0,10008.0,7.0,10008.0,10003.0,10005.0,34.0,0,0,0,1,-7
372800,INTARIAN_PEPPER_ROOT,BUY,6,13367.0,13373.0,6.0,13374.0,13378.0,13394.5,0.0,0,0,0,74,80
375300,ASH_COATED_OSMIUM,SELL,6,10012.0,10005.0,7.0,10004.5,10002.0,10002.0,0.0,0,0,0,-7,-13
376100,ASH_COATED_OSMIUM,SELL,4,10002.0,10007.5,-5.5,10004.5,10003.5,10005.0,0.0,0,1,1,-13,-17
378300,ASH_COATED_OSMIUM,BUY,4,9981.0,10014.0,33.0,10007.0,10007.0,10004.0,136.0,0,0,0,-17,-13
379700,ASH_COATED_OSMIUM,BUY,6,9999.0,10006.0,7.0,10007.0,10004.0,10002.0,87.0,0,0,0,-13,-7
382000,ASH_COATED_OSMIUM,SELL,6,10013.0,10006.0,7.0,10006.0,10004.0,10003.0,0.0,0,0,0,-7,-13
382500,ASH_COATED_OSMIUM,SELL,2,10003.0,10008.0,-5.0,10006.0,10004.0,10004.0,0.0,1,1,1,-13,-15
383900,ASH_COATED_OSMIUM,SELL,7,10012.0,10005.0,7.0,10003.0,10006.0,10003.5,0.0,0,0,0,-15,-22
384200,ASH_COATED_OSMIUM,BUY,10,9997.0,10004.0,7.0,10002.5,10005.0,10003.0,113.0,0,0,0,-22,-12
385300,ASH_COATED_OSMIUM,SELL,9,10005.0,10008.5,-3.5,10002.5,10005.0,10007.5,0.0,1,0,1,-12,-21
386900,ASH_COATED_OSMIUM,BUY,5,9997.0,10004.0,7.0,10005.0,10005.0,10003.0,60.0,0,0,0,-21,-16
387800,ASH_COATED_OSMIUM,SELL,4,10002.0,10007.5,-5.5,10006.0,10005.0,10002.0,0.0,1,1,1,-16,-20
389100,ASH_COATED_OSMIUM,SELL,7,10007.0,10010.0,-3.0,10005.0,10003.0,10001.0,0.0,1,1,1,-20,-27
389400,ASH_COATED_OSMIUM,SELL,3,10012.0,10005.0,7.0,10005.0,10004.0,10002.0,0.0,0,0,0,-27,-30
389500,ASH_COATED_OSMIUM,BUY,6,9998.0,10005.0,7.0,10005.0,10004.0,10002.5,84.0,0,0,0,-30,-24
390100,ASH_COATED_OSMIUM,SELL,5,10012.0,10005.0,7.0,10006.5,10003.0,10001.0,0.0,0,0,0,-24,-29
391000,ASH_COATED_OSMIUM,SELL,6,10012.0,10005.0,7.0,10005.0,10004.0,10002.0,0.0,0,0,0,-29,-35
391800,ASH_COATED_OSMIUM,SELL,3,10003.0,10009.5,-6.5,10005.0,10005.0,10002.0,0.0,1,1,1,-35,-38
392000,ASH_COATED_OSMIUM,SELL,8,10012.0,10005.0,7.0,10004.0,10002.0,10002.0,0.0,0,0,0,-38,-46
392500,ASH_COATED_OSMIUM,SELL,5,10003.0,10008.0,-5.0,10004.0,10006.0,10001.0,0.0,0,1,1,-46,-51
394600,ASH_COATED_OSMIUM,BUY,7,9997.0,10004.0,7.0,10003.0,10005.0,10000.0,63.0,0,0,0,-51,-44
394800,ASH_COATED_OSMIUM,SELL,5,10002.0,10007.0,-5.0,10006.0,10007.0,10002.0,0.0,1,1,1,-44,-49
394900,ASH_COATED_OSMIUM,SELL,5,10002.0,10007.0,-5.0,10005.0,10002.0,9999.5,0.0,1,1,1,-49,-54
396100,ASH_COATED_OSMIUM,BUY,5,9998.0,10005.0,7.0,10005.0,10004.0,9998.0,29.0,0,0,0,-54,-49
396800,ASH_COATED_OSMIUM,BUY,4,9998.0,10005.0,7.0,10004.0,10002.5,9999.0,26.0,0,0,0,-49,-45
397500,INTARIAN_PEPPER_ROOT,SELL,6,13404.0,13397.5,6.5,13398.5,13402.5,13417.5,774.0,0,0,0,80,74
398400,INTARIAN_PEPPER_ROOT,BUY,6,13394.0,13392.5,-1.5,13398.0,13405.0,13420.0,0.0,0,0,0,74,80
398600,ASH_COATED_OSMIUM,SELL,8,10006.0,10010.5,-4.5,10005.0,10002.0,10000.5,0.0,1,1,1,-45,-53
399000,ASH_COATED_OSMIUM,SELL,2,10002.0,10008.5,-6.5,10010.0,10007.5,9998.5,0.0,1,1,1,-53,-55
400000,ASH_COATED_OSMIUM,SELL,9,10007.0,10010.0,-3.0,10004.0,10004.0,9992.0,0.0,1,0,1,-55,-64
400500,ASH_COATED_OSMIUM,SELL,3,10002.0,10008.5,-6.5,10004.0,10003.0,10007.0,0.0,1,1,1,-64,-67
404000,ASH_COATED_OSMIUM,BUY,5,10000.0,10007.5,7.5,10004.0,10001.0,9992.0,35.0,1,1,1,-67,-62
404000,ASH_COATED_OSMIUM,SELL,7,10004.0,10007.5,-3.5,10004.0,10001.0,9992.0,0.0,0,0,1,-62,-69
404000,INTARIAN_PEPPER_ROOT,SELL,4,13410.0,13404.0,6.0,13398.0,13409.0,13424.0,500.0,0,0,0,80,76
404700,INTARIAN_PEPPER_ROOT,SELL,5,13411.0,13404.5,6.5,13405.5,13409.5,13424.5,505.0,0,1,0,76,71
405000,ASH_COATED_OSMIUM,BUY,5,9997.0,10004.0,7.0,10003.0,10001.0,10004.0,75.0,1,1,0,-69,-64
405300,ASH_COATED_OSMIUM,SELL,5,10004.0,10007.5,-3.5,9995.0,10001.0,10003.0,0.0,1,0,1,-64,-69
408100,ASH_COATED_OSMIUM,SELL,5,10004.0,10004.0,0.0,10001.0,10001.5,10003.0,0.0,0,0,0,-69,-74
408600,ASH_COATED_OSMIUM,SELL,6,10008.0,10001.0,7.0,10001.0,10003.5,10003.0,0.0,0,0,0,-74,-80
409700,INTARIAN_PEPPER_ROOT,BUY,5,13403.0,13409.5,6.5,13412.0,13413.0,13428.0,0.0,0,0,0,71,76
413600,ASH_COATED_OSMIUM,BUY,7,9999.0,10003.5,4.5,10000.0,10000.5,10005.0,91.0,1,0,1,-80,-73
415600,ASH_COATED_OSMIUM,BUY,9,9992.0,10000.5,8.5,9998.0,9999.0,10006.0,153.0,0,0,0,-73,-64
416800,ASH_COATED_OSMIUM,BUY,8,9992.0,9999.0,7.0,9999.0,10001.0,10002.5,124.0,0,0,0,-64,-56
419500,ASH_COATED_OSMIUM,BUY,9,9990.0,9999.5,9.5,10007.0,10003.0,9998.5,109.0,0,0,0,-56,-47
420400,ASH_COATED_OSMIUM,BUY,4,9993.0,10000.0,7.0,10001.5,10003.0,10004.5,44.0,0,0,0,-47,-43
423800,ASH_COATED_OSMIUM,SELL,7,10004.0,10008.5,-4.5,10003.0,10003.0,10001.5,0.0,0,0,0,-43,-50
424700,ASH_COATED_OSMIUM,BUY,6,9996.0,10003.0,7.0,10003.0,10003.0,10002.0,60.0,0,0,0,-50,-44
425100,ASH_COATED_OSMIUM,SELL,4,10010.0,10003.0,7.0,10005.0,10003.0,10002.5,0.0,0,0,0,-44,-48
428300,ASH_COATED_OSMIUM,BUY,3,9994.0,10003.5,9.5,10004.5,10005.0,10003.0,29.0,0,0,0,-48,-45
428300,ASH_COATED_OSMIUM,SELL,5,10013.0,10003.5,9.5,10004.5,10005.0,10003.0,0.0,0,0,0,-45,-50
429300,ASH_COATED_OSMIUM,BUY,2,9996.0,10004.5,8.5,10004.0,10004.0,10003.5,22.0,0,0,0,-50,-48
430200,ASH_COATED_OSMIUM,BUY,8,9997.0,10004.0,7.0,9999.5,10005.5,10001.0,70.0,0,0,0,-48,-40
430900,INTARIAN_PEPPER_ROOT,SELL,5,13437.0,13431.0,6.0,13430.0,13436.0,13451.0,630.0,0,0,0,76,71
431200,INTARIAN_PEPPER_ROOT,SELL,4,13437.0,13431.0,6.0,13432.0,13436.0,13451.0,480.0,0,0,0,71,67
431900,ASH_COATED_OSMIUM,BUY,5,9997.0,10004.0,7.0,10004.0,10003.0,10001.0,33.0,0,0,0,-40,-35
434600,INTARIAN_PEPPER_ROOT,BUY,9,13437.0,13432.0,-5.0,13435.5,13439.5,13456.0,0.0,1,1,1,67,76
434700,ASH_COATED_OSMIUM,BUY,5,9997.0,10000.5,3.5,10004.0,9999.0,9998.0,35.0,0,0,0,-35,-30
435300,INTARIAN_PEPPER_ROOT,BUY,4,13431.0,13429.5,-1.5,13435.0,13440.5,13463.0,0.0,0,0,0,76,80
435500,ASH_COATED_OSMIUM,SELL,9,10010.0,10003.0,7.0,10004.0,9999.0,9996.0,0.0,0,0,0,-30,-39
438500,ASH_COATED_OSMIUM,SELL,5,10007.0,10000.0,7.0,9998.5,10002.0,9998.0,0.0,0,0,0,-39,-44
440500,INTARIAN_PEPPER_ROOT,SELL,5,13450.0,13442.0,8.0,13441.5,13438.0,13459.0,642.0,0,0,0,80,75
441700,INTARIAN_PEPPER_ROOT,SELL,3,13448.0,13441.5,6.5,13442.5,13446.5,13461.5,372.0,1,0,0,75,72
444100,INTARIAN_PEPPER_ROOT,SELL,3,13450.0,13444.0,6.0,13443.5,13449.0,13464.0,375.0,0,0,1,72,69
444300,INTARIAN_PEPPER_ROOT,BUY,7,13440.0,13437.0,-3.0,13445.5,13449.5,13466.0,0.0,0,0,0,69,76
445400,INTARIAN_PEPPER_ROOT,SELL,6,13452.0,13445.5,6.5,13446.5,13450.5,13465.5,732.0,0,0,1,76,70
446800,ASH_COATED_OSMIUM,SELL,6,10004.0,10007.0,-3.0,10010.0,10002.0,9999.0,0.0,1,1,1,-44,-50
446800,ASH_COATED_OSMIUM,SELL,9,10009.0,10007.0,2.0,10010.0,10002.0,9999.0,0.0,0,0,0,-50,-59
446900,INTARIAN_PEPPER_ROOT,SELL,6,13453.0,13454.0,-1.0,13446.0,13452.0,13465.0,696.0,1,0,1,70,64
447000,ASH_COATED_OSMIUM,BUY,6,9995.0,10002.0,7.0,10001.5,10007.0,9998.0,54.0,0,0,0,-59,-53
450900,ASH_COATED_OSMIUM,SELL,2,10007.0,10000.0,7.0,10001.0,9997.0,10000.5,0.0,0,0,0,-53,-55
451500,INTARIAN_PEPPER_ROOT,BUY,6,13454.0,13449.0,-5.0,13451.0,13456.5,13471.5,0.0,1,1,1,64,70
453500,INTARIAN_PEPPER_ROOT,BUY,8,13449.0,13446.0,-3.0,13453.0,13458.5,13473.5,0.0,0,0,0,70,78
455200,INTARIAN_PEPPER_ROOT,BUY,2,13451.0,13449.5,-1.5,13456.0,13460.0,13475.0,0.0,0,0,0,78,80
455700,ASH_COATED_OSMIUM,SELL,5,10004.0,9997.0,7.0,9999.0,9998.0,9999.0,0.0,0,0,0,-55,-60
456000,ASH_COATED_OSMIUM,BUY,4,9991.0,9998.0,7.0,10006.0,9999.0,9998.5,60.0,0,0,0,-60,-56
456400,ASH_COATED_OSMIUM,BUY,5,10000.0,9995.0,-5.0,9998.0,10000.5,9999.5,36.0,1,1,1,-56,-51
457400,ASH_COATED_OSMIUM,BUY,3,9991.0,9998.0,7.0,9998.0,10000.0,9998.5,39.0,0,0,0,-51,-48
457500,ASH_COATED_OSMIUM,BUY,2,10000.0,9995.5,-4.5,9998.0,9999.0,9998.0,8.0,0,1,1,-48,-46
459100,ASH_COATED_OSMIUM,BUY,2,9991.0,9998.0,7.0,10007.0,9999.0,10001.5,32.0,0,0,0,-46,-44
462600,ASH_COATED_OSMIUM,BUY,6,9992.0,9999.0,7.0,10000.0,9999.0,9997.0,117.0,0,0,0,-44,-38
463300,ASH_COATED_OSMIUM,BUY,10,9992.0,9999.0,7.0,9991.0,10004.0,9995.0,186.0,0,0,0,-38,-28
463800,ASH_COATED_OSMIUM,BUY,10,9981.0,10008.0,27.0,10000.0,9992.0,9993.5,251.0,0,0,0,-28,-18
464000,ASH_COATED_OSMIUM,BUY,6,9992.0,9999.0,7.0,10000.0,9999.0,9995.0,92.0,0,0,0,-18,-12
465100,ASH_COATED_OSMIUM,SELL,3,10007.0,10002.5,4.5,10000.5,10000.0,9995.0,0.0,0,0,0,-12,-15
465400,INTARIAN_PEPPER_ROOT,SELL,7,13472.0,13465.5,6.5,13468.0,13476.0,13487.0,855.0,1,1,0,80,73
467400,INTARIAN_PEPPER_ROOT,SELL,3,13475.0,13460.0,15.0,13470.0,13472.5,13487.5,372.0,0,0,0,73,70
468000,INTARIAN_PEPPER_ROOT,BUY,3,13463.0,13462.0,-1.0,13469.0,13473.0,13488.0,0.0,0,0,0,70,73
468600,ASH_COATED_OSMIUM,SELL,2,10006.0,9999.0,7.0,10003.0,9999.0,9990.0,0.0,0,0,0,-15,-17
468800,ASH_COATED_OSMIUM,BUY,9,9996.0,9992.0,-4.0,10000.0,9999.0,9994.0,103.0,0,0,0,-17,-8
469300,INTARIAN_PEPPER_ROOT,BUY,6,13465.0,13463.5,-1.5,13470.5,13474.5,13489.5,0.0,0,1,0,73,79
469600,INTARIAN_PEPPER_ROOT,BUY,1,13465.0,13463.5,-1.5,13470.5,13474.5,13489.5,0.0,0,1,0,79,80
471600,ASH_COATED_OSMIUM,BUY,4,9994.0,10002.0,8.0,9999.0,9998.0,9993.0,43.0,0,0,0,-8,-4
472300,ASH_COATED_OSMIUM,SELL,3,10007.0,10000.0,7.0,9991.0,9997.0,9993.5,0.0,0,0,0,-4,-7
472800,ASH_COATED_OSMIUM,BUY,8,9997.0,9994.0,-3.0,9999.0,9989.0,9993.5,68.0,1,1,1,-7,1
473900,ASH_COATED_OSMIUM,BUY,9,9997.0,9994.0,-3.0,10002.0,9997.0,9995.0,0.0,1,1,1,1,10
474700,INTARIAN_PEPPER_ROOT,SELL,4,13481.0,13474.5,6.5,13475.5,13479.5,13494.5,520.0,0,0,0,80,76
475000,ASH_COATED_OSMIUM,BUY,7,9997.0,9993.0,-4.0,9998.5,9987.0,9994.0,0.0,1,1,1,10,17
475600,ASH_COATED_OSMIUM,BUY,8,9996.0,9993.0,-3.0,9998.0,9993.5,9994.0,0.0,0,0,1,17,25
477700,INTARIAN_PEPPER_ROOT,BUY,4,13471.0,13477.5,6.5,13478.5,13482.5,13497.5,0.0,0,0,0,76,80
480200,ASH_COATED_OSMIUM,BUY,6,9988.0,9995.0,7.0,9996.0,9994.0,9995.0,0.0,0,0,0,25,31
480900,ASH_COATED_OSMIUM,BUY,6,9988.0,9995.0,7.0,9995.0,9994.0,9993.5,0.0,0,0,0,31,37
481100,ASH_COATED_OSMIUM,BUY,2,9997.0,9991.0,-6.0,9997.0,9994.0,9996.0,0.0,0,1,1,37,39
481600,ASH_COATED_OSMIUM,BUY,4,9989.0,9996.0,7.0,9997.0,9995.0,9995.0,0.0,0,0,0,39,43
481800,ASH_COATED_OSMIUM,SELL,3,10003.0,9996.0,7.0,9995.0,9994.5,9994.5,18.0,0,0,0,43,40
482000,ASH_COATED_OSMIUM,BUY,7,9988.0,9996.0,8.0,9995.0,9992.5,9996.0,0.0,0,0,0,40,47
482300,ASH_COATED_OSMIUM,SELL,3,10003.0,9996.0,7.0,9995.0,9993.0,9989.0,18.0,0,0,0,47,44
482600,INTARIAN_PEPPER_ROOT,SELL,4,13489.0,13482.5,6.5,13483.5,13486.0,13502.5,567.0,1,1,0,80,76
483000,ASH_COATED_OSMIUM,BUY,5,9988.0,9995.0,7.0,9995.0,9992.5,9997.0,0.0,0,0,1,44,49
483100,ASH_COATED_OSMIUM,SELL,5,10002.0,9995.0,7.0,9996.0,9992.0,9997.0,25.0,0,0,0,49,44
483200,INTARIAN_PEPPER_ROOT,BUY,4,13477.0,13483.0,6.0,13484.0,13490.0,13503.0,0.0,0,0,0,76,80
484300,ASH_COATED_OSMIUM,BUY,3,9996.0,9991.0,-5.0,9994.0,9994.0,9997.0,0.0,0,1,1,44,47
487400,ASH_COATED_OSMIUM,BUY,5,9995.0,9990.0,-5.0,10001.0,9995.0,10000.0,0.0,1,1,1,47,52
488100,ASH_COATED_OSMIUM,BUY,5,9984.0,9992.0,8.0,9995.0,9995.0,9999.0,0.0,0,0,0,52,57
488600,ASH_COATED_OSMIUM,BUY,5,9996.0,9990.0,-6.0,9994.0,9996.0,10000.0,0.0,1,1,1,57,62
488800,ASH_COATED_OSMIUM,BUY,7,9987.0,9994.0,7.0,9994.0,9996.0,9999.0,0.0,0,0,0,62,69
489200,ASH_COATED_OSMIUM,BUY,5,9992.0,9989.5,-2.5,9995.0,9995.5,9999.0,0.0,0,0,1,69,74
490000,ASH_COATED_OSMIUM,BUY,5,9997.0,9992.0,-5.0,9994.0,9994.0,9999.0,0.0,1,1,1,74,79
490100,ASH_COATED_OSMIUM,BUY,1,9997.0,9992.0,-5.0,9994.0,9994.0,9998.0,0.0,1,1,1,79,80
494600,ASH_COATED_OSMIUM,SELL,3,10004.0,9996.0,8.0,9994.0,9995.0,10002.0,21.0,0,0,0,80,77
495700,ASH_COATED_OSMIUM,BUY,3,9988.0,9995.0,7.0,9995.0,9995.0,10003.0,0.0,0,0,0,77,80
499500,ASH_COATED_OSMIUM,SELL,3,10002.0,9995.0,7.0,9994.5,9999.0,10002.0,15.0,0,0,0,80,77
502900,ASH_COATED_OSMIUM,BUY,3,9990.0,9997.0,7.0,9996.0,10000.0,10003.0,0.0,0,1,0,77,80
506100,ASH_COATED_OSMIUM,SELL,2,10021.0,9988.0,33.0,10001.5,10002.0,10002.5,50.0,0,0,0,80,78
508500,ASH_COATED_OSMIUM,BUY,2,9992.0,9999.0,7.0,9999.0,10002.0,10004.0,0.0,0,0,0,78,80
510200,ASH_COATED_OSMIUM,SELL,5,10021.0,9991.0,30.0,10000.0,10003.0,10001.5,125.0,0,0,0,80,75
510200,INTARIAN_PEPPER_ROOT,SELL,4,13517.0,13503.0,14.0,13511.0,13515.0,13530.0,680.0,0,0,1,80,76
512300,ASH_COATED_OSMIUM,SELL,2,10007.0,10000.0,7.0,10002.0,10003.0,9999.5,30.0,0,0,0,75,73
512700,INTARIAN_PEPPER_ROOT,SELL,3,13522.0,13514.0,8.0,13513.5,13517.5,13532.5,512.0,0,0,0,76,73
513700,ASH_COATED_OSMIUM,BUY,5,9995.0,10002.0,7.0,10002.5,10002.0,9998.0,0.0,0,0,0,73,78
514300,ASH_COATED_OSMIUM,SELL,7,10003.0,10006.5,-3.5,10003.0,10002.0,10000.5,105.0,1,1,1,78,71
514700,ASH_COATED_OSMIUM,BUY,5,9993.0,10002.5,9.5,10003.0,10002.0,9994.5,0.0,0,0,0,71,76
516800,INTARIAN_PEPPER_ROOT,BUY,5,13512.0,13509.0,-3.0,13519.5,13522.0,13537.0,0.0,0,0,0,73,78
517600,ASH_COATED_OSMIUM,SELL,5,10005.0,10008.0,-3.0,10003.0,10003.0,9994.0,76.0,1,0,1,76,71
517700,INTARIAN_PEPPER_ROOT,BUY,2,13511.0,13517.5,6.5,13518.5,13522.5,13537.5,0.0,0,0,0,78,80
518700,INTARIAN_PEPPER_ROOT,SELL,6,13525.0,13518.5,6.5,13521.0,13525.0,13538.5,962.0,0,0,0,80,74
520200,ASH_COATED_OSMIUM,BUY,6,9999.0,9996.5,-2.5,10002.0,10002.0,9995.0,0.0,1,1,0,71,77
520500,INTARIAN_PEPPER_ROOT,BUY,4,13516.0,13514.5,-1.5,13521.5,13518.0,13540.5,0.0,0,0,0,74,78
520500,INTARIAN_PEPPER_ROOT,BUY,2,13514.0,13514.5,0.5,13521.5,13518.0,13540.5,0.0,0,0,0,78,80
522100,ASH_COATED_OSMIUM,SELL,4,10002.0,10007.0,-5.0,10002.0,10003.0,9996.0,44.0,1,1,1,77,73
522100,ASH_COATED_OSMIUM,SELL,5,10011.0,10007.0,4.0,10002.0,10003.0,9996.0,114.0,0,0,0,73,68
522900,INTARIAN_PEPPER_ROOT,SELL,6,13529.0,13523.0,6.0,13524.0,13521.0,13541.0,864.0,0,0,0,80,74
523100,INTARIAN_PEPPER_ROOT,SELL,7,13529.0,13521.0,8.0,13524.0,13526.0,13536.0,900.0,0,0,0,74,67
523300,ASH_COATED_OSMIUM,SELL,4,10004.0,10008.5,-4.5,10003.5,10004.0,9997.0,64.0,0,0,0,68,64
523500,ASH_COATED_OSMIUM,SELL,5,10010.0,10003.0,7.0,10002.0,10004.0,9997.0,102.0,0,0,0,64,59
523700,ASH_COATED_OSMIUM,BUY,8,10000.0,10000.0,0.0,10000.5,10004.0,9997.0,0.0,1,1,1,59,67
524400,ASH_COATED_OSMIUM,SELL,3,10009.0,10002.0,7.0,10003.0,10001.0,9994.5,40.0,0,0,0,67,64
525700,ASH_COATED_OSMIUM,BUY,6,9997.0,10004.0,7.0,10003.0,10001.0,9997.0,0.0,0,0,0,64,70
526800,ASH_COATED_OSMIUM,BUY,10,10000.0,9997.5,-2.5,10003.0,9999.0,9998.0,0.0,1,0,1,70,80
529400,INTARIAN_PEPPER_ROOT,BUY,4,13534.0,13535.0,1.0,13530.5,13534.5,13548.0,0.0,1,1,1,67,71
529500,ASH_COATED_OSMIUM,SELL,9,10002.0,10005.5,-3.5,10000.0,9996.0,9994.0,118.0,0,0,0,80,71
530000,INTARIAN_PEPPER_ROOT,BUY,6,13525.0,13524.0,-1.0,13531.0,13535.0,13550.0,0.0,0,0,0,71,77
530400,ASH_COATED_OSMIUM,SELL,5,10007.0,10000.0,7.0,9999.0,9995.0,9997.0,55.0,0,0,0,71,66
530500,ASH_COATED_OSMIUM,BUY,2,9993.0,10000.0,7.0,9999.0,9994.0,9997.0,0.0,0,1,0,66,68
531700,INTARIAN_PEPPER_ROOT,SELL,4,13538.0,13530.0,8.0,13532.5,13536.5,13550.0,404.0,0,0,0,77,73
531800,ASH_COATED_OSMIUM,SELL,4,10006.0,9999.0,7.0,9998.0,9994.0,9998.0,76.0,0,0,0,68,64
531900,ASH_COATED_OSMIUM,BUY,4,10000.0,9995.0,-5.0,9997.5,9994.0,9995.0,0.0,0,1,1,64,68
534000,ASH_COATED_OSMIUM,BUY,10,9995.0,9992.0,-3.0,9988.0,9996.0,9996.0,0.0,1,1,1,68,78
534100,INTARIAN_PEPPER_ROOT,BUY,3,13530.0,13528.5,-1.5,13535.0,13541.0,13554.0,0.0,0,0,0,73,76
534500,INTARIAN_PEPPER_ROOT,SELL,4,13541.0,13533.0,8.0,13537.0,13541.0,13554.5,416.0,0,0,0,76,72
534800,ASH_COATED_OSMIUM,BUY,2,9997.0,9992.0,-5.0,9998.5,9995.0,9997.5,0.0,1,1,1,78,80
537900,INTARIAN_PEPPER_ROOT,BUY,6,13533.0,13532.0,-1.0,13539.0,13541.0,13558.0,0.0,0,0,0,72,78
540700,INTARIAN_PEPPER_ROOT,BUY,2,13536.0,13534.5,-1.5,13541.5,13545.5,13553.0,0.0,0,0,0,78,80
541700,INTARIAN_PEPPER_ROOT,SELL,5,13548.0,13541.5,6.5,13542.5,13546.5,13561.5,579.0,0,0,1,80,75
542000,ASH_COATED_OSMIUM,SELL,10,10003.0,9995.0,8.0,9997.0,9999.5,10000.0,115.0,1,0,0,80,70
543600,ASH_COATED_OSMIUM,BUY,5,9994.0,9991.5,-2.5,9996.5,9997.0,9998.5,0.0,1,1,0,70,75
543600,ASH_COATED_OSMIUM,BUY,5,9990.0,9991.5,1.5,9996.5,9997.0,9998.5,0.0,0,0,0,75,80
544300,INTARIAN_PEPPER_ROOT,BUY,4,13540.0,13538.5,-1.5,13547.5,13549.5,13564.5,0.0,0,0,0,75,79
544300,INTARIAN_PEPPER_ROOT,BUY,1,13538.0,13538.5,0.5,13547.5,13549.5,13564.5,0.0,0,0,0,79,80
546100,ASH_COATED_OSMIUM,SELL,3,10007.0,9998.5,8.5,9998.0,9992.0,10003.0,30.0,0,0,0,80,77
547900,ASH_COATED_OSMIUM,BUY,2,9988.0,9996.0,8.0,9999.0,9997.5,10006.0,0.0,0,0,0,77,79
547900,ASH_COATED_OSMIUM,BUY,1,9988.0,9996.0,8.0,9999.0,9997.5,10006.0,0.0,0,0,0,79,80
554300,INTARIAN_PEPPER_ROOT,SELL,5,13561.0,13553.0,8.0,13554.0,13559.5,13573.0,605.0,0,0,0,80,75
555500,INTARIAN_PEPPER_ROOT,SELL,3,13562.0,13563.0,-1.0,13556.5,13560.5,13575.5,352.0,0,0,0,75,72
556400,ASH_COATED_OSMIUM,SELL,3,10003.0,9996.0,7.0,9988.0,10001.0,10001.0,36.0,0,0,0,80,77
556900,ASH_COATED_OSMIUM,SELL,2,10003.0,9996.0,7.0,9997.0,10000.0,10001.0,28.0,0,1,0,77,75
557200,INTARIAN_PEPPER_ROOT,BUY,4,13553.0,13551.5,-1.5,13558.0,13562.0,13575.5,0.0,0,0,0,72,76
558600,ASH_COATED_OSMIUM,SELL,3,10006.0,9998.0,8.0,9997.0,9998.5,10000.5,46.0,0,0,0,75,72
559000,ASH_COATED_OSMIUM,BUY,2,9998.0,9993.5,-4.5,9998.0,10001.5,9995.0,0.0,1,1,1,72,74
562000,ASH_COATED_OSMIUM,SELL,9,10007.0,10000.0,7.0,10001.5,10003.0,10000.0,117.0,0,0,0,74,65
562100,INTARIAN_PEPPER_ROOT,BUY,3,13556.0,13562.0,6.0,13563.0,13567.0,13582.0,0.0,0,0,0,76,79
562600,ASH_COATED_OSMIUM,BUY,5,10000.0,10005.0,5.0,9998.5,9999.0,9991.0,0.0,1,1,1,65,70
562600,ASH_COATED_OSMIUM,SELL,5,10002.0,10005.0,-3.0,9998.5,9999.0,9991.0,27.0,1,0,1,70,65
562700,ASH_COATED_OSMIUM,BUY,7,9998.0,9995.0,-3.0,9999.0,9998.0,9999.0,0.0,1,0,1,65,72
563500,INTARIAN_PEPPER_ROOT,BUY,1,13559.0,13557.5,-1.5,13572.0,13568.5,13582.0,0.0,0,0,0,79,80
563900,ASH_COATED_OSMIUM,BUY,8,9996.0,9992.0,-4.0,10000.0,9997.0,9999.0,0.0,1,1,1,72,80
572800,ASH_COATED_OSMIUM,SELL,9,10007.0,10000.0,7.0,9999.0,10002.0,9999.0,66.0,0,0,0,80,71
572900,ASH_COATED_OSMIUM,SELL,7,10006.0,9998.0,8.0,9999.0,10002.0,10000.0,57.0,0,0,0,71,64
573700,ASH_COATED_OSMIUM,BUY,4,9993.0,10001.0,8.0,10001.0,10000.0,10000.5,0.0,0,0,0,64,68
574500,ASH_COATED_OSMIUM,SELL,2,10002.0,9996.0,6.0,9999.0,9998.5,9999.0,7.0,1,0,1,68,66
578400,ASH_COATED_OSMIUM,SELL,7,10011.0,10003.0,8.0,10000.0,9997.5,10002.0,77.0,0,0,0,66,59
579000,ASH_COATED_OSMIUM,BUY,5,9998.0,9995.0,-3.0,10008.0,9998.5,10002.0,0.0,1,0,1,59,64
581000,ASH_COATED_OSMIUM,SELL,5,10002.0,10005.5,-3.5,10000.0,10007.0,10010.0,24.0,1,1,1,64,59
581200,ASH_COATED_OSMIUM,BUY,8,9998.0,9995.0,-3.0,10001.0,10007.0,10004.0,0.0,1,0,1,59,67
582300,ASH_COATED_OSMIUM,BUY,5,9993.0,10001.5,8.5,9999.0,10000.0,10010.0,0.0,0,1,0,67,72
583400,ASH_COATED_OSMIUM,BUY,6,9989.0,9997.5,8.5,10000.0,9999.0,9996.0,0.0,0,0,0,72,78
586400,ASH_COATED_OSMIUM,BUY,2,9993.0,10000.0,7.0,9998.5,10000.0,10003.0,0.0,0,0,0,78,80
586600,ASH_COATED_OSMIUM,SELL,5,10006.0,9999.0,7.0,10000.0,9999.0,10003.0,40.0,0,0,0,80,75
588900,ASH_COATED_OSMIUM,BUY,5,9997.0,9993.0,-4.0,10001.5,9996.5,10001.0,0.0,0,0,0,75,80
592900,INTARIAN_PEPPER_ROOT,SELL,4,13599.0,13591.0,8.0,13594.0,13598.0,13607.0,580.0,0,0,0,80,76
594400,ASH_COATED_OSMIUM,SELL,6,10006.0,9998.0,8.0,10000.0,10001.0,9999.0,66.0,0,0,0,80,74
594900,INTARIAN_PEPPER_ROOT,BUY,4,13590.0,13589.0,-1.0,13594.0,13600.0,13615.0,0.0,0,0,0,76,80
595100,ASH_COATED_OSMIUM,BUY,2,9990.0,9998.5,8.5,10002.0,10001.0,10000.0,0.0,0,0,0,74,76
596600,INTARIAN_PEPPER_ROOT,SELL,7,13606.0,13598.0,8.0,13596.0,13600.0,13618.0,1094.0,0,0,1,80,73
596800,ASH_COATED_OSMIUM,BUY,4,9993.0,10000.0,7.0,10009.0,10002.0,10000.0,0.0,0,0,0,76,80
597200,INTARIAN_PEPPER_ROOT,BUY,7,13593.0,13591.5,-1.5,13598.0,13602.5,13617.5,0.0,0,0,0,73,80
603000,ASH_COATED_OSMIUM,SELL,9,10010.0,10003.0,7.0,9993.0,10002.0,10002.0,136.0,0,0,0,80,71
603400,ASH_COATED_OSMIUM,BUY,4,10000.0,9996.0,-4.0,10001.5,10003.0,10002.0,0.0,1,1,1,71,75
604200,ASH_COATED_OSMIUM,BUY,5,9998.0,9995.5,-2.5,10002.0,9997.5,10001.0,0.0,1,1,0,75,80
604600,ASH_COATED_OSMIUM,SELL,5,10021.0,9993.0,28.0,9995.0,10000.0,10002.0,155.0,0,0,0,80,75
604900,ASH_COATED_OSMIUM,BUY,5,9996.0,10003.0,7.0,10003.0,10009.0,10002.5,0.0,0,0,0,75,80
605800,ASH_COATED_OSMIUM,SELL,9,10010.0,10003.0,7.0,10005.0,10001.0,10001.0,130.0,0,0,0,80,71
606900,ASH_COATED_OSMIUM,BUY,5,9994.0,10002.5,8.5,10002.0,9989.0,10000.0,0.0,0,0,0,71,76
607100,ASH_COATED_OSMIUM,SELL,5,10004.0,10007.5,-3.5,10003.0,10001.0,9993.0,28.0,0,0,0,76,71
607200,ASH_COATED_OSMIUM,BUY,5,10000.0,9997.0,-3.0,10006.5,9999.5,9999.0,0.0,1,1,1,71,76
607800,ASH_COATED_OSMIUM,BUY,4,10000.0,9996.0,-4.0,10000.5,10001.5,9999.0,0.0,0,0,1,76,80
608200,ASH_COATED_OSMIUM,SELL,5,10003.0,10006.5,-3.5,9997.5,9999.0,9999.0,29.0,1,0,1,80,75
608600,ASH_COATED_OSMIUM,SELL,4,10002.0,9998.5,3.5,10000.0,10000.0,9998.0,24.0,1,0,1,75,71
609000,ASH_COATED_OSMIUM,BUY,5,9991.0,9999.5,8.5,10001.0,9999.0,9997.0,0.0,0,0,0,71,76
609300,ASH_COATED_OSMIUM,BUY,4,9993.0,10001.0,8.0,10000.0,9999.0,9997.0,0.0,0,0,0,76,80
616800,ASH_COATED_OSMIUM,SELL,7,10007.0,10000.0,7.0,10001.0,10000.0,9997.0,87.0,0,0,0,80,73
617800,ASH_COATED_OSMIUM,BUY,5,9994.0,10001.0,7.0,10001.0,10001.0,9997.0,0.0,0,0,0,73,78
618500,ASH_COATED_OSMIUM,BUY,2,9994.0,10001.0,7.0,10001.0,10000.5,9994.0,0.0,0,0,0,78,80
619900,ASH_COATED_OSMIUM,SELL,7,10002.0,10006.5,-4.5,10001.0,10002.5,9994.5,28.0,0,0,1,80,73
620600,ASH_COATED_OSMIUM,SELL,4,10008.0,10000.0,8.0,10001.0,10001.0,9993.0,40.0,0,0,0,73,69
621700,ASH_COATED_OSMIUM,BUY,10,9994.0,10001.0,7.0,10003.5,9999.0,9993.0,0.0,0,0,0,69,79
622300,INTARIAN_PEPPER_ROOT,SELL,4,13629.0,13615.0,14.0,13631.0,13627.5,13642.5,716.0,0,1,0,80,76
624800,INTARIAN_PEPPER_ROOT,SELL,5,13631.0,13624.5,6.5,13625.5,13628.0,13644.5,836.0,0,0,0,76,71
626100,INTARIAN_PEPPER_ROOT,BUY,5,13616.0,13624.0,8.0,13627.0,13624.0,13646.0,0.0,0,0,0,71,76
627100,ASH_COATED_OSMIUM,BUY,1,9997.0,9993.0,-4.0,10008.0,9998.0,9993.0,0.0,1,0,1,79,80
627200,INTARIAN_PEPPER_ROOT,SELL,4,13634.0,13627.5,6.5,13630.0,13634.0,13645.5,676.0,0,0,0,76,72
628300,INTARIAN_PEPPER_ROOT,BUY,7,13624.0,13622.5,-1.5,13631.0,13632.0,13648.5,0.0,0,1,0,72,79
629500,INTARIAN_PEPPER_ROOT,BUY,1,13623.0,13629.5,6.5,13629.0,13634.5,13649.5,0.0,0,0,0,79,80
634100,ASH_COATED_OSMIUM,SELL,8,10006.0,9998.0,8.0,9998.0,9994.0,9998.0,107.0,0,0,0,80,72
634300,ASH_COATED_OSMIUM,BUY,5,9998.0,9993.5,-4.5,9990.0,9994.0,9998.0,0.0,1,1,1,72,77
635900,ASH_COATED_OSMIUM,SELL,3,10004.0,9997.0,7.0,9996.0,9994.0,9988.0,45.0,0,0,0,77,74
639400,ASH_COATED_OSMIUM,BUY,3,9995.0,9989.0,-6.0,9994.5,9991.0,9991.0,0.0,1,1,1,74,77
644300,ASH_COATED_OSMIUM,BUY,3,9993.0,9987.0,-6.0,9991.0,10000.5,10009.0,0.0,1,1,1,77,80
645400,ASH_COATED_OSMIUM,SELL,2,10021.0,9981.0,40.0,9991.0,9997.0,9999.0,60.0,0,0,0,80,78
645700,ASH_COATED_OSMIUM,BUY,2,9984.0,9991.0,7.0,9990.0,9995.5,9996.0,0.0,0,0,0,78,80
645700,INTARIAN_PEPPER_ROOT,SELL,5,13653.0,13638.0,15.0,13646.5,13650.5,13673.0,916.0,0,0,0,80,75
648800,INTARIAN_PEPPER_ROOT,BUY,5,13642.0,13648.5,6.5,13649.5,13653.5,13670.5,0.0,0,0,0,75,80
651000,INTARIAN_PEPPER_ROOT,SELL,6,13657.0,13651.0,6.0,13652.0,13656.0,13671.0,1010.0,0,1,0,80,74
651500,INTARIAN_PEPPER_ROOT,SELL,7,13658.0,13651.5,6.5,13652.5,13656.5,13673.0,1016.0,0,0,0,74,67
652100,INTARIAN_PEPPER_ROOT,BUY,6,13648.0,13646.5,-1.5,13655.0,13659.0,13670.0,0.0,0,0,0,67,73
652600,ASH_COATED_OSMIUM,SELL,8,10005.0,9998.0,7.0,9998.0,9999.0,9995.0,82.0,0,0,0,80,72
653400,ASH_COATED_OSMIUM,BUY,4,9991.0,9998.0,7.0,9998.0,9999.0,9993.0,0.0,0,0,0,72,76
654300,INTARIAN_PEPPER_ROOT,BUY,7,13650.0,13648.5,-1.5,13655.5,13659.5,13674.5,0.0,1,1,0,73,80
654400,INTARIAN_PEPPER_ROOT,SELL,7,13661.0,13654.5,6.5,13655.5,13661.0,13674.5,965.0,0,0,0,80,73
654800,ASH_COATED_OSMIUM,BUY,3,9992.0,9999.0,7.0,9999.0,9999.0,9994.0,0.0,1,0,0,76,79
655100,ASH_COATED_OSMIUM,BUY,1,9997.0,9994.0,-3.0,10001.0,9998.0,9992.0,0.0,1,1,1,79,80
661100,ASH_COATED_OSMIUM,SELL,5,10003.0,10006.0,-3.0,9998.5,9998.0,9988.0,43.0,0,0,1,80,75
661600,ASH_COATED_OSMIUM,BUY,5,9998.0,9995.5,-2.5,10000.0,10007.0,9985.0,0.0,1,1,1,75,80
663700,INTARIAN_PEPPER_ROOT,BUY,5,13657.0,13663.5,6.5,13664.5,13668.5,13683.5,0.0,0,0,0,73,78
665900,INTARIAN_PEPPER_ROOT,BUY,2,13660.0,13666.0,6.0,13665.0,13671.0,13686.0,0.0,0,0,0,78,80
666100,INTARIAN_PEPPER_ROOT,SELL,4,13672.0,13666.0,6.0,13667.0,13671.0,13686.0,579.0,0,0,1,80,76
666500,INTARIAN_PEPPER_ROOT,BUY,4,13662.0,13660.5,-1.5,13667.5,13673.0,13686.5,0.0,0,1,0,76,80
667100,ASH_COATED_OSMIUM,SELL,6,10008.0,10000.0,8.0,9997.0,9991.5,9995.0,54.0,0,0,0,80,74
668000,ASH_COATED_OSMIUM,BUY,4,9996.0,10000.0,4.0,9997.0,9993.0,9996.0,0.0,1,1,1,74,78
668500,ASH_COATED_OSMIUM,BUY,2,9998.0,9993.5,-4.5,9997.0,9994.5,9995.0,0.0,1,1,1,78,80
669300,ASH_COATED_OSMIUM,SELL,6,10004.0,9997.0,7.0,9996.0,9993.5,9995.5,44.0,0,0,0,80,74
671800,ASH_COATED_OSMIUM,BUY,6,9992.0,9989.0,-3.0,9999.0,9992.0,9998.0,0.0,1,1,1,74,80
674200,ASH_COATED_OSMIUM,SELL,10,10021.0,9984.0,37.0,9990.0,9989.5,10000.0,244.0,0,0,0,80,70
674900,ASH_COATED_OSMIUM,BUY,4,9994.0,9989.5,-4.5,9993.0,9992.0,9999.0,0.0,1,1,1,70,74
675000,ASH_COATED_OSMIUM,SELL,5,10002.0,9993.5,8.5,9991.5,9991.0,9999.0,10.0,0,0,0,74,69
675900,ASH_COATED_OSMIUM,BUY,3,9985.0,9993.0,8.0,9993.5,9994.0,10001.0,0.0,0,0,0,69,72
676900,INTARIAN_PEPPER_ROOT,SELL,7,13683.0,13677.0,6.0,13678.0,13682.0,13695.0,1083.0,1,1,1,80,73
678400,ASH_COATED_OSMIUM,BUY,4,9992.0,9987.5,-4.5,9991.0,9994.0,9995.5,0.0,1,1,1,72,76
680100,ASH_COATED_OSMIUM,BUY,2,9993.0,9988.5,-4.5,9988.0,9995.0,10002.0,0.0,1,1,1,76,78
681100,ASH_COATED_OSMIUM,BUY,2,9994.0,9988.0,-6.0,9993.0,9996.0,10003.0,0.0,1,1,1,78,80
685600,ASH_COATED_OSMIUM,SELL,4,10002.0,9995.0,7.0,9993.5,10001.0,10004.0,44.0,0,0,0,80,76
685800,ASH_COATED_OSMIUM,BUY,2,9988.0,9995.0,7.0,9993.5,9997.0,10004.0,0.0,0,0,0,76,78
687000,ASH_COATED_OSMIUM,BUY,2,9997.0,9992.0,-5.0,9996.0,9998.0,10000.5,0.0,0,1,1,78,80
687800,ASH_COATED_OSMIUM,SELL,6,10003.0,9996.0,7.0,9996.0,9999.0,10004.0,61.0,0,0,1,80,74
689100,ASH_COATED_OSMIUM,SELL,3,10003.0,10001.0,2.0,10004.0,10000.0,10007.0,27.0,0,0,1,74,71
690200,ASH_COATED_OSMIUM,BUY,9,9994.0,9991.5,-2.5,9996.0,10000.0,10005.0,0.0,1,1,1,71,80
693000,ASH_COATED_OSMIUM,SELL,5,10009.0,10000.5,8.5,10000.0,10003.0,10013.0,75.0,0,0,0,80,75
693000,INTARIAN_PEPPER_ROOT,BUY,7,13688.0,13687.0,-1.0,13687.0,13691.0,13715.0,0.0,0,0,0,73,80
693900,ASH_COATED_OSMIUM,BUY,5,9981.0,10007.0,26.0,9999.0,10001.0,10006.0,0.0,0,0,0,75,80
701900,ASH_COATED_OSMIUM,SELL,3,10011.0,10004.0,7.0,10005.5,10002.5,10001.5,51.0,0,0,0,80,77
702300,ASH_COATED_OSMIUM,SELL,6,10005.0,10008.5,-3.5,10004.0,10005.5,10003.0,63.0,0,0,1,77,71
702700,ASH_COATED_OSMIUM,BUY,6,9997.0,10004.0,7.0,10005.0,10005.0,10004.0,0.0,0,0,0,71,77
703000,INTARIAN_PEPPER_ROOT,SELL,6,13709.0,13703.0,6.0,13704.0,13708.0,13723.0,1053.0,0,0,0,80,74
703200,ASH_COATED_OSMIUM,SELL,9,10006.0,10006.0,0.0,10005.0,10005.0,10004.0,86.0,0,0,1,77,68
706200,ASH_COATED_OSMIUM,SELL,5,10011.0,10004.0,7.0,10004.0,10005.0,10004.0,110.0,0,0,0,68,63
706500,ASH_COATED_OSMIUM,SELL,3,10011.0,10002.5,8.5,10004.0,10006.0,10005.0,60.0,0,0,0,63,60
706700,ASH_COATED_OSMIUM,SELL,7,10010.0,10003.0,7.0,10005.0,10006.0,10003.5,103.0,0,0,0,60,53
706800,ASH_COATED_OSMIUM,BUY,7,9996.0,10003.0,7.0,10004.0,10006.0,10004.0,0.0,0,0,0,53,60
707500,ASH_COATED_OSMIUM,BUY,2,9997.0,10004.0,7.0,10005.0,10005.0,10005.0,0.0,0,0,0,60,62
707600,ASH_COATED_OSMIUM,SELL,10,10012.0,10005.0,7.0,10005.0,10005.0,10005.0,160.0,0,0,0,62,52
709300,ASH_COATED_OSMIUM,SELL,2,10004.0,10009.0,-5.0,10005.0,10004.5,10004.0,24.0,1,1,1,52,50
709500,ASH_COATED_OSMIUM,SELL,4,10004.0,10010.5,-6.5,10005.0,10007.0,9996.0,44.0,0,1,1,50,46
710700,INTARIAN_PEPPER_ROOT,SELL,5,13717.0,13709.0,8.0,13711.5,13715.5,13730.5,889.0,1,1,0,74,69
710800,ASH_COATED_OSMIUM,BUY,6,10000.0,10007.5,7.5,10006.0,10005.0,10003.0,0.0,0,1,0,46,52
710800,ASH_COATED_OSMIUM,SELL,4,10002.0,10007.5,-5.5,10006.0,10005.0,10003.0,50.0,1,1,1,52,48
714800,ASH_COATED_OSMIUM,BUY,6,9999.0,10006.0,7.0,10005.0,9995.0,10004.0,0.0,0,0,1,48,54
715300,INTARIAN_PEPPER_ROOT,BUY,4,13709.0,13715.5,6.5,13716.5,13720.5,13737.0,0.0,0,0,0,69,73
716100,ASH_COATED_OSMIUM,SELL,7,10012.0,10005.0,7.0,10002.0,10004.0,10005.0,145.0,0,0,0,54,47
718500,ASH_COATED_OSMIUM,BUY,4,10000.0,9997.0,-3.0,10002.0,9999.5,10004.5,0.0,1,0,0,47,51
718900,INTARIAN_PEPPER_ROOT,BUY,3,13709.0,13717.0,8.0,13720.0,13731.0,13739.0,0.0,0,0,0,73,76
720500,INTARIAN_PEPPER_ROOT,BUY,4,13716.0,13714.5,-1.5,13721.5,13725.5,13742.0,0.0,0,0,0,76,80
720800,ASH_COATED_OSMIUM,BUY,2,9997.0,10004.0,7.0,10002.0,10003.0,10005.0,0.0,0,0,0,51,53
723000,ASH_COATED_OSMIUM,SELL,3,10011.0,10004.0,7.0,10002.0,10004.0,10003.5,57.0,0,0,0,53,50
726100,ASH_COATED_OSMIUM,SELL,4,10011.0,10004.0,7.0,10004.5,9996.0,10006.0,68.0,0,0,0,50,46
726600,ASH_COATED_OSMIUM,SELL,3,10002.0,10007.0,-5.0,10005.0,10004.0,10006.0,24.0,0,1,0,46,43
730500,ASH_COATED_OSMIUM,SELL,3,10002.0,10007.5,-5.5,10004.0,10004.0,10007.5,24.0,0,1,1,43,40
732100,ASH_COATED_OSMIUM,BUY,9,9994.0,10002.5,8.5,10003.0,10005.0,10000.0,0.0,0,0,0,40,49
732100,INTARIAN_PEPPER_ROOT,SELL,4,13738.0,13732.0,6.0,13733.0,13739.0,13750.0,755.0,1,1,1,80,76
732900,INTARIAN_PEPPER_ROOT,SELL,3,13739.0,13731.0,8.0,13734.0,13738.0,13753.0,552.0,1,1,0,76,73
734900,ASH_COATED_OSMIUM,SELL,4,10002.0,10007.0,-5.0,10005.0,10004.5,10001.0,58.0,1,1,1,49,45
737500,ASH_COATED_OSMIUM,SELL,4,10003.0,10008.0,-5.0,10004.5,10007.5,9997.5,72.0,1,1,1,45,41
737600,ASH_COATED_OSMIUM,SELL,5,10002.0,10007.5,-5.5,10006.0,10007.0,9997.0,25.0,1,1,1,41,36
738500,ASH_COATED_OSMIUM,BUY,6,9996.0,10004.5,8.5,10005.0,10006.0,10000.5,0.0,0,0,0,36,42
738500,INTARIAN_PEPPER_ROOT,BUY,4,13732.0,13731.0,-1.0,13739.5,13745.0,13766.0,0.0,0,0,0,73,77
738600,ASH_COATED_OSMIUM,BUY,5,9999.0,10006.0,7.0,10004.0,10004.5,9999.0,0.0,0,0,0,42,47
738700,ASH_COATED_OSMIUM,SELL,3,10003.0,10008.5,-5.5,10005.0,10006.0,10000.0,21.0,1,1,1,47,44
738900,ASH_COATED_OSMIUM,SELL,6,10012.0,10005.0,7.0,10004.5,10007.0,10009.0,94.0,0,0,0,44,38
739100,ASH_COATED_OSMIUM,BUY,3,9998.0,10006.0,8.0,10005.0,10006.0,9997.0,0.0,0,0,0,38,41
740200,INTARIAN_PEPPER_ROOT,BUY,3,13734.0,13740.5,6.5,13743.0,13738.0,13766.0,0.0,0,0,0,77,80
741400,ASH_COATED_OSMIUM,SELL,5,10003.0,10008.5,-5.5,10007.0,10006.0,9996.0,15.0,1,1,1,41,36
742000,INTARIAN_PEPPER_ROOT,SELL,6,13748.0,13742.0,6.0,13743.0,13747.0,13762.0,1013.0,0,0,0,80,74
742300,ASH_COATED_OSMIUM,BUY,10,10000.0,10007.0,7.0,10014.0,10006.0,9993.0,0.0,0,0,0,36,46
742300,INTARIAN_PEPPER_ROOT,SELL,6,13749.0,13742.5,6.5,13743.5,13749.0,13762.5,936.0,0,0,0,74,68
748300,ASH_COATED_OSMIUM,BUY,7,10000.0,10009.5,9.5,10003.0,10001.0,9994.0,0.0,1,0,1,46,53
748300,ASH_COATED_OSMIUM,SELL,4,10003.0,10009.5,-6.5,10003.0,10001.0,9994.0,15.0,0,1,0,53,49
749300,INTARIAN_PEPPER_ROOT,BUY,3,13743.0,13749.5,6.5,13750.5,13754.5,13769.5,0.0,0,0,0,68,71
750200,INTARIAN_PEPPER_ROOT,BUY,4,13740.0,13748.5,8.5,13753.0,13755.5,13770.5,0.0,0,0,0,71,75
750500,ASH_COATED_OSMIUM,SELL,5,10003.0,10007.5,-4.5,10001.0,10000.0,9994.5,18.0,0,0,0,49,44
755100,ASH_COATED_OSMIUM,SELL,6,10002.0,10005.5,-3.5,9999.5,9998.0,9999.0,30.0,1,1,1,44,38
755800,INTARIAN_PEPPER_ROOT,BUY,4,13751.0,13748.0,-3.0,13764.0,13759.0,13775.5,0.0,1,1,1,75,79
756200,ASH_COATED_OSMIUM,BUY,6,9997.0,9994.5,-2.5,9999.0,9995.5,9993.0,0.0,1,1,1,38,44
757500,INTARIAN_PEPPER_ROOT,SELL,5,13764.0,13757.5,6.5,13766.0,13762.5,13777.5,763.0,0,1,0,79,74
759000,INTARIAN_PEPPER_ROOT,SELL,7,13765.0,13766.0,-1.0,13760.0,13764.0,13779.0,995.0,0,0,0,74,67
759900,ASH_COATED_OSMIUM,BUY,10,9995.0,9992.5,-2.5,9997.0,9996.0,9986.0,0.0,1,1,1,44,54
760200,INTARIAN_PEPPER_ROOT,BUY,5,13765.0,13766.0,1.0,13763.0,13763.5,13780.5,0.0,1,1,1,67,72
761100,ASH_COATED_OSMIUM,BUY,7,9995.0,9992.0,-3.0,9996.0,9996.0,9992.0,0.0,1,0,1,54,61
762400,INTARIAN_PEPPER_ROOT,BUY,3,13758.0,13758.0,0.0,13765.0,13769.0,13784.0,0.0,0,0,0,72,75
762700,ASH_COATED_OSMIUM,BUY,4,9997.0,9992.0,-5.0,9987.0,9996.0,9991.0,0.0,1,1,1,61,65
763600,ASH_COATED_OSMIUM,BUY,7,9993.0,9990.0,-3.0,9996.0,9994.0,9994.0,0.0,1,1,1,65,72
764800,ASH_COATED_OSMIUM,SELL,10,10006.0,9996.5,9.5,9996.0,9994.0,9989.0,114.0,0,0,0,72,62
765100,INTARIAN_PEPPER_ROOT,BUY,4,13760.0,13759.0,-1.0,13764.0,13770.0,13787.0,0.0,0,0,0,75,79
765200,ASH_COATED_OSMIUM,BUY,5,9997.0,9992.5,-4.5,9996.0,9995.0,9991.0,0.0,1,1,1,62,67
765200,ASH_COATED_OSMIUM,BUY,6,9989.0,9992.5,3.5,9996.0,9995.0,9991.0,0.0,0,0,0,67,73
766400,ASH_COATED_OSMIUM,SELL,10,10003.0,9996.0,7.0,9996.0,9993.5,9992.0,51.0,1,1,0,73,63
766600,ASH_COATED_OSMIUM,BUY,2,9998.0,9992.0,-6.0,9996.0,9990.5,9992.0,0.0,1,1,1,63,65
766700,ASH_COATED_OSMIUM,BUY,5,9997.0,9992.5,-4.5,9996.0,9994.0,9991.5,0.0,1,1,1,65,70
767300,ASH_COATED_OSMIUM,BUY,7,9994.0,9991.5,-2.5,9994.0,9993.0,9996.5,0.0,0,1,1,70,77
767900,ASH_COATED_OSMIUM,BUY,2,9997.0,9992.0,-5.0,9993.0,9984.0,9994.0,0.0,1,1,1,77,79
768700,INTARIAN_PEPPER_ROOT,BUY,1,13764.0,13762.5,-1.5,13768.0,13773.5,13788.5,0.0,0,0,0,79,80
769500,ASH_COATED_OSMIUM,BUY,1,9986.0,9993.0,7.0,9994.5,9991.0,9993.0,0.0,0,0,0,79,80
770200,ASH_COATED_OSMIUM,SELL,8,10002.0,9995.0,7.0,9996.5,9991.0,9992.0,18.0,0,0,0,80,72
770300,INTARIAN_PEPPER_ROOT,SELL,5,13777.0,13768.5,8.5,13771.5,13775.5,13788.5,712.0,1,0,1,80,75
771600,ASH_COATED_OSMIUM,BUY,5,9995.0,9990.5,-4.5,9993.0,9992.5,9993.0,0.0,1,1,1,72,77
771600,INTARIAN_PEPPER_ROOT,SELL,7,13778.0,13771.5,6.5,13780.0,13776.5,13791.5,922.0,1,1,1,75,68
772500,INTARIAN_PEPPER_ROOT,BUY,7,13768.0,13766.5,-1.5,13773.5,13777.5,13792.5,0.0,0,0,0,68,75
773000,ASH_COATED_OSMIUM,BUY,3,9986.0,9993.0,7.0,9992.5,9992.0,10000.0,0.0,0,0,0,77,80
773500,INTARIAN_PEPPER_ROOT,BUY,4,13767.0,13773.5,6.5,13773.0,13778.5,13792.0,0.0,0,0,0,75,79
780700,INTARIAN_PEPPER_ROOT,SELL,7,13788.0,13773.0,15.0,13780.0,13784.0,13800.5,968.0,0,0,0,79,72
782200,INTARIAN_PEPPER_ROOT,SELL,6,13789.0,13782.5,6.5,13783.5,13787.5,13802.5,799.0,0,0,1,72,66
785800,INTARIAN_PEPPER_ROOT,BUY,5,13776.0,13784.0,8.0,13794.0,13792.5,13804.0,0.0,0,0,0,66,71
792200,INTARIAN_PEPPER_ROOT,BUY,6,13788.0,13784.5,-3.5,13793.5,13805.0,13810.5,0.0,0,0,0,71,77
792900,INTARIAN_PEPPER_ROOT,BUY,3,13787.0,13793.0,6.0,13794.0,13798.0,13812.5,0.0,0,0,0,77,80
794900,ASH_COATED_OSMIUM,SELL,6,10003.0,9995.0,8.0,9998.0,9991.5,10000.0,18.0,0,0,0,80,74
795100,ASH_COATED_OSMIUM,BUY,5,9986.0,9993.0,7.0,10001.0,9992.0,9996.5,0.0,0,0,0,74,79
800300,ASH_COATED_OSMIUM,BUY,1,9990.0,9987.0,-3.0,9995.0,9998.5,9997.0,0.0,0,0,0,79,80
800900,ASH_COATED_OSMIUM,SELL,4,10004.0,9994.5,9.5,9994.0,9995.0,9996.0,16.0,0,0,0,80,76
802000,ASH_COATED_OSMIUM,BUY,4,9995.0,9990.5,-4.5,9994.0,9996.0,9997.0,0.0,0,1,1,76,80
804300,INTARIAN_PEPPER_ROOT,SELL,6,13814.0,13806.0,8.0,13805.5,13809.5,13824.5,916.0,0,0,0,80,74
808300,INTARIAN_PEPPER_ROOT,BUY,6,13802.0,13806.0,4.0,13809.5,13813.5,13828.5,0.0,0,0,0,74,80
812700,INTARIAN_PEPPER_ROOT,SELL,6,13819.0,13812.5,6.5,13813.5,13817.5,13838.0,786.0,0,0,0,80,74
813500,INTARIAN_PEPPER_ROOT,SELL,5,13820.0,13813.5,6.5,13814.5,13812.5,13833.5,576.0,0,1,0,74,69
814400,INTARIAN_PEPPER_ROOT,BUY,3,13808.0,13807.0,-1.0,13815.5,13819.5,13836.0,0.0,0,0,0,69,72
814500,INTARIAN_PEPPER_ROOT,SELL,7,13821.0,13814.5,6.5,13815.5,13812.0,13834.5,756.0,0,0,0,72,65
815000,INTARIAN_PEPPER_ROOT,BUY,6,13817.0,13812.5,-4.5,13816.0,13822.0,13833.0,0.0,0,0,0,65,71
817900,INTARIAN_PEPPER_ROOT,BUY,5,13813.0,13811.5,-1.5,13818.5,13822.5,13837.5,0.0,0,0,0,71,76
818500,INTARIAN_PEPPER_ROOT,BUY,4,13814.0,13812.5,-1.5,13812.0,13823.5,13840.0,0.0,0,1,0,76,80
822200,ASH_COATED_OSMIUM,SELL,10,10003.0,9996.0,7.0,9996.0,10000.5,10000.0,68.0,0,0,0,80,70
823000,INTARIAN_PEPPER_ROOT,SELL,3,13833.0,13825.0,8.0,13824.0,13828.0,13843.0,303.0,0,0,0,80,77
823100,ASH_COATED_OSMIUM,SELL,5,10003.0,9994.5,8.5,9996.0,10000.0,9998.0,40.0,0,0,0,70,65
823200,ASH_COATED_OSMIUM,SELL,3,10003.0,9996.0,7.0,9994.5,10000.0,9999.0,24.0,0,0,0,65,62
823500,INTARIAN_PEPPER_ROOT,BUY,3,13817.0,13823.5,6.5,13824.5,13828.5,13843.5,0.0,0,0,0,77,80
824000,ASH_COATED_OSMIUM,BUY,3,9997.0,9992.0,-5.0,9996.0,9995.0,9998.0,0.0,0,1,0,62,65
824400,ASH_COATED_OSMIUM,SELL,3,10003.0,9996.0,7.0,9997.0,9998.5,9999.0,24.0,0,0,0,65,62
825500,ASH_COATED_OSMIUM,BUY,4,9999.0,9994.0,-5.0,9999.0,9999.0,9998.0,0.0,0,1,0,62,66
825500,ASH_COATED_OSMIUM,SELL,9,10002.0,9994.0,8.0,9999.0,9999.0,9998.0,61.0,0,0,1,66,57
827000,ASH_COATED_OSMIUM,SELL,3,10007.0,10000.0,7.0,9999.0,10001.0,9989.0,42.0,0,0,0,57,54
828200,INTARIAN_PEPPER_ROOT,SELL,5,13835.0,13828.5,6.5,13829.5,13833.5,13848.5,498.0,0,0,1,80,75
829000,INTARIAN_PEPPER_ROOT,SELL,6,13839.0,13831.0,8.0,13830.0,13834.0,13849.0,588.0,0,0,0,75,69
829900,ASH_COATED_OSMIUM,SELL,6,10009.0,10001.0,8.0,10001.0,9999.5,9999.0,76.0,0,0,0,54,48
830600,ASH_COATED_OSMIUM,SELL,6,10007.0,10000.0,7.0,9998.0,10000.0,10000.0,108.0,0,0,0,48,42
830600,INTARIAN_PEPPER_ROOT,BUY,5,13824.0,13823.0,-1.0,13831.5,13835.5,13852.0,0.0,0,0,0,69,74
831100,ASH_COATED_OSMIUM,BUY,3,9994.0,10001.0,7.0,10001.0,10000.0,10001.0,0.0,0,0,0,42,45
831800,ASH_COATED_OSMIUM,SELL,4,10008.0,10001.0,7.0,10000.0,10000.0,10000.5,42.0,0,0,0,45,41
832100,INTARIAN_PEPPER_ROOT,BUY,6,13827.0,13826.0,-1.0,13831.5,13839.0,13852.5,0.0,0,0,0,74,80
832900,ASH_COATED_OSMIUM,BUY,10,9999.0,9996.0,-3.0,10001.5,10000.0,10001.0,0.0,0,0,1,41,51
832900,ASH_COATED_OSMIUM,SELL,3,10002.0,9996.0,6.0,10001.5,10000.0,10001.0,15.0,1,1,1,51,48
834300,INTARIAN_PEPPER_ROOT,SELL,6,13841.0,13834.5,6.5,13835.5,13837.5,13854.5,512.0,0,0,0,80,74
834500,INTARIAN_PEPPER_ROOT,SELL,3,13841.0,13834.5,6.5,13837.0,13839.5,13856.0,228.0,0,0,0,74,71
834900,INTARIAN_PEPPER_ROOT,BUY,7,13830.0,13828.5,-1.5,13834.0,13841.5,13854.5,0.0,0,0,0,71,78
836000,INTARIAN_PEPPER_ROOT,BUY,2,13831.0,13831.0,0.0,13837.0,13841.0,13856.0,0.0,0,0,0,78,80
837100,ASH_COATED_OSMIUM,BUY,6,9999.0,9996.0,-3.0,9996.0,10000.0,9998.5,0.0,0,1,0,48,54
837900,ASH_COATED_OSMIUM,SELL,9,10007.0,10000.0,7.0,10004.0,10001.0,9998.0,111.0,0,0,0,54,45
838200,ASH_COATED_OSMIUM,BUY,6,9994.0,10002.0,8.0,10007.0,9999.0,9998.0,0.0,0,0,0,45,51
838200,INTARIAN_PEPPER_ROOT,SELL,4,13848.0,13840.0,8.0,13841.0,13843.5,13858.5,358.0,0,0,0,80,76
838700,INTARIAN_PEPPER_ROOT,BUY,3,13829.0,13837.0,8.0,13838.0,13842.0,13860.5,0.0,0,0,0,76,79
839100,INTARIAN_PEPPER_ROOT,SELL,3,13846.0,13839.5,6.5,13840.5,13842.5,13861.0,258.0,0,0,1,79,76
839200,ASH_COATED_OSMIUM,SELL,5,10004.0,10007.0,-3.0,10000.0,9998.0,9998.0,54.0,0,0,0,51,46
839300,INTARIAN_PEPPER_ROOT,SELL,5,13846.0,13837.5,8.5,13842.0,13846.0,13861.0,394.0,0,0,1,76,71
839500,ASH_COATED_OSMIUM,SELL,8,10010.0,10003.0,7.0,10001.0,9999.0,9997.0,183.0,0,0,0,46,38
839600,ASH_COATED_OSMIUM,SELL,4,10010.0,10001.5,8.5,10002.0,9995.5,9999.0,74.0,0,0,0,38,34
840100,ASH_COATED_OSMIUM,BUY,2,9992.0,10000.0,8.0,10001.0,9998.0,9999.5,0.0,0,0,0,34,36
840400,INTARIAN_PEPPER_ROOT,BUY,3,13836.0,13834.5,-1.5,13841.5,13844.0,13860.5,0.0,0,1,0,71,74
841400,INTARIAN_PEPPER_ROOT,SELL,4,13848.0,13841.5,6.5,13842.5,13848.0,13861.5,321.0,1,1,0,74,70
842500,ASH_COATED_OSMIUM,SELL,3,10007.0,10004.5,2.5,9999.0,9999.0,9995.5,34.0,0,0,0,36,33
842700,ASH_COATED_OSMIUM,BUY,5,9993.0,10000.0,7.0,9999.0,9997.5,9997.0,0.0,0,0,0,33,38
843100,INTARIAN_PEPPER_ROOT,BUY,4,13838.0,13837.0,-1.0,13842.5,13850.0,13861.5,0.0,0,1,0,70,74
844600,ASH_COATED_OSMIUM,BUY,4,10000.0,9995.5,-4.5,9997.0,9998.0,9999.0,0.0,0,1,1,38,42
848400,INTARIAN_PEPPER_ROOT,BUY,6,13842.0,13848.5,6.5,13848.0,13855.0,13868.5,0.0,0,0,0,74,80
848800,ASH_COATED_OSMIUM,SELL,6,10005.0,9998.0,7.0,10000.0,10000.0,9996.0,40.0,1,1,0,42,36
849300,ASH_COATED_OSMIUM,SELL,4,10005.0,9998.0,7.0,10010.0,10000.0,9996.5,39.0,1,1,0,36,32
853000,ASH_COATED_OSMIUM,SELL,9,10003.0,10006.5,-3.5,10000.0,9997.0,9997.0,36.0,1,1,1,32,23
854000,ASH_COATED_OSMIUM,SELL,4,10007.0,10000.0,7.0,9999.0,10006.0,9998.0,32.0,0,0,0,23,19
854400,ASH_COATED_OSMIUM,BUY,5,9993.0,10000.0,7.0,9999.0,9996.5,9999.0,0.0,0,0,0,19,24
855600,ASH_COATED_OSMIUM,SELL,7,10005.0,9998.0,7.0,9997.0,10000.0,9991.0,67.0,0,0,0,24,17
856100,ASH_COATED_OSMIUM,BUY,4,9995.0,9992.5,-2.5,9998.5,9997.0,9996.5,0.0,0,0,1,17,21
856100,INTARIAN_PEPPER_ROOT,SELL,5,13863.0,13856.5,6.5,13859.0,13861.5,13874.5,462.0,1,0,1,80,75
856200,ASH_COATED_OSMIUM,BUY,2,9999.0,9994.5,-4.5,9997.0,9997.0,9990.0,0.0,1,1,1,21,23
856400,INTARIAN_PEPPER_ROOT,BUY,5,13850.0,13856.5,6.5,13857.5,13861.5,13876.5,0.0,0,0,0,75,80
856700,ASH_COATED_OSMIUM,BUY,10,9990.0,9997.0,7.0,9998.0,9999.5,9998.0,0.0,0,0,0,23,33
857500,ASH_COATED_OSMIUM,SELL,2,10004.0,9997.0,7.0,9997.0,9995.5,9997.0,22.0,0,0,0,33,31
860900,ASH_COATED_OSMIUM,BUY,3,9999.0,9994.0,-5.0,9996.0,9998.0,9988.5,0.0,1,1,1,31,34
862100,ASH_COATED_OSMIUM,BUY,4,9997.0,9992.0,-5.0,9999.5,9999.0,9993.0,0.0,1,1,1,34,38
862700,ASH_COATED_OSMIUM,SELL,10,10004.0,9997.0,7.0,9998.0,9990.0,9994.0,83.0,0,0,0,38,28
862900,ASH_COATED_OSMIUM,BUY,10,9995.0,9992.5,-2.5,9998.0,9996.0,9991.0,0.0,1,0,0,28,38
863000,ASH_COATED_OSMIUM,BUY,5,10000.0,9995.0,-5.0,9997.0,9996.0,9994.0,0.0,1,1,1,38,43
864000,INTARIAN_PEPPER_ROOT,SELL,7,13870.0,13864.0,6.0,13865.0,13869.0,13884.0,610.0,0,1,0,80,73
864100,ASH_COATED_OSMIUM,BUY,4,10000.0,9995.5,-4.5,9999.5,9997.0,10003.0,0.0,1,1,1,43,47
864400,ASH_COATED_OSMIUM,BUY,3,10000.0,9995.5,-4.5,9998.0,9995.0,9995.0,0.0,1,1,1,47,50
865300,ASH_COATED_OSMIUM,BUY,7,9995.0,9992.5,-2.5,9998.0,9995.5,9995.0,0.0,0,0,0,50,57
866500,ASH_COATED_OSMIUM,SELL,3,10005.0,9998.0,7.0,9998.0,9998.5,9995.0,36.0,0,0,0,57,54
867000,INTARIAN_PEPPER_ROOT,SELL,6,13873.0,13867.0,6.0,13870.0,13865.0,13887.0,499.0,0,0,0,73,67
867400,INTARIAN_PEPPER_ROOT,BUY,5,13870.0,13865.0,-5.0,13868.5,13872.5,13876.0,0.0,1,1,1,67,72
868700,INTARIAN_PEPPER_ROOT,BUY,4,13864.0,13862.5,-1.5,13869.5,13873.5,13888.5,0.0,1,1,1,72,76
869600,INTARIAN_PEPPER_ROOT,BUY,4,13865.0,13863.5,-1.5,13869.0,13876.5,13889.5,0.0,1,0,0,76,80
870600,INTARIAN_PEPPER_ROOT,SELL,3,13877.0,13869.0,8.0,13871.5,13877.5,13890.5,225.0,0,0,0,80,77
871300,ASH_COATED_OSMIUM,BUY,5,9998.0,9993.5,-4.5,9999.0,9996.5,10006.0,0.0,1,1,1,54,59
871300,INTARIAN_PEPPER_ROOT,BUY,3,13865.0,13864.0,-1.0,13872.5,13876.5,13889.5,0.0,1,1,0,77,80
872200,ASH_COATED_OSMIUM,BUY,4,9991.0,9998.0,7.0,9996.0,9997.0,9999.0,0.0,0,0,0,59,63
872600,ASH_COATED_OSMIUM,BUY,3,9999.0,9994.0,-5.0,9996.0,9996.0,9999.0,0.0,1,1,1,63,66
872600,ASH_COATED_OSMIUM,BUY,8,9990.0,9994.0,4.0,9996.0,9996.0,9999.0,0.0,0,0,0,66,74
873500,ASH_COATED_OSMIUM,BUY,4,9994.0,9991.0,-3.0,9998.0,9997.0,9998.0,0.0,0,0,0,74,78
874100,ASH_COATED_OSMIUM,SELL,6,10003.0,9996.0,7.0,9998.0,9996.0,9998.0,52.0,0,0,0,78,72
874800,ASH_COATED_OSMIUM,SELL,2,10005.0,9998.0,7.0,9997.0,9995.0,9999.5,12.0,0,0,0,72,70
875600,ASH_COATED_OSMIUM,BUY,6,9995.0,9991.0,-4.0,9998.0,9995.0,9998.0,0.0,1,1,1,70,76
877500,ASH_COATED_OSMIUM,BUY,3,9990.0,9997.0,7.0,9997.0,9994.0,9991.0,0.0,1,0,0,76,79
877600,ASH_COATED_OSMIUM,SELL,3,10003.0,9996.0,7.0,9996.0,10002.0,9998.0,39.0,0,1,0,79,76
878100,ASH_COATED_OSMIUM,BUY,2,9990.0,9997.0,7.0,9996.0,9993.5,9999.0,0.0,1,0,0,76,78
878400,INTARIAN_PEPPER_ROOT,SELL,6,13885.0,13878.5,6.5,13877.5,13883.5,13898.5,465.0,0,0,0,80,74
880900,ASH_COATED_OSMIUM,BUY,2,9991.0,9988.5,-2.5,9994.5,9995.0,10000.0,0.0,0,0,0,78,80
881800,INTARIAN_PEPPER_ROOT,BUY,4,13877.0,13875.5,-1.5,13884.5,13886.5,13901.5,0.0,0,0,0,74,78
882000,INTARIAN_PEPPER_ROOT,BUY,2,13872.0,13880.0,8.0,13876.0,13887.0,13902.0,0.0,0,0,0,78,80
884500,INTARIAN_PEPPER_ROOT,SELL,4,13891.0,13884.5,6.5,13887.0,13897.0,13904.5,296.0,0,0,1,80,76
885300,INTARIAN_PEPPER_ROOT,BUY,4,13879.0,13885.5,6.5,13886.5,13890.5,13913.0,0.0,0,0,0,76,80
886500,ASH_COATED_OSMIUM,SELL,4,10002.0,9995.0,7.0,9995.0,9998.0,9999.0,48.0,0,0,0,80,76
886700,ASH_COATED_OSMIUM,SELL,4,10002.0,9995.0,7.0,9996.0,9998.0,9991.0,39.0,0,0,0,76,72
886900,INTARIAN_PEPPER_ROOT,SELL,3,13893.0,13886.5,6.5,13887.5,13890.0,13906.5,236.0,0,1,1,80,77
888200,ASH_COATED_OSMIUM,SELL,5,10003.0,9995.0,8.0,9997.0,9998.0,10001.0,26.0,0,0,0,72,67
888900,ASH_COATED_OSMIUM,BUY,4,9998.0,9993.5,-4.5,9998.0,9996.5,9999.0,0.0,0,0,1,67,71
890200,INTARIAN_PEPPER_ROOT,BUY,3,13886.0,13884.5,-1.5,13891.5,13895.5,13910.5,0.0,0,1,0,77,80
890700,INTARIAN_PEPPER_ROOT,SELL,6,13898.0,13883.0,15.0,13890.0,13903.0,13910.5,507.0,0,0,0,80,74
891000,INTARIAN_PEPPER_ROOT,BUY,3,13886.0,13883.0,-3.0,13892.0,13898.0,13911.0,0.0,0,0,0,74,77
893900,ASH_COATED_OSMIUM,BUY,6,9988.0,9996.5,8.5,9997.0,10002.0,9992.0,0.0,0,0,0,71,77
898900,INTARIAN_PEPPER_ROOT,BUY,3,13889.0,13899.0,10.0,13899.5,13903.5,13916.0,0.0,0,0,0,77,80
901300,ASH_COATED_OSMIUM,BUY,3,9999.0,9996.0,-3.0,10000.0,9998.0,10002.0,0.0,0,0,1,77,80
902100,INTARIAN_PEPPER_ROOT,SELL,4,13909.0,13902.5,6.5,13903.5,13905.5,13919.5,371.0,1,1,0,80,76
905200,INTARIAN_PEPPER_ROOT,BUY,4,13901.0,13899.5,-1.5,13908.0,13910.5,13925.5,0.0,0,0,0,76,80
913900,INTARIAN_PEPPER_ROOT,SELL,6,13920.0,13913.5,6.5,13914.5,13916.0,13933.5,573.0,0,0,1,80,74
915800,INTARIAN_PEPPER_ROOT,BUY,6,13906.0,13914.0,8.0,13916.5,13920.5,13935.5,0.0,0,0,0,74,80
917000,ASH_COATED_OSMIUM,SELL,2,10008.0,9999.5,8.5,10002.0,10003.0,10004.0,24.0,0,0,0,80,78
917500,ASH_COATED_OSMIUM,SELL,4,10008.0,10001.0,7.0,10002.0,10004.0,10004.0,52.0,0,0,0,78,74
918900,ASH_COATED_OSMIUM,SELL,4,10021.0,9994.0,27.0,10003.5,10004.0,10008.5,104.0,0,0,0,74,70
918900,INTARIAN_PEPPER_ROOT,SELL,5,13920.0,13916.0,4.0,13919.5,13916.0,13938.5,465.0,1,0,1,80,75
920800,ASH_COATED_OSMIUM,SELL,6,10009.0,10002.0,7.0,10003.0,10004.0,10004.0,59.0,0,0,0,70,64
922100,ASH_COATED_OSMIUM,BUY,2,9996.0,10003.0,7.0,10003.0,10004.0,10004.5,0.0,0,0,0,64,66
923900,INTARIAN_PEPPER_ROOT,SELL,5,13931.0,13916.0,15.0,13924.5,13928.5,13943.5,505.0,0,0,0,75,70
924400,INTARIAN_PEPPER_ROOT,SELL,6,13931.0,13924.5,6.5,13923.5,13931.0,13944.5,606.0,0,0,0,70,64
925000,ASH_COATED_OSMIUM,SELL,8,10005.0,10008.0,-3.0,10003.5,10001.5,10014.0,45.0,1,1,1,66,58
926100,ASH_COATED_OSMIUM,BUY,6,10000.0,10009.5,9.5,10004.0,10003.0,10003.0,0.0,1,1,0,58,64
926100,ASH_COATED_OSMIUM,SELL,9,10005.0,10009.5,-4.5,10004.0,10003.0,10003.0,81.0,0,0,1,64,55
926300,ASH_COATED_OSMIUM,BUY,6,9996.0,10004.5,8.5,10003.5,10004.0,10003.0,0.0,0,0,0,55,61
927400,ASH_COATED_OSMIUM,SELL,5,10002.0,10007.0,-5.0,10004.0,10000.5,10003.0,41.0,1,1,1,61,56
928000,ASH_COATED_OSMIUM,SELL,4,10011.0,10004.0,7.0,10004.0,10003.0,10001.0,56.0,0,0,0,56,52
928200,INTARIAN_PEPPER_ROOT,BUY,6,13922.0,13928.5,6.5,13929.5,13931.5,13948.5,0.0,0,0,0,64,70
928400,INTARIAN_PEPPER_ROOT,BUY,3,13922.0,13928.5,6.5,13931.0,13933.5,13948.5,0.0,0,0,0,70,73
928500,INTARIAN_PEPPER_ROOT,BUY,5,13922.0,13928.5,6.5,13928.0,13933.5,13948.5,0.0,0,0,0,73,78
928700,INTARIAN_PEPPER_ROOT,BUY,2,13922.0,13928.5,6.5,13929.5,13933.5,13948.5,0.0,0,0,0,78,80
928800,ASH_COATED_OSMIUM,BUY,2,9981.0,10006.0,25.0,10004.0,10004.0,10003.0,0.0,0,0,0,52,54
929600,ASH_COATED_OSMIUM,SELL,6,10006.0,10006.0,0.0,10003.0,10004.0,10003.0,96.0,1,1,0,54,48
932500,ASH_COATED_OSMIUM,BUY,5,9996.0,10003.0,7.0,10004.0,10004.0,9999.0,0.0,0,0,0,48,53
932500,INTARIAN_PEPPER_ROOT,SELL,3,13939.0,13932.5,6.5,13933.5,13937.5,13952.5,316.0,0,1,1,80,77
932600,ASH_COATED_OSMIUM,SELL,5,10005.0,10008.5,-3.5,10005.0,10003.0,9999.0,63.0,0,0,1,53,48
932800,ASH_COATED_OSMIUM,SELL,9,10010.0,10003.0,7.0,10004.0,10008.5,10000.0,146.0,0,0,0,48,39
935100,ASH_COATED_OSMIUM,BUY,3,9996.0,10003.0,7.0,10003.0,10012.0,9999.5,0.0,0,0,0,39,42
936600,INTARIAN_PEPPER_ROOT,BUY,3,13932.0,13929.0,-3.0,13937.5,13941.5,13956.5,0.0,0,0,0,77,80
937800,ASH_COATED_OSMIUM,SELL,6,10004.0,10008.5,-4.5,10012.0,9999.0,9996.0,74.0,1,1,1,42,36
938900,ASH_COATED_OSMIUM,SELL,4,10002.0,10008.5,-6.5,10003.5,10003.0,9996.0,26.0,1,1,1,36,32
940200,ASH_COATED_OSMIUM,BUY,8,9995.0,10003.0,8.0,10005.0,10003.0,9997.0,0.0,0,0,0,32,40
943000,ASH_COATED_OSMIUM,SELL,2,10002.0,10007.0,-5.0,10006.0,10001.0,9998.5,28.0,1,1,1,40,38
944400,ASH_COATED_OSMIUM,BUY,8,9996.0,10003.0,7.0,10003.0,10002.0,9994.0,0.0,0,0,0,38,46
944500,ASH_COATED_OSMIUM,SELL,6,10010.0,10003.0,7.0,10002.0,10001.5,9994.0,99.0,1,1,0,46,40
945600,ASH_COATED_OSMIUM,SELL,3,10010.0,10003.0,7.0,10001.0,10000.5,9995.0,38.0,0,0,0,40,37
946100,ASH_COATED_OSMIUM,BUY,3,9996.0,10003.0,7.0,10003.0,10001.0,9994.0,0.0,0,1,0,37,40
946800,ASH_COATED_OSMIUM,SELL,5,10021.0,9994.0,27.0,10002.0,10008.0,9992.0,105.0,0,0,0,40,35
946900,ASH_COATED_OSMIUM,SELL,2,10010.0,10001.5,8.5,10005.5,9999.0,9995.0,28.0,0,0,0,35,33
947000,ASH_COATED_OSMIUM,BUY,6,10000.0,9996.0,-4.0,10001.0,9999.0,9995.0,0.0,1,1,1,33,39
948500,INTARIAN_PEPPER_ROOT,SELL,7,13955.0,13948.5,6.5,13948.0,13953.5,13976.0,813.0,0,1,0,80,73
949300,ASH_COATED_OSMIUM,SELL,2,10003.0,9999.0,4.0,10002.0,9998.0,9993.0,14.0,1,1,1,39,37
951200,ASH_COATED_OSMIUM,BUY,7,9994.0,10001.0,7.0,10008.0,9997.0,9990.0,0.0,0,0,1,37,44
951700,ASH_COATED_OSMIUM,SELL,8,10007.0,10000.0,7.0,9999.0,9997.0,9990.0,118.0,0,0,0,44,36
951800,INTARIAN_PEPPER_ROOT,BUY,6,13945.0,13951.5,6.5,13954.5,13956.5,13971.5,0.0,0,0,0,73,79
954300,ASH_COATED_OSMIUM,BUY,10,9991.0,9998.0,7.0,9998.0,9998.0,9989.5,0.0,0,1,0,36,46
954400,ASH_COATED_OSMIUM,BUY,6,9996.0,9992.0,-4.0,10000.5,10001.5,9990.5,0.0,1,1,1,46,52
954800,ASH_COATED_OSMIUM,BUY,5,10000.0,9995.0,-5.0,9997.0,9987.0,9992.0,0.0,1,1,1,52,57
955900,INTARIAN_PEPPER_ROOT,BUY,1,13949.0,13955.5,6.5,13958.5,13968.0,13975.5,0.0,0,0,0,79,80
956500,ASH_COATED_OSMIUM,BUY,3,9999.0,9994.5,-4.5,9997.5,9997.0,9993.0,0.0,1,1,1,57,60
959600,ASH_COATED_OSMIUM,BUY,5,9995.0,9992.0,-3.0,9997.0,9994.0,9992.0,0.0,1,1,1,60,65
960700,ASH_COATED_OSMIUM,BUY,8,9990.0,9997.0,7.0,9997.0,9995.5,9993.0,0.0,0,0,0,65,73
961000,INTARIAN_PEPPER_ROOT,SELL,4,13967.0,13961.0,6.0,13962.0,13973.0,13981.0,500.0,0,0,1,80,76
962200,ASH_COATED_OSMIUM,BUY,5,9988.0,9996.0,8.0,9995.0,9996.0,9992.0,0.0,0,0,0,73,78
962500,ASH_COATED_OSMIUM,BUY,2,9999.0,9994.0,-5.0,9997.5,9994.0,9992.0,0.0,1,1,1,78,80
963200,ASH_COATED_OSMIUM,SELL,2,10003.0,9995.0,8.0,9995.0,9992.0,9992.0,14.0,0,0,0,80,78
963400,ASH_COATED_OSMIUM,SELL,6,10006.0,9998.0,8.0,9994.0,9992.0,9991.0,64.0,0,0,0,78,72
963500,INTARIAN_PEPPER_ROOT,BUY,4,13959.0,13957.5,-1.5,13964.5,13976.0,13983.5,0.0,1,0,0,76,80
966800,ASH_COATED_OSMIUM,BUY,2,9997.0,9992.0,-5.0,9985.0,9982.0,9995.0,0.0,1,1,1,72,74
967900,ASH_COATED_OSMIUM,BUY,4,9995.0,9989.0,-6.0,9993.0,9990.5,9994.0,0.0,1,1,1,74,78
970000,INTARIAN_PEPPER_ROOT,SELL,3,13976.0,13970.0,6.0,13969.0,13975.0,13990.0,378.0,0,0,0,80,77
970900,ASH_COATED_OSMIUM,BUY,2,9992.0,9987.5,-4.5,9990.0,9993.0,9991.0,0.0,1,1,1,78,80
971800,ASH_COATED_OSMIUM,SELL,3,10021.0,9982.0,39.0,9989.0,9993.0,9992.0,78.0,0,0,0,80,77
972800,INTARIAN_PEPPER_ROOT,BUY,3,13968.0,13965.0,-3.0,13973.5,13976.0,13992.5,0.0,0,1,0,77,80
976300,ASH_COATED_OSMIUM,BUY,3,9985.0,9993.5,8.5,9991.0,9993.0,9994.0,0.0,0,0,0,77,80
988400,INTARIAN_PEPPER_ROOT,SELL,4,13995.0,13988.5,6.5,13989.5,13993.5,13999.5,540.0,0,0,0,80,76
989500,INTARIAN_PEPPER_ROOT,BUY,3,13983.0,13989.5,6.5,13990.5,13996.0,13999.5,0.0,0,0,0,76,79
991500,INTARIAN_PEPPER_ROOT,BUY,1,13987.0,13985.5,-1.5,13992.5,13996.5,13999.5,0.0,0,1,0,79,80
997300,ASH_COATED_OSMIUM,SELL,6,10003.0,9994.5,8.5,9994.0,10001.0,10001.0,43.0,0,0,0,80,74
997700,ASH_COATED_OSMIUM,BUY,4,9995.0,9990.0,-5.0,9994.5,10001.0,10001.0,0.0,1,1,0,74,78
998600,INTARIAN_PEPPER_ROOT,SELL,5,14005.0,13998.5,6.5,13999.5,13999.5,13999.5,687.0,0,1,0,80,75
999200,ASH_COATED_OSMIUM,BUY,2,9995.0,9990.5,-4.5,10001.0,10001.0,10001.0,0.0,1,1,0,78,80
999900,INTARIAN_PEPPER_ROOT,BUY,3,13993.0,13999.5,6.5,13999.5,13999.5,13999.5,0.0,0,0,0,75,78
