ts,total_pnl
0,0.0000
100,42.4570
200,44.9219
300,42.5547
400,43.0000
500,45.0078
600,-12.9414
700,-12.0703
800,-9.8750
900,-9.1797
1000,-6.1719
1100,-6.2109
1200,-4.6523
1300,-1.8516
1400,-1.1875
1500,-66.2031
1600,-132.9727
1700,-129.0352
1800,-126.2578
1900,-121.8594
2000,-115.5156
2100,-110.5469
2200,-106.2188
2300,-103.1836
2400,-102.2656
2500,-99.8047
2600,-100.5156
2700,-98.7500
2800,-55.4219
2900,-54.5469
3000,-49.2578
3100,-47.8906
3200,-43.6250
3300,-40.6211
3400,-35.2109
3500,-110.1562
3600,-108.1484
3700,-83.2734
3800,-76.8027
3900,-85.0410
4000,-79.5312
4100,-74.6777
4200,-79.4492
4300,-63.2109
4400,-56.7891
4500,-55.0938
4600,-51.0938
4700,-42.4531
4800,-35.3984
4900,-46.9766
5000,-40.4297
5100,12.3047
5200,18.2500
5300,22.4375
5400,28.7500
5500,-18.0078
5600,-7.6250
5700,-0.7344
5800,27.1719
5900,32.4844
6000,41.0000
6100,50.5391
6200,60.5000
6300,67.5078
6400,74.1484
6500,80.7656
6600,90.2578
6700,98.5469
6800,104.1797
6900,114.3203
7000,107.7812
7100,119.5781
7200,120.3750
7300,123.1719
7400,132.2812
7500,137.9688
7600,140.5312
7700,153.7344
7800,165.2031
7900,175.9062
8000,191.3750
8100,192.8594
8200,206.7656
8300,205.2344
8400,201.5156
8500,215.3906
8600,220.4688
8700,231.6875
8800,240.6875
8900,245.7344
9000,252.2344
9100,263.2344
9200,311.8984
9300,320.0000
9400,328.8359
9500,341.3359
9600,349.2500
9700,414.0020
9800,421.1094
9900,430.1211
10000,461.8066
10100,540.9453
10200,551.3242
10300,561.2031
10400,569.4961
10500,575.9453
10600,586.2422
10700,590.4062
10800,608.0000
10900,616.0000
11000,624.0000
11100,632.0000
11200,640.0000
11300,648.0000
11400,656.0000
11500,664.0000
11600,672.0000
11700,680.0000
11800,688.0000
11900,696.0000
12000,704.0000
12100,712.0000
12200,751.5469
12300,759.5938
12400,766.1406
12500,773.1250
12600,781.4375
12700,789.1797
12800,796.3281
12900,805.6680
13000,812.3906
13100,822.4141
13200,829.2773
13300,835.5781
13400,842.4844
13500,851.1641
13600,860.0078
13700,865.9844
13800,873.8203
13900,880.3594
14000,890.3711
14100,918.3398
14200,917.8086
14300,925.2188
14400,933.2539
14500,941.9453
14600,950.4219
14700,958.8730
14800,967.1738
14900,974.3027
15000,981.9863
15100,988.5352
15200,1064.1953
15300,1075.8906
15400,1075.5078
15500,1081.8672
15600,1086.9609
15700,1098.6094
15800,1108.1562
15900,1112.9297
16000,1126.2031
16100,1133.8438
16200,1122.5312
16300,1130.7969
16400,1138.9688
16500,1151.2969
16600,1154.8438
16700,1153.0000
16800,1164.0625
16900,1169.4062
17000,1182.1094
17100,1192.7656
17200,1204.9688
17300,1216.0469
17400,1228.6875
17500,1236.6094
17600,1238.5625
17700,1245.1719
17800,1257.4531
17900,1268.5938
18000,1280.6094
18100,1287.3125
18200,1296.6094
18300,1304.1250
18400,1310.4531
18500,1319.4688
18600,1371.6719
18700,1378.7969
18800,1386.6094
18900,1398.5312
19000,1404.3281
19100,1406.0312
19200,1419.5469
19300,1432.4062
19400,1437.8906
19500,1443.8750
19600,1449.2969
19700,1465.8438
19800,1483.2344
19900,1499.5625
20000,1513.6719
20100,1521.5469
20200,1516.3750
20300,1532.0469
20400,1550.2656
20500,1559.4062
20600,1573.8438
20700,1595.9062
20800,1597.0312
20900,1608.9219
21000,1627.0156
21100,1627.3594
21200,1635.7031
21300,1636.6875
21400,1640.7031
21500,1635.0469
21600,1646.3281
21700,1654.6250
21800,1658.8750
21900,1671.3438
22000,1684.1562
22100,1684.9062
22200,1698.2812
22300,1704.2031
22400,1710.4844
22500,1718.5469
22600,1732.2031
22700,1736.1875
22800,1741.6250
22900,1744.6562
23000,1758.9375
23100,1767.0156
23200,1767.7344
23300,1763.2188
23400,1777.6562
23500,1789.4219
23600,1793.6094
23700,1806.9688
23800,1820.1875
23900,1814.9688
24000,1863.8125
24100,1871.6719
24200,1887.8438
24300,1897.3125
24400,1997.0000
24500,2007.5000
24600,2018.5469
24700,2056.1250
24800,2062.9688
24900,2066.9609
25000,2069.3125
25100,2079.5000
25200,2102.9688
25300,2117.2344
25400,2138.1094
25500,2149.5156
25600,2160.9688
25700,2178.0000
25800,2183.6406
25900,2197.3594
26000,2202.4375
26100,2223.5312
26200,2227.7969
26300,2235.0938
26400,2247.6719
26500,2255.7500
26600,2262.3125
26700,2259.8125
26800,2279.3906
26900,2297.6875
27000,2299.6875
27100,2302.7656
27200,2323.9531
27300,2343.7031
27400,2348.3125
27500,2363.4375
27600,2366.8906
27700,2373.3281
27800,2377.2812
27900,2387.7344
28000,2392.5156
28100,2395.2344
28200,2405.4531
28300,2417.4688
28400,2427.6719
28500,2440.0312
28600,2454.0312
28700,2462.2344
28800,2477.3438
28900,2484.2969
29000,2488.2969
29100,2495.5625
29200,2506.9531
29300,2520.4375
29400,2521.6094
29500,2530.2188
29600,2543.3438
29700,2546.3281
29800,2553.0469
29900,2557.9531
30000,2567.2031
30100,2571.1406
30200,2576.0781
30300,2578.3438
30400,2581.0625
30500,2642.0469
30600,2648.5312
30700,2645.5469
30800,2645.8594
30900,2658.2812
31000,2665.1562
31100,2663.8125
31200,2679.6875
31300,2684.5312
31400,2698.2656
31500,2709.7656
31600,2726.0781
31700,2735.6250
31800,2750.7031
31900,2754.2812
32000,2757.8750
32100,2764.0000
32200,2765.3125
32300,2762.8438
32400,2765.4531
32500,2773.6719
32600,2777.0312
32700,2787.3438
32800,2799.1094
32900,2861.8906
33000,2868.3047
33100,2875.3828
33200,2880.8594
33300,2879.8594
33400,2888.6094
33500,2915.8320
33600,2923.8682
33700,2931.9873
33800,2939.5908
33900,2946.7051
34000,2953.9062
34100,3010.7383
34200,3019.3438
34300,3027.9609
34400,3033.8438
34500,3059.1797
34600,3117.7734
34700,3125.4375
34800,3133.9004
34900,3140.4023
35000,3148.0156
35100,3154.9414
35200,3162.2617
35300,3169.7793
35400,3178.0996
35500,3184.3828
35600,3191.4766
35700,3198.4531
35800,3249.2930
35900,3289.4727
36000,3296.8672
36100,3303.9414
36200,3310.5703
36300,3317.7227
36400,3324.9648
36500,3332.2305
36600,3360.1963
36700,3367.5420
36800,3374.2383
36900,3380.7158
37000,3387.2695
37100,3394.9688
37200,3401.8740
37300,3409.7783
37400,3417.5098
37500,3424.6963
37600,3431.8691
37700,3438.8770
37800,3446.2812
37900,3453.6035
38000,3489.1172
38100,3496.5938
38200,3504.4570
38300,3510.4102
38400,3518.9316
38500,3590.5000
38600,3605.0000
38700,3613.0000
38800,3621.0000
38900,3629.0000
39000,3637.0000
39100,3645.0000
39200,3696.9609
39300,3705.9141
39400,3714.5273
39500,3722.4609
39600,3729.4219
39700,3738.7734
39800,3746.7891
39900,3753.9375
40000,3814.7188
40100,3816.7656
40200,3821.7500
40300,3825.1328
40400,3835.1250
40500,3845.8438
40600,3855.1641
40700,3861.0703
40800,3862.5312
40900,3871.9141
41000,3877.3906
41100,3887.0859
41200,3891.0000
41300,3897.1484
41400,3905.8594
41500,3913.7422
41600,3950.2344
41700,3953.3125
41800,3962.5000
41900,3963.2188
42000,3982.9844
42100,3984.2812
42200,3994.3750
42300,4001.2344
42400,4003.0312
42500,4016.6719
42600,4019.4844
42700,4030.4688
42800,4044.5938
42900,4090.1406
43000,4099.6562
43100,4104.3906
43200,4114.9375
43300,4128.0938
43400,4135.6250
43500,4150.3281
43600,4163.8281
43700,4167.9062
43800,4171.4062
43900,4171.2812
44000,4175.5938
44100,4178.7344
44200,4171.1094
44300,4190.8281
44400,4204.4531
44500,4211.6562
44600,4225.2188
44700,4227.9922
44800,4260.4688
44900,4289.4941
45000,4297.2109
45100,4304.0938
45200,4310.8828
45300,4319.0996
45400,4327.0547
45500,4335.2227
45600,4344.1113
45700,4352.6699
45800,4360.5508
45900,4368.2246
46000,4375.6641
46100,4383.7441
46200,4391.3223
46300,4400.4414
46400,4408.6582
46500,4416.2285
46600,4434.1875
46700,4446.4141
46800,4455.9375
46900,4469.6094
47000,4481.7969
47100,4485.5156
47200,4493.6250
47300,4501.6016
47400,4506.1641
47500,4516.6875
47600,4532.2812
47700,4540.4609
47800,4547.5625
47900,4551.6641
48000,4549.3828
48100,4552.8672
48200,4561.5000
48300,4567.2188
48400,4578.9453
48500,4595.8672
48600,4597.5859
48700,4609.7969
48800,4624.1562
48900,4633.7500
49000,4647.2578
49100,4654.1484
49200,4655.8125
49300,4661.7969
49400,4665.5078
49500,4668.9609
49600,4678.9297
49700,4688.6719
49800,4697.3750
49900,4707.4297
50000,4712.7031
50100,4719.7266
50200,4729.1875
50300,4732.0156
50400,4741.4922
50500,4745.3984
50600,4752.1484
50700,4759.3203
50800,4768.0234
50900,4772.7578
51000,4890.3359
51100,4898.7539
51200,4906.8945
51300,4915.5469
51400,4922.1719
51500,4930.0703
51600,4939.2109
51700,4945.1016
51800,4953.3047
51900,4963.8203
52000,4972.9922
52100,4982.3203
52200,4989.8945
52300,4999.4922
52400,5007.6758
52500,5016.4219
52600,5026.7344
52700,5033.9609
52800,5040.0469
52900,5047.7500
53000,5054.1328
53100,5061.9609
53200,5067.2734
53300,5073.2188
53400,5080.4219
53500,5091.1328
53600,5102.2461
53700,5109.6719
53800,5116.5547
53900,5121.3750
54000,5128.7891
54100,5138.3438
54200,5147.1953
54300,5156.0859
54400,5164.7500
54500,5174.6953
54600,5182.4570
54700,5250.0000
54800,5258.0000
54900,5266.0000
55000,5274.0000
55100,5282.0000
55200,5290.0000
55300,5298.0000
55400,5306.0000
55500,5314.0000
55600,5322.0000
55700,5330.0000
55800,5338.0000
55900,5346.0000
56000,5354.0000
56100,5362.0000
56200,5370.0000
56300,5378.0000
56400,5386.0000
56500,5394.0000
56600,5402.0000
56700,5410.0000
56800,5418.0000
56900,5426.0000
57000,5434.0000
57100,5465.5625
57200,5473.1875
57300,5480.8125
57400,5488.4375
57500,5496.0000
57600,5503.5625
57700,5511.1875
57800,5518.8125
57900,5526.4375
58000,5534.0000
58100,5541.5625
58200,5549.1875
58300,5556.8125
58400,5564.4375
58500,5593.9922
58600,5600.5469
58700,5609.3242
58800,5616.6484
58900,5624.5918
59000,5634.5859
59100,5641.2969
59200,5650.3242
59300,5645.2324
59400,5653.9551
59500,5660.7461
59600,5682.2188
59700,5688.6211
59800,5696.4180
59900,5704.6914
60000,5712.1953
60100,5721.7695
60200,5729.9062
60300,5737.8945
60400,5745.5078
60500,5752.8906
60600,5759.1328
60700,5765.3789
60800,5772.8867
60900,5779.9180
61000,5787.8789
61100,5796.3789
61200,5805.1172
61300,5811.2461
61400,5818.8516
61500,5827.6914
61600,5835.3750
61700,5841.9258
61800,5887.8555
61900,5894.3828
62000,5903.4375
62100,5954.2891
62200,5959.6406
62300,5969.6250
62400,5972.9844
62500,5981.6094
62600,5995.8281
62700,6002.4062
62800,6004.3125
62900,6005.0547
63000,6009.5234
63100,6015.0156
63200,6021.3672
63300,6030.8750
63400,6038.1797
63500,6040.0000
63600,6045.2969
63700,6055.2344
63800,6081.5078
63900,6091.5938
64000,6102.3828
64100,6110.9766
64200,6122.1641
64300,6127.4766
64400,6147.7031
64500,6156.8672
64600,6161.7969
64700,6164.5156
64800,6170.5312
64900,6186.5859
65000,6222.8438
65100,6233.4531
65200,6237.6562
65300,6248.0000
65400,6272.0938
65500,6277.5625
65600,6277.8672
65700,6285.6875
65800,6295.2656
65900,6300.6562
66000,6307.1094
66100,6311.0391
66200,6319.4219
66300,6320.9531
66400,6336.3281
66500,6343.6562
66600,6352.7812
66700,6353.0938
66800,6353.4844
66900,6358.7109
67000,6364.4062
67100,6374.0469
67200,6382.8438
67300,6386.8125
67400,6390.8438
67500,6400.7344
67600,6408.5859
67700,6409.7266
67800,6412.2891
67900,6422.0625
68000,6430.6172
68100,6463.2969
68200,6468.6250
68300,6478.0156
68400,6484.7344
68500,6501.3594
68600,6502.4375
68700,6505.7188
68800,6514.4375
68900,6516.5000
69000,6534.2656
69100,6547.9688
69200,6554.5781
69300,6561.3438
69400,6561.7969
69500,6567.0781
69600,6566.2344
69700,6585.4375
69800,6600.9531
69900,6611.0156
70000,6615.0469
70100,6641.5312
70200,6652.1875
70300,6667.5625
70400,6672.8750
70500,6684.3438
70600,6689.8125
70700,6694.6875
70800,6700.0000
70900,6706.0156
71000,6713.2344
71100,6718.0625
71200,6723.9844
71300,6735.3281
71400,6741.8594
71500,6752.5781
71600,6759.5000
71700,6773.1250
71800,6776.6562
71900,6781.4062
72000,6791.2812
72100,6807.6094
72200,6821.3281
72300,6825.5938
72400,6840.2500
72500,6852.2188
72600,6865.4062
72700,6873.8281
72800,6876.6719
72900,6879.8438
73000,6891.4062
73100,6896.9844
73200,6909.6406
73300,6917.6250
73400,6923.1875
73500,6925.2031
73600,6935.3438
73700,6942.4688
73800,6951.6250
73900,6958.0938
74000,6967.0312
74100,6977.5938
74200,6984.5625
74300,6988.4062
74400,6996.5312
74500,7000.0469
74600,7006.5781
74700,7011.8281
74800,7015.5312
74900,7021.8906
75000,7034.6250
75100,7045.1719
75200,7042.7500
75300,7045.8125
75400,7057.4219
75500,7066.0312
75600,7075.6562
75700,7082.5000
75800,7091.7812
75900,7099.5469
76000,7114.1250
76100,7132.1875
76200,7148.8750
76300,7154.5000
76400,7200.7812
76500,7207.4531
76600,7255.0312
76700,7273.6875
76800,7288.5938
76900,7300.7812
77000,7310.7500
77100,7318.5625
77200,7326.0312
77300,7330.0625
77400,7307.0312
77500,7312.0312
77600,7329.8750
77700,7338.9375
77800,7340.3438
77900,7330.8438
78000,7332.4688
78100,7339.3125
78200,7354.0938
78300,7368.7188
78400,7361.3750
78500,7353.5938
78600,7360.6562
78700,7371.0625
78800,7378.5000
78900,7397.6562
79000,7407.5938
79100,7412.3750
79200,7408.5312
79300,7399.2500
79400,7402.6250
79500,7423.6562
79600,7448.5938
79700,7458.2812
79800,7471.9375
79900,7473.5000
80000,7464.5312
80100,7449.1562
80200,7466.3438
80300,7486.4062
80400,7497.1250
80500,7480.7812
80600,7494.2188
80700,7492.6562
80800,7513.0000
80900,7535.4062
81000,7538.0000
81100,7553.5938
81200,7543.7188
81300,7573.2812
81400,7571.0312
81500,7594.0312
81600,7601.5000
81700,7595.2188
81800,7627.5312
81900,7647.7500
82000,7654.0000
82100,7660.4688
82200,7643.5625
82300,7645.7500
82400,7660.9375
82500,7677.3125
82600,7707.5000
82700,7704.4688
82800,7719.1562
82900,7717.0625
83000,7717.0000
83100,7728.5312
83200,7741.2188
83300,7751.0938
83400,7746.2500
83500,7729.5938
83600,7750.2812
83700,7761.3438
83800,7785.9062
83900,7796.0625
84000,7828.2188
84100,7857.0625
84200,7878.8125
84300,7877.7500
84400,7910.1250
84500,7947.3438
84600,7959.9062
84700,8006.3750
84800,8005.9062
84900,8030.7500
85000,8054.9062
85100,8062.0938
85200,8062.1875
85300,8052.7188
85400,8054.9375
85500,8086.3750
85600,8147.5312
85700,8153.9062
85800,8161.6875
85900,8174.2812
86000,8245.3750
86100,8245.8750
86200,8255.0938
86300,8264.5938
86400,8279.5312
86500,8281.1875
86600,8285.0000
86700,8292.9062
86800,8297.2812
86900,8323.1250
87000,8328.1250
87100,8349.0938
87200,8363.7500
87300,8355.7500
87400,8369.8125
87500,8403.4375
87600,8403.9688
87700,8414.0938
87800,8433.9688
87900,8447.1250
88000,8484.7188
88100,8489.3750
88200,8499.8750
88300,8516.5625
88400,8527.8438
88500,8537.6875
88600,8538.8438
88700,8525.2812
88800,8539.7188
88900,8550.0000
89000,8564.1250
89100,8557.6875
89200,8574.9062
89300,8589.0000
89400,8599.1562
89500,8607.8438
89600,8619.7812
89700,8627.3125
89800,8648.6250
89900,8649.7500
90000,8659.2500
90100,8654.5938
90200,8662.9375
90300,8729.5000
90400,8758.4688
90500,8785.2812
90600,8799.8438
90700,8800.4688
90800,8820.1250
90900,8890.7500
91000,8905.0000
91100,8907.5000
91200,8916.5000
91300,8943.3125
91400,8967.4375
91500,8967.8125
91600,8969.0625
91700,8946.3125
91800,8975.5938
91900,8982.0312
92000,8970.6875
92100,8980.4688
92200,8990.9688
92300,8996.8750
92400,8999.1250
92500,9015.2188
92600,9063.3750
92700,9086.1562
92800,9096.5625
92900,9104.3125
93000,9114.3438
93100,9122.7500
93200,9126.5938
93300,9125.9062
93400,9145.0312
93500,9142.7500
93600,9152.6250
93700,9162.9688
93800,9151.5312
93900,9135.7188
94000,9138.3438
94100,9143.4688
94200,9154.5938
94300,9175.7812
94400,9178.6875
94500,9173.6562
94600,9195.5000
94700,9202.0938
94800,9221.3125
94900,9221.1562
95000,9218.4375
95100,9242.3750
95200,9287.7500
95300,9307.8750
95400,9304.1875
95500,9330.4062
95600,9322.0312
95700,9313.7500
95800,9327.0000
95900,9327.0938
96000,9362.4688
96100,9394.2812
96200,9416.5625
96300,9419.3750
96400,9438.1875
96500,9441.2188
96600,9442.2188
96700,9442.2500
96800,9446.8750
96900,9440.0938
97000,9557.3750
97100,9560.6875
97200,9561.2500
97300,9597.3750
97400,9617.1250
97500,9665.4375
97600,9678.4375
97700,9687.8125
97800,9692.1875
97900,9698.7500
98000,9685.3750
98100,9709.8125
98200,9707.8125
98300,9717.2500
98400,9737.7500
98500,9751.2500
98600,9768.3125
98700,9781.7500
98800,9790.1250
98900,9780.0000
99000,9816.1875
99100,9830.4375
99200,9840.5000
99300,9847.3750
99400,9872.4375
99500,9867.7500
99600,9854.0625
99700,9859.3750
99800,9813.5625
99900,9788.2500
