timestamp,symbol,buyer,seller,price,quantity,currency
300,ASH_COATED_OSMIUM,,SUBMISSION,10006.0,4,XIRECS
500,INTARIAN_PEPPER_ROOT,SUBMISSION,,13007.0,10,XIRECS
1000,ASH_COATED_OSMIUM,,,10001.0,3,XIRECS
1400,INTARIAN_PEPPER_ROOT,SUBMISSION,,13008.0,10,XIRECS
3100,ASH_COATED_OSMIUM,,SUBMISSION,10019.0,6,XIRECS
3400,ASH_COATED_OSMIUM,,SUBMISSION,10011.0,6,XIRECS
3400,INTARIAN_PEPPER_ROOT,SUBMISSION,,13010.0,11,XIRECS
4800,ASH_COATED_OSMIUM,,SUBMISSION,10006.0,3,XIRECS
5600,ASH_COATED_OSMIUM,SUBMISSION,,9999.0,8,XIRECS
6400,INTARIAN_PEPPER_ROOT,SUBMISSION,,13000.0,4,XIRECS
7100,ASH_COATED_OSMIUM,,SUBMISSION,10010.0,9,XIRECS
7400,INTARIAN_PEPPER_ROOT,SUBMISSION,,13014.0,8,XIRECS
7500,ASH_COATED_OSMIUM,,SUBMISSION,10016.0,5,XIRECS
8400,ASH_COATED_OSMIUM,,SUBMISSION,10007.0,3,XIRECS
9400,INTARIAN_PEPPER_ROOT,SUBMISSION,,13016.0,11,XIRECS
9900,ASH_COATED_OSMIUM,,SUBMISSION,10008.0,5,XIRECS
9900,ASH_COATED_OSMIUM,,,9996.0,6,XIRECS
10100,INTARIAN_PEPPER_ROOT,,,13017.0,6,XIRECS
10600,ASH_COATED_OSMIUM,,SUBMISSION,10015.0,10,XIRECS
11400,INTARIAN_PEPPER_ROOT,SUBMISSION,,13018.0,10,XIRECS
12300,ASH_COATED_OSMIUM,SUBMISSION,,9998.0,6,XIRECS
13400,INTARIAN_PEPPER_ROOT,SUBMISSION,,13020.0,8,XIRECS
14200,ASH_COATED_OSMIUM,,SUBMISSION,10002.0,4,XIRECS
14600,ASH_COATED_OSMIUM,,SUBMISSION,10011.0,4,XIRECS
16800,ASH_COATED_OSMIUM,,SUBMISSION,10008.0,7,XIRECS
17600,ASH_COATED_OSMIUM,,SUBMISSION,10013.0,4,XIRECS
18000,ASH_COATED_OSMIUM,SUBMISSION,,9998.0,8,XIRECS
19200,ASH_COATED_OSMIUM,,SUBMISSION,10012.0,2,XIRECS
19300,ASH_COATED_OSMIUM,,SUBMISSION,10006.0,7,XIRECS
19300,INTARIAN_PEPPER_ROOT,SUBMISSION,,13015.0,5,XIRECS
19400,ASH_COATED_OSMIUM,,SUBMISSION,10012.0,9,XIRECS
19500,ASH_COATED_OSMIUM,SUBMISSION,,9996.0,10,XIRECS
20200,INTARIAN_PEPPER_ROOT,SUBMISSION,,13016.0,3,XIRECS
20200,INTARIAN_PEPPER_ROOT,,,13016.0,2,XIRECS
20300,ASH_COATED_OSMIUM,,SUBMISSION,10011.0,2,XIRECS
21900,INTARIAN_PEPPER_ROOT,,,13015.0,3,XIRECS
22000,ASH_COATED_OSMIUM,,SUBMISSION,10005.0,6,XIRECS
22500,ASH_COATED_OSMIUM,SUBMISSION,,9996.0,5,XIRECS
22800,INTARIAN_PEPPER_ROOT,,SUBMISSION,13029.0,4,XIRECS
23000,ASH_COATED_OSMIUM,,SUBMISSION,10010.0,4,XIRECS
24300,ASH_COATED_OSMIUM,,SUBMISSION,10010.0,4,XIRECS
26400,ASH_COATED_OSMIUM,SUBMISSION,,9998.0,10,XIRECS
26500,ASH_COATED_OSMIUM,SUBMISSION,,9998.0,5,XIRECS
28200,ASH_COATED_OSMIUM,,SUBMISSION,10007.0,5,XIRECS
28800,ASH_COATED_OSMIUM,SUBMISSION,,9992.0,10,XIRECS
28800,INTARIAN_PEPPER_ROOT,,SUBMISSION,13035.0,4,XIRECS
29000,ASH_COATED_OSMIUM,SUBMISSION,,9990.0,6,XIRECS
29300,INTARIAN_PEPPER_ROOT,SUBMISSION,,13025.0,4,XIRECS
31700,INTARIAN_PEPPER_ROOT,,,13035.0,4,XIRECS
33800,ASH_COATED_OSMIUM,,,9992.0,10,XIRECS
34000,INTARIAN_PEPPER_ROOT,SUBMISSION,,13028.0,4,XIRECS
36200,ASH_COATED_OSMIUM,SUBMISSION,,9995.0,3,XIRECS
36900,ASH_COATED_OSMIUM,SUBMISSION,,9993.0,3,XIRECS
37600,ASH_COATED_OSMIUM,,SUBMISSION,10010.0,9,XIRECS
38500,ASH_COATED_OSMIUM,,SUBMISSION,10007.0,9,XIRECS
40400,INTARIAN_PEPPER_ROOT,,,13033.0,6,XIRECS
41300,INTARIAN_PEPPER_ROOT,,,13034.0,7,XIRECS
41700,ASH_COATED_OSMIUM,,SUBMISSION,10009.0,8,XIRECS
43100,ASH_COATED_OSMIUM,SUBMISSION,,9994.0,2,XIRECS
43300,ASH_COATED_OSMIUM,,SUBMISSION,10008.0,6,XIRECS
43600,INTARIAN_PEPPER_ROOT,,,13039.0,4,XIRECS
44700,ASH_COATED_OSMIUM,SUBMISSION,,9995.0,2,XIRECS
44800,ASH_COATED_OSMIUM,SUBMISSION,,9999.0,4,XIRECS
45300,ASH_COATED_OSMIUM,SUBMISSION,,10000.0,6,XIRECS
47700,INTARIAN_PEPPER_ROOT,,,13043.0,4,XIRECS
48200,ASH_COATED_OSMIUM,SUBMISSION,,9996.0,2,XIRECS
48400,ASH_COATED_OSMIUM,SUBMISSION,,9996.0,8,XIRECS
49400,ASH_COATED_OSMIUM,,SUBMISSION,10009.0,5,XIRECS
49600,INTARIAN_PEPPER_ROOT,,,13043.0,3,XIRECS
49800,INTARIAN_PEPPER_ROOT,,,13045.0,3,XIRECS
51300,ASH_COATED_OSMIUM,SUBMISSION,,9994.0,9,XIRECS
53200,INTARIAN_PEPPER_ROOT,,SUBMISSION,13059.0,4,XIRECS
53700,ASH_COATED_OSMIUM,,SUBMISSION,10005.0,7,XIRECS
54000,ASH_COATED_OSMIUM,SUBMISSION,,9997.0,6,XIRECS
54300,ASH_COATED_OSMIUM,,SUBMISSION,10010.0,4,XIRECS
54800,ASH_COATED_OSMIUM,,SUBMISSION,10010.0,10,XIRECS
56400,ASH_COATED_OSMIUM,,SUBMISSION,10007.0,9,XIRECS
57000,ASH_COATED_OSMIUM,,SUBMISSION,10007.0,6,XIRECS
57200,ASH_COATED_OSMIUM,SUBMISSION,,9998.0,5,XIRECS
57800,ASH_COATED_OSMIUM,SUBMISSION,,9998.0,8,XIRECS
59000,ASH_COATED_OSMIUM,,,9998.0,6,XIRECS
59600,ASH_COATED_OSMIUM,,SUBMISSION,10014.0,7,XIRECS
59600,INTARIAN_PEPPER_ROOT,SUBMISSION,,13055.0,4,XIRECS
61200,ASH_COATED_OSMIUM,,,9999.0,4,XIRECS
62600,ASH_COATED_OSMIUM,,SUBMISSION,10012.0,5,XIRECS
65600,ASH_COATED_OSMIUM,,SUBMISSION,10003.0,1,XIRECS
65600,ASH_COATED_OSMIUM,,,10003.0,4,XIRECS
65700,ASH_COATED_OSMIUM,,SUBMISSION,10007.0,7,XIRECS
65700,INTARIAN_PEPPER_ROOT,,,13061.0,8,XIRECS
65800,ASH_COATED_OSMIUM,,SUBMISSION,10013.0,2,XIRECS
66100,INTARIAN_PEPPER_ROOT,,,13059.0,7,XIRECS
66400,ASH_COATED_OSMIUM,,SUBMISSION,10003.0,2,XIRECS
68300,INTARIAN_PEPPER_ROOT,,,13061.0,6,XIRECS
68500,ASH_COATED_OSMIUM,SUBMISSION,,10000.0,6,XIRECS
68500,INTARIAN_PEPPER_ROOT,,SUBMISSION,13078.0,7,XIRECS
68700,ASH_COATED_OSMIUM,SUBMISSION,,9981.0,5,XIRECS
69100,ASH_COATED_OSMIUM,SUBMISSION,,10000.0,5,XIRECS
69300,ASH_COATED_OSMIUM,,SUBMISSION,10014.0,6,XIRECS
69600,ASH_COATED_OSMIUM,,SUBMISSION,10005.0,3,XIRECS
69800,ASH_COATED_OSMIUM,,SUBMISSION,10021.0,7,XIRECS
71000,INTARIAN_PEPPER_ROOT,,SUBMISSION,13077.0,7,XIRECS
71100,ASH_COATED_OSMIUM,SUBMISSION,,10000.0,9,XIRECS
72900,ASH_COATED_OSMIUM,SUBMISSION,,9999.0,3,XIRECS
73400,INTARIAN_PEPPER_ROOT,SUBMISSION,,13078.0,7,XIRECS
73800,ASH_COATED_OSMIUM,SUBMISSION,,9999.0,5,XIRECS
74400,INTARIAN_PEPPER_ROOT,SUBMISSION,,13070.0,4,XIRECS
75900,ASH_COATED_OSMIUM,,SUBMISSION,10004.0,5,XIRECS
76000,ASH_COATED_OSMIUM,SUBMISSION,,9981.0,5,XIRECS
76200,ASH_COATED_OSMIUM,SUBMISSION,,9998.0,7,XIRECS
77000,INTARIAN_PEPPER_ROOT,,SUBMISSION,13083.0,3,XIRECS
78100,ASH_COATED_OSMIUM,,SUBMISSION,10008.0,9,XIRECS
78200,ASH_COATED_OSMIUM,,SUBMISSION,10008.0,9,XIRECS
79700,ASH_COATED_OSMIUM,,SUBMISSION,10007.0,6,XIRECS
82300,INTARIAN_PEPPER_ROOT,SUBMISSION,,13078.0,3,XIRECS
82300,ASH_COATED_OSMIUM,,,10016.0,2,XIRECS
83600,ASH_COATED_OSMIUM,,,10000.0,7,XIRECS
86900,ASH_COATED_OSMIUM,,,10010.0,8,XIRECS
87400,ASH_COATED_OSMIUM,SUBMISSION,,9999.0,7,XIRECS
87800,INTARIAN_PEPPER_ROOT,SUBMISSION,,13082.0,3,XIRECS
89300,ASH_COATED_OSMIUM,,SUBMISSION,10004.0,4,XIRECS
90600,INTARIAN_PEPPER_ROOT,,SUBMISSION,13097.0,5,XIRECS
91100,INTARIAN_PEPPER_ROOT,,,13095.0,6,XIRECS
91300,ASH_COATED_OSMIUM,,SUBMISSION,10008.0,3,XIRECS
92400,INTARIAN_PEPPER_ROOT,SUBMISSION,,13086.0,5,XIRECS
93300,ASH_COATED_OSMIUM,SUBMISSION,,9994.0,2,XIRECS
95200,ASH_COATED_OSMIUM,,SUBMISSION,10011.0,2,XIRECS
96800,ASH_COATED_OSMIUM,,,10009.0,6,XIRECS
96900,ASH_COATED_OSMIUM,SUBMISSION,,9995.0,5,XIRECS
97300,ASH_COATED_OSMIUM,SUBMISSION,,9995.0,3,XIRECS
98200,ASH_COATED_OSMIUM,,SUBMISSION,10003.0,7,XIRECS
99500,INTARIAN_PEPPER_ROOT,,,13092.0,3,XIRECS
101700,ASH_COATED_OSMIUM,SUBMISSION,,10000.0,9,XIRECS
104200,ASH_COATED_OSMIUM,,SUBMISSION,10005.0,5,XIRECS
104400,INTARIAN_PEPPER_ROOT,,,13108.0,6,XIRECS
105400,ASH_COATED_OSMIUM,SUBMISSION,,9996.0,5,XIRECS
107200,ASH_COATED_OSMIUM,,SUBMISSION,10002.0,5,XIRECS
108000,ASH_COATED_OSMIUM,,SUBMISSION,10002.0,4,XIRECS
108600,INTARIAN_PEPPER_ROOT,,SUBMISSION,13110.0,5,XIRECS
110100,INTARIAN_PEPPER_ROOT,SUBMISSION,,13106.0,4,XIRECS
111100,ASH_COATED_OSMIUM,,SUBMISSION,10005.0,1,XIRECS
112000,INTARIAN_PEPPER_ROOT,SUBMISSION,,13108.0,1,XIRECS
112200,INTARIAN_PEPPER_ROOT,,SUBMISSION,13118.0,4,XIRECS
113900,ASH_COATED_OSMIUM,SUBMISSION,,9994.0,5,XIRECS
115300,ASH_COATED_OSMIUM,,SUBMISSION,10009.0,5,XIRECS
115900,ASH_COATED_OSMIUM,SUBMISSION,,9994.0,5,XIRECS
116000,ASH_COATED_OSMIUM,SUBMISSION,,9994.0,2,XIRECS
116400,ASH_COATED_OSMIUM,SUBMISSION,,9998.0,7,XIRECS
116500,ASH_COATED_OSMIUM,SUBMISSION,,9998.0,8,XIRECS
119900,INTARIAN_PEPPER_ROOT,SUBMISSION,,13114.0,4,XIRECS
122800,ASH_COATED_OSMIUM,,SUBMISSION,10009.0,3,XIRECS
123100,ASH_COATED_OSMIUM,,SUBMISSION,10007.0,2,XIRECS
123500,INTARIAN_PEPPER_ROOT,,,13116.0,5,XIRECS
123700,ASH_COATED_OSMIUM,SUBMISSION,,9993.0,6,XIRECS
124300,ASH_COATED_OSMIUM,SUBMISSION,,9992.0,2,XIRECS
124500,ASH_COATED_OSMIUM,SUBMISSION,,10000.0,3,XIRECS
125200,ASH_COATED_OSMIUM,,SUBMISSION,10009.0,4,XIRECS
128900,ASH_COATED_OSMIUM,SUBMISSION,,9991.0,3,XIRECS
129500,INTARIAN_PEPPER_ROOT,,,13122.0,3,XIRECS
130700,INTARIAN_PEPPER_ROOT,,SUBMISSION,13140.0,7,XIRECS
131300,INTARIAN_PEPPER_ROOT,SUBMISSION,,13127.0,5,XIRECS
134000,INTARIAN_PEPPER_ROOT,SUBMISSION,,13130.0,2,XIRECS
134300,ASH_COATED_OSMIUM,,SUBMISSION,10011.0,3,XIRECS
135500,INTARIAN_PEPPER_ROOT,,,13131.0,7,XIRECS
136900,ASH_COATED_OSMIUM,SUBMISSION,,9996.0,6,XIRECS
138500,INTARIAN_PEPPER_ROOT,,SUBMISSION,13145.0,7,XIRECS
140100,INTARIAN_PEPPER_ROOT,,,13144.0,4,XIRECS
142000,ASH_COATED_OSMIUM,,SUBMISSION,10012.0,6,XIRECS
142000,INTARIAN_PEPPER_ROOT,,,13145.0,6,XIRECS
142700,ASH_COATED_OSMIUM,,SUBMISSION,10011.0,8,XIRECS
144500,INTARIAN_PEPPER_ROOT,SUBMISSION,,13140.0,5,XIRECS
145800,ASH_COATED_OSMIUM,SUBMISSION,,9999.0,7,XIRECS
146700,INTARIAN_PEPPER_ROOT,SUBMISSION,,13142.0,2,XIRECS
146900,INTARIAN_PEPPER_ROOT,,SUBMISSION,13153.0,4,XIRECS
147700,ASH_COATED_OSMIUM,,SUBMISSION,10002.0,2,XIRECS
148300,INTARIAN_PEPPER_ROOT,SUBMISSION,,13144.0,4,XIRECS
149000,ASH_COATED_OSMIUM,,SUBMISSION,10012.0,5,XIRECS
149900,ASH_COATED_OSMIUM,,SUBMISSION,10006.0,9,XIRECS
150600,INTARIAN_PEPPER_ROOT,,,13144.0,5,XIRECS
153400,INTARIAN_PEPPER_ROOT,,SUBMISSION,13159.0,6,XIRECS
153700,ASH_COATED_OSMIUM,,SUBMISSION,10005.0,5,XIRECS
153700,INTARIAN_PEPPER_ROOT,,SUBMISSION,13160.0,5,XIRECS
153800,ASH_COATED_OSMIUM,,SUBMISSION,10005.0,2,XIRECS
154200,ASH_COATED_OSMIUM,,,10000.0,5,XIRECS
154500,INTARIAN_PEPPER_ROOT,SUBMISSION,,13157.0,5,XIRECS
155000,ASH_COATED_OSMIUM,SUBMISSION,,10000.0,5,XIRECS
155100,ASH_COATED_OSMIUM,SUBMISSION,,10000.0,5,XIRECS
158200,ASH_COATED_OSMIUM,,SUBMISSION,10011.0,3,XIRECS
158700,ASH_COATED_OSMIUM,,SUBMISSION,10012.0,6,XIRECS
158900,ASH_COATED_OSMIUM,,SUBMISSION,10003.0,1,XIRECS
160500,INTARIAN_PEPPER_ROOT,,SUBMISSION,13167.0,3,XIRECS
164000,INTARIAN_PEPPER_ROOT,SUBMISSION,,13160.0,5,XIRECS
164200,INTARIAN_PEPPER_ROOT,SUBMISSION,,13158.0,4,XIRECS
165100,ASH_COATED_OSMIUM,SUBMISSION,,10000.0,2,XIRECS
165500,INTARIAN_PEPPER_ROOT,,,13161.0,4,XIRECS
167900,ASH_COATED_OSMIUM,,SUBMISSION,10009.0,2,XIRECS
168000,INTARIAN_PEPPER_ROOT,,SUBMISSION,13177.0,6,XIRECS
168200,ASH_COATED_OSMIUM,,,10017.0,6,XIRECS
168700,INTARIAN_PEPPER_ROOT,,SUBMISSION,13175.0,7,XIRECS
169400,INTARIAN_PEPPER_ROOT,SUBMISSION,,13176.0,8,XIRECS
170400,ASH_COATED_OSMIUM,SUBMISSION,,10000.0,2,XIRECS
171300,INTARIAN_PEPPER_ROOT,SUBMISSION,,13162.0,5,XIRECS
174700,ASH_COATED_OSMIUM,,SUBMISSION,10008.0,2,XIRECS
174700,ASH_COATED_OSMIUM,,,10008.0,2,XIRECS
175400,ASH_COATED_OSMIUM,,,10002.0,6,XIRECS
175800,ASH_COATED_OSMIUM,,,10002.0,10,XIRECS
179200,INTARIAN_PEPPER_ROOT,,,13175.0,4,XIRECS
179600,INTARIAN_PEPPER_ROOT,,SUBMISSION,13186.0,7,XIRECS
179800,INTARIAN_PEPPER_ROOT,SUBMISSION,,13170.0,6,XIRECS
181000,ASH_COATED_OSMIUM,,,10017.0,2,XIRECS
181000,ASH_COATED_OSMIUM,,,10017.0,10,XIRECS
181600,ASH_COATED_OSMIUM,,,10018.0,10,XIRECS
183400,INTARIAN_PEPPER_ROOT,,SUBMISSION,13189.0,5,XIRECS
184700,ASH_COATED_OSMIUM,,,10007.0,5,XIRECS
185800,INTARIAN_PEPPER_ROOT,SUBMISSION,,13180.0,4,XIRECS
188800,INTARIAN_PEPPER_ROOT,SUBMISSION,,13184.0,2,XIRECS
190100,ASH_COATED_OSMIUM,,,10003.0,7,XIRECS
190400,ASH_COATED_OSMIUM,,,10019.0,9,XIRECS
191400,INTARIAN_PEPPER_ROOT,,SUBMISSION,13201.0,5,XIRECS
192600,INTARIAN_PEPPER_ROOT,SUBMISSION,,13188.0,3,XIRECS
193100,ASH_COATED_OSMIUM,SUBMISSION,,10000.0,5,XIRECS
194400,INTARIAN_PEPPER_ROOT,SUBMISSION,,13190.0,2,XIRECS
194400,INTARIAN_PEPPER_ROOT,,,13190.0,3,XIRECS
194600,ASH_COATED_OSMIUM,SUBMISSION,,9999.0,2,XIRECS
195400,ASH_COATED_OSMIUM,,SUBMISSION,10014.0,6,XIRECS
197200,ASH_COATED_OSMIUM,,SUBMISSION,10006.0,1,XIRECS
197400,INTARIAN_PEPPER_ROOT,,SUBMISSION,13203.0,3,XIRECS
198200,ASH_COATED_OSMIUM,,,10013.0,4,XIRECS
198600,ASH_COATED_OSMIUM,,,10013.0,6,XIRECS
200200,ASH_COATED_OSMIUM,SUBMISSION,,10000.0,8,XIRECS
201800,INTARIAN_PEPPER_ROOT,,SUBMISSION,13208.0,5,XIRECS
202900,ASH_COATED_OSMIUM,SUBMISSION,,9994.0,2,XIRECS
203800,INTARIAN_PEPPER_ROOT,SUBMISSION,,13198.0,3,XIRECS
204600,ASH_COATED_OSMIUM,,SUBMISSION,10009.0,4,XIRECS
204900,ASH_COATED_OSMIUM,SUBMISSION,,9995.0,4,XIRECS
205200,ASH_COATED_OSMIUM,SUBMISSION,,9994.0,4,XIRECS
206800,INTARIAN_PEPPER_ROOT,SUBMISSION,,13202.0,5,XIRECS
207600,INTARIAN_PEPPER_ROOT,,,13211.0,4,XIRECS
210400,ASH_COATED_OSMIUM,,SUBMISSION,10002.0,4,XIRECS
211300,ASH_COATED_OSMIUM,,SUBMISSION,10011.0,10,XIRECS
211300,INTARIAN_PEPPER_ROOT,,,13204.0,3,XIRECS
212500,INTARIAN_PEPPER_ROOT,,,13205.0,5,XIRECS
213400,ASH_COATED_OSMIUM,,,10005.0,4,XIRECS
213400,INTARIAN_PEPPER_ROOT,,,13206.0,7,XIRECS
214000,ASH_COATED_OSMIUM,SUBMISSION,,9998.0,10,XIRECS
214100,ASH_COATED_OSMIUM,,SUBMISSION,10002.0,5,XIRECS
214100,INTARIAN_PEPPER_ROOT,,,13207.0,3,XIRECS
214300,ASH_COATED_OSMIUM,,SUBMISSION,10012.0,2,XIRECS
215600,ASH_COATED_OSMIUM,,,9997.0,9,XIRECS
216200,ASH_COATED_OSMIUM,,SUBMISSION,10002.0,3,XIRECS
216300,INTARIAN_PEPPER_ROOT,,,13209.0,7,XIRECS
216900,ASH_COATED_OSMIUM,,,10002.0,2,XIRECS
217100,INTARIAN_PEPPER_ROOT,,,13221.0,4,XIRECS
217300,INTARIAN_PEPPER_ROOT,,,13210.0,6,XIRECS
217900,ASH_COATED_OSMIUM,,,10013.0,2,XIRECS
219700,INTARIAN_PEPPER_ROOT,,SUBMISSION,13226.0,3,XIRECS
220300,ASH_COATED_OSMIUM,,,10003.0,5,XIRECS
221800,INTARIAN_PEPPER_ROOT,SUBMISSION,,13217.0,3,XIRECS
225400,ASH_COATED_OSMIUM,,,10007.0,3,XIRECS
225600,ASH_COATED_OSMIUM,,,10006.0,5,XIRECS
225800,ASH_COATED_OSMIUM,,,10006.0,6,XIRECS
226100,ASH_COATED_OSMIUM,,,10007.0,3,XIRECS
231200,ASH_COATED_OSMIUM,SUBMISSION,,9991.0,3,XIRECS
231700,INTARIAN_PEPPER_ROOT,,,13225.0,7,XIRECS
231900,INTARIAN_PEPPER_ROOT,,SUBMISSION,13238.0,3,XIRECS
232700,ASH_COATED_OSMIUM,SUBMISSION,,9997.0,2,XIRECS
234200,ASH_COATED_OSMIUM,,SUBMISSION,10003.0,5,XIRECS
234700,ASH_COATED_OSMIUM,,,10004.0,7,XIRECS
236500,ASH_COATED_OSMIUM,SUBMISSION,,9994.0,9,XIRECS
236900,INTARIAN_PEPPER_ROOT,SUBMISSION,,13231.0,3,XIRECS
236900,INTARIAN_PEPPER_ROOT,,,13231.0,3,XIRECS
238400,ASH_COATED_OSMIUM,,SUBMISSION,10002.0,2,XIRECS
238500,INTARIAN_PEPPER_ROOT,,SUBMISSION,13245.0,6,XIRECS
238800,INTARIAN_PEPPER_ROOT,SUBMISSION,,13233.0,4,XIRECS
239400,INTARIAN_PEPPER_ROOT,SUBMISSION,,13235.0,2,XIRECS
239400,INTARIAN_PEPPER_ROOT,,,13235.0,4,XIRECS
239600,ASH_COATED_OSMIUM,SUBMISSION,,9989.0,5,XIRECS
240200,INTARIAN_PEPPER_ROOT,,,13244.0,3,XIRECS
240400,ASH_COATED_OSMIUM,SUBMISSION,,9993.0,4,XIRECS
241000,ASH_COATED_OSMIUM,SUBMISSION,,9998.0,4,XIRECS
242200,INTARIAN_PEPPER_ROOT,,,13235.0,4,XIRECS
243100,INTARIAN_PEPPER_ROOT,,SUBMISSION,13253.0,7,XIRECS
243300,ASH_COATED_OSMIUM,SUBMISSION,,9998.0,5,XIRECS
243900,ASH_COATED_OSMIUM,SUBMISSION,,9995.0,9,XIRECS
247000,ASH_COATED_OSMIUM,SUBMISSION,,9996.0,4,XIRECS
247100,ASH_COATED_OSMIUM,,SUBMISSION,10002.0,9,XIRECS
247600,INTARIAN_PEPPER_ROOT,,SUBMISSION,13254.0,3,XIRECS
248300,INTARIAN_PEPPER_ROOT,SUBMISSION,,13244.0,5,XIRECS
249300,ASH_COATED_OSMIUM,SUBMISSION,,9981.0,5,XIRECS
251200,INTARIAN_PEPPER_ROOT,SUBMISSION,,13247.0,5,XIRECS
251200,INTARIAN_PEPPER_ROOT,,,13247.0,3,XIRECS
252700,INTARIAN_PEPPER_ROOT,,,13246.0,5,XIRECS
253200,ASH_COATED_OSMIUM,SUBMISSION,,9990.0,5,XIRECS
254500,ASH_COATED_OSMIUM,SUBMISSION,,9999.0,2,XIRECS
254600,ASH_COATED_OSMIUM,SUBMISSION,,9999.0,5,XIRECS
256400,INTARIAN_PEPPER_ROOT,,,13249.0,6,XIRECS
256800,ASH_COATED_OSMIUM,SUBMISSION,,9992.0,5,XIRECS
257800,ASH_COATED_OSMIUM,SUBMISSION,,9992.0,2,XIRECS
258900,ASH_COATED_OSMIUM,,SUBMISSION,10006.0,2,XIRECS
259000,ASH_COATED_OSMIUM,SUBMISSION,,10000.0,5,XIRECS
259700,ASH_COATED_OSMIUM,SUBMISSION,,10000.0,5,XIRECS
261200,ASH_COATED_OSMIUM,SUBMISSION,,9991.0,3,XIRECS
262300,INTARIAN_PEPPER_ROOT,,SUBMISSION,13268.0,5,XIRECS
264400,ASH_COATED_OSMIUM,SUBMISSION,,9993.0,3,XIRECS
268600,ASH_COATED_OSMIUM,,SUBMISSION,10004.0,2,XIRECS
269200,ASH_COATED_OSMIUM,SUBMISSION,,9987.0,6,XIRECS
269300,INTARIAN_PEPPER_ROOT,SUBMISSION,,13265.0,5,XIRECS
270600,ASH_COATED_OSMIUM,SUBMISSION,,9990.0,3,XIRECS
271100,INTARIAN_PEPPER_ROOT,,,13264.0,6,XIRECS
272400,INTARIAN_PEPPER_ROOT,,,13265.0,5,XIRECS
272500,ASH_COATED_OSMIUM,SUBMISSION,,9999.0,5,XIRECS
273700,ASH_COATED_OSMIUM,,SUBMISSION,10004.0,3,XIRECS
275300,INTARIAN_PEPPER_ROOT,,,13279.0,8,XIRECS
275500,INTARIAN_PEPPER_ROOT,,,13268.0,4,XIRECS
276900,ASH_COATED_OSMIUM,SUBMISSION,,9996.0,8,XIRECS
278100,INTARIAN_PEPPER_ROOT,,,13271.0,4,XIRECS
278900,INTARIAN_PEPPER_ROOT,,,13272.0,7,XIRECS
280000,ASH_COATED_OSMIUM,SUBMISSION,,9994.0,7,XIRECS
280300,ASH_COATED_OSMIUM,,SUBMISSION,10004.0,8,XIRECS
282000,INTARIAN_PEPPER_ROOT,,,13275.0,7,XIRECS
283600,ASH_COATED_OSMIUM,SUBMISSION,,9994.0,4,XIRECS
285200,ASH_COATED_OSMIUM,,SUBMISSION,10002.0,6,XIRECS
285300,ASH_COATED_OSMIUM,SUBMISSION,,9989.0,10,XIRECS
286600,ASH_COATED_OSMIUM,SUBMISSION,,9997.0,2,XIRECS
287000,ASH_COATED_OSMIUM,,,9997.0,4,XIRECS
288300,ASH_COATED_OSMIUM,SUBMISSION,,9993.0,6,XIRECS
288300,INTARIAN_PEPPER_ROOT,,,13281.0,6,XIRECS
288700,INTARIAN_PEPPER_ROOT,,SUBMISSION,13295.0,7,XIRECS
291500,INTARIAN_PEPPER_ROOT,SUBMISSION,,13285.0,4,XIRECS
294800,INTARIAN_PEPPER_ROOT,SUBMISSION,,13285.0,3,XIRECS
295700,ASH_COATED_OSMIUM,,SUBMISSION,10002.0,7,XIRECS
296700,ASH_COATED_OSMIUM,SUBMISSION,,9993.0,6,XIRECS
297200,INTARIAN_PEPPER_ROOT,,,13290.0,7,XIRECS
298600,ASH_COATED_OSMIUM,SUBMISSION,,9989.0,6,XIRECS
298600,ASH_COATED_OSMIUM,,SUBMISSION,10003.0,6,XIRECS
298700,ASH_COATED_OSMIUM,,SUBMISSION,10003.0,6,XIRECS
300700,ASH_COATED_OSMIUM,,SUBMISSION,10005.0,6,XIRECS
300800,INTARIAN_PEPPER_ROOT,,SUBMISSION,13307.0,3,XIRECS
300900,ASH_COATED_OSMIUM,SUBMISSION,,9998.0,2,XIRECS
303500,ASH_COATED_OSMIUM,SUBMISSION,,9997.0,2,XIRECS
303500,ASH_COATED_OSMIUM,SUBMISSION,,9989.0,8,XIRECS
303800,ASH_COATED_OSMIUM,SUBMISSION,,9997.0,2,XIRECS
304800,ASH_COATED_OSMIUM,,SUBMISSION,10003.0,5,XIRECS
305000,ASH_COATED_OSMIUM,SUBMISSION,,9981.0,5,XIRECS
305800,INTARIAN_PEPPER_ROOT,,SUBMISSION,13312.0,6,XIRECS
307100,ASH_COATED_OSMIUM,SUBMISSION,,9996.0,8,XIRECS
308200,ASH_COATED_OSMIUM,SUBMISSION,,9992.0,6,XIRECS
308400,ASH_COATED_OSMIUM,,SUBMISSION,10006.0,4,XIRECS
308600,ASH_COATED_OSMIUM,SUBMISSION,,9992.0,5,XIRECS
309100,ASH_COATED_OSMIUM,SUBMISSION,,9992.0,3,XIRECS
310800,ASH_COATED_OSMIUM,SUBMISSION,,9992.0,4,XIRECS
313000,INTARIAN_PEPPER_ROOT,,,13316.0,5,XIRECS
313400,ASH_COATED_OSMIUM,SUBMISSION,,9993.0,5,XIRECS
314500,INTARIAN_PEPPER_ROOT,SUBMISSION,,13310.0,4,XIRECS
315200,ASH_COATED_OSMIUM,SUBMISSION,,9994.0,3,XIRECS
316300,INTARIAN_PEPPER_ROOT,SUBMISSION,,13310.0,4,XIRECS
318000,INTARIAN_PEPPER_ROOT,SUBMISSION,,13312.0,1,XIRECS
318400,ASH_COATED_OSMIUM,SUBMISSION,,9999.0,6,XIRECS
318400,INTARIAN_PEPPER_ROOT,,SUBMISSION,13325.0,6,XIRECS
319400,INTARIAN_PEPPER_ROOT,,SUBMISSION,13329.0,5,XIRECS
321700,INTARIAN_PEPPER_ROOT,,,13329.0,3,XIRECS
322400,ASH_COATED_OSMIUM,,SUBMISSION,10005.0,4,XIRECS
322600,INTARIAN_PEPPER_ROOT,SUBMISSION,,13313.0,3,XIRECS
323600,ASH_COATED_OSMIUM,,SUBMISSION,10010.0,5,XIRECS
323800,ASH_COATED_OSMIUM,,SUBMISSION,10013.0,2,XIRECS
324300,ASH_COATED_OSMIUM,,,9994.0,4,XIRECS
325300,ASH_COATED_OSMIUM,SUBMISSION,,9995.0,6,XIRECS
325700,ASH_COATED_OSMIUM,SUBMISSION,,9995.0,6,XIRECS
326500,ASH_COATED_OSMIUM,,SUBMISSION,10010.0,5,XIRECS
327100,INTARIAN_PEPPER_ROOT,SUBMISSION,,13321.0,6,XIRECS
327500,INTARIAN_PEPPER_ROOT,,SUBMISSION,13337.0,4,XIRECS
327900,ASH_COATED_OSMIUM,SUBMISSION,,9996.0,3,XIRECS
328500,ASH_COATED_OSMIUM,,SUBMISSION,10011.0,5,XIRECS
328500,INTARIAN_PEPPER_ROOT,SUBMISSION,,13324.0,4,XIRECS
329500,INTARIAN_PEPPER_ROOT,SUBMISSION,,13323.0,2,XIRECS
329500,INTARIAN_PEPPER_ROOT,,,13323.0,3,XIRECS
332200,INTARIAN_PEPPER_ROOT,,SUBMISSION,13338.0,7,XIRECS
332300,INTARIAN_PEPPER_ROOT,,SUBMISSION,13338.0,6,XIRECS
333100,ASH_COATED_OSMIUM,,SUBMISSION,10002.0,7,XIRECS
333100,INTARIAN_PEPPER_ROOT,SUBMISSION,,13329.0,4,XIRECS
334900,ASH_COATED_OSMIUM,,SUBMISSION,10011.0,6,XIRECS
335300,INTARIAN_PEPPER_ROOT,SUBMISSION,,13331.0,3,XIRECS
335900,ASH_COATED_OSMIUM,SUBMISSION,,9999.0,4,XIRECS
336300,ASH_COATED_OSMIUM,,SUBMISSION,10008.0,2,XIRECS
337700,ASH_COATED_OSMIUM,,SUBMISSION,10009.0,8,XIRECS
338500,ASH_COATED_OSMIUM,,SUBMISSION,10003.0,8,XIRECS
339500,ASH_COATED_OSMIUM,,SUBMISSION,10008.0,5,XIRECS
339900,ASH_COATED_OSMIUM,SUBMISSION,,9992.0,3,XIRECS
340800,INTARIAN_PEPPER_ROOT,,SUBMISSION,13347.0,4,XIRECS
341100,INTARIAN_PEPPER_ROOT,,SUBMISSION,13347.0,6,XIRECS
341500,ASH_COATED_OSMIUM,,SUBMISSION,10006.0,5,XIRECS
341500,ASH_COATED_OSMIUM,,SUBMISSION,10011.0,4,XIRECS
341900,ASH_COATED_OSMIUM,,SUBMISSION,10002.0,3,XIRECS
342000,INTARIAN_PEPPER_ROOT,SUBMISSION,,13337.0,6,XIRECS
343200,ASH_COATED_OSMIUM,SUBMISSION,,9997.0,2,XIRECS
343500,INTARIAN_PEPPER_ROOT,,SUBMISSION,13351.0,4,XIRECS
344200,INTARIAN_PEPPER_ROOT,SUBMISSION,,13349.0,4,XIRECS
344700,ASH_COATED_OSMIUM,SUBMISSION,,9996.0,3,XIRECS
346100,ASH_COATED_OSMIUM,SUBMISSION,,9996.0,3,XIRECS
346900,ASH_COATED_OSMIUM,SUBMISSION,,9997.0,5,XIRECS
346900,ASH_COATED_OSMIUM,,SUBMISSION,10011.0,10,XIRECS
348800,ASH_COATED_OSMIUM,SUBMISSION,,9996.0,5,XIRECS
348900,ASH_COATED_OSMIUM,,SUBMISSION,10002.0,4,XIRECS
348900,INTARIAN_PEPPER_ROOT,,SUBMISSION,13355.0,3,XIRECS
349300,INTARIAN_PEPPER_ROOT,SUBMISSION,,13351.0,12,XIRECS
349600,ASH_COATED_OSMIUM,,SUBMISSION,10010.0,3,XIRECS
349700,ASH_COATED_OSMIUM,SUBMISSION,,10000.0,9,XIRECS
350000,INTARIAN_PEPPER_ROOT,SUBMISSION,,13340.0,1,XIRECS
350400,ASH_COATED_OSMIUM,SUBMISSION,,9996.0,5,XIRECS
351600,INTARIAN_PEPPER_ROOT,,SUBMISSION,13358.0,7,XIRECS
353300,INTARIAN_PEPPER_ROOT,SUBMISSION,,13347.0,7,XIRECS
353400,ASH_COATED_OSMIUM,,SUBMISSION,10010.0,5,XIRECS
354700,ASH_COATED_OSMIUM,SUBMISSION,,9993.0,5,XIRECS
355700,ASH_COATED_OSMIUM,SUBMISSION,,9994.0,5,XIRECS
357500,ASH_COATED_OSMIUM,SUBMISSION,,9999.0,10,XIRECS
359000,ASH_COATED_OSMIUM,,SUBMISSION,10021.0,5,XIRECS
361400,INTARIAN_PEPPER_ROOT,,,13351.0,3,XIRECS
363900,ASH_COATED_OSMIUM,,SUBMISSION,10003.0,4,XIRECS
363900,INTARIAN_PEPPER_ROOT,,SUBMISSION,13370.0,3,XIRECS
364400,ASH_COATED_OSMIUM,,SUBMISSION,10003.0,3,XIRECS
364900,INTARIAN_PEPPER_ROOT,SUBMISSION,,13360.0,3,XIRECS
365600,ASH_COATED_OSMIUM,,SUBMISSION,10008.0,5,XIRECS
365800,ASH_COATED_OSMIUM,,SUBMISSION,10014.0,4,XIRECS
366900,ASH_COATED_OSMIUM,SUBMISSION,,9999.0,6,XIRECS
367100,ASH_COATED_OSMIUM,SUBMISSION,,9981.0,2,XIRECS
367400,ASH_COATED_OSMIUM,,SUBMISSION,10003.0,2,XIRECS
368400,ASH_COATED_OSMIUM,,SUBMISSION,10014.0,10,XIRECS
369900,ASH_COATED_OSMIUM,,SUBMISSION,10015.0,4,XIRECS
370800,ASH_COATED_OSMIUM,,SUBMISSION,10005.0,2,XIRECS
371300,INTARIAN_PEPPER_ROOT,,SUBMISSION,13377.0,6,XIRECS
371600,ASH_COATED_OSMIUM,,SUBMISSION,10021.0,5,XIRECS
371700,ASH_COATED_OSMIUM,,SUBMISSION,10006.0,2,XIRECS
372000,ASH_COATED_OSMIUM,,SUBMISSION,10015.0,8,XIRECS
372800,INTARIAN_PEPPER_ROOT,SUBMISSION,,13367.0,6,XIRECS
375300,ASH_COATED_OSMIUM,,SUBMISSION,10012.0,6,XIRECS
375800,INTARIAN_PEPPER_ROOT,,,13369.0,5,XIRECS
376100,ASH_COATED_OSMIUM,,SUBMISSION,10002.0,4,XIRECS
376700,INTARIAN_PEPPER_ROOT,,,13370.0,4,XIRECS
377200,ASH_COATED_OSMIUM,,,10001.0,4,XIRECS
378300,ASH_COATED_OSMIUM,SUBMISSION,,9981.0,4,XIRECS
379400,INTARIAN_PEPPER_ROOT,,,13372.0,3,XIRECS
379700,ASH_COATED_OSMIUM,SUBMISSION,,9999.0,6,XIRECS
382000,ASH_COATED_OSMIUM,,SUBMISSION,10013.0,6,XIRECS
382500,ASH_COATED_OSMIUM,,SUBMISSION,10003.0,2,XIRECS
383900,ASH_COATED_OSMIUM,,SUBMISSION,10012.0,7,XIRECS
384200,ASH_COATED_OSMIUM,SUBMISSION,,9997.0,10,XIRECS
385300,ASH_COATED_OSMIUM,,SUBMISSION,10005.0,9,XIRECS
386900,ASH_COATED_OSMIUM,SUBMISSION,,9997.0,5,XIRECS
387600,INTARIAN_PEPPER_ROOT,,,13380.0,5,XIRECS
387800,ASH_COATED_OSMIUM,,SUBMISSION,10002.0,4,XIRECS
389100,ASH_COATED_OSMIUM,,SUBMISSION,10007.0,7,XIRECS
389400,ASH_COATED_OSMIUM,,SUBMISSION,10012.0,3,XIRECS
389500,ASH_COATED_OSMIUM,SUBMISSION,,9998.0,6,XIRECS
390100,ASH_COATED_OSMIUM,,SUBMISSION,10012.0,5,XIRECS
391000,ASH_COATED_OSMIUM,,SUBMISSION,10012.0,6,XIRECS
391600,INTARIAN_PEPPER_ROOT,,,13384.0,4,XIRECS
391800,ASH_COATED_OSMIUM,,SUBMISSION,10003.0,3,XIRECS
392000,ASH_COATED_OSMIUM,,SUBMISSION,10012.0,8,XIRECS
392300,INTARIAN_PEPPER_ROOT,,,13388.0,5,XIRECS
392500,ASH_COATED_OSMIUM,,SUBMISSION,10003.0,5,XIRECS
394600,ASH_COATED_OSMIUM,SUBMISSION,,9997.0,7,XIRECS
394800,ASH_COATED_OSMIUM,,SUBMISSION,10002.0,5,XIRECS
394900,ASH_COATED_OSMIUM,,SUBMISSION,10002.0,5,XIRECS
396000,INTARIAN_PEPPER_ROOT,,,13400.0,8,XIRECS
396100,ASH_COATED_OSMIUM,SUBMISSION,,9998.0,5,XIRECS
396800,ASH_COATED_OSMIUM,SUBMISSION,,9998.0,4,XIRECS
397500,INTARIAN_PEPPER_ROOT,,SUBMISSION,13404.0,6,XIRECS
398400,INTARIAN_PEPPER_ROOT,SUBMISSION,,13394.0,6,XIRECS
398600,ASH_COATED_OSMIUM,,SUBMISSION,10006.0,8,XIRECS
399000,ASH_COATED_OSMIUM,,SUBMISSION,10002.0,2,XIRECS
400000,ASH_COATED_OSMIUM,,SUBMISSION,10007.0,9,XIRECS
400100,INTARIAN_PEPPER_ROOT,,,13396.0,8,XIRECS
400500,ASH_COATED_OSMIUM,,SUBMISSION,10002.0,3,XIRECS
402200,INTARIAN_PEPPER_ROOT,,,13395.0,6,XIRECS
404000,ASH_COATED_OSMIUM,,SUBMISSION,10004.0,7,XIRECS
404000,ASH_COATED_OSMIUM,SUBMISSION,,10000.0,5,XIRECS
404000,INTARIAN_PEPPER_ROOT,,SUBMISSION,13410.0,4,XIRECS
404200,INTARIAN_PEPPER_ROOT,,,13408.0,4,XIRECS
404700,INTARIAN_PEPPER_ROOT,,SUBMISSION,13411.0,5,XIRECS
405000,ASH_COATED_OSMIUM,SUBMISSION,,9997.0,5,XIRECS
405300,ASH_COATED_OSMIUM,,SUBMISSION,10004.0,5,XIRECS
406400,INTARIAN_PEPPER_ROOT,,,13410.0,5,XIRECS
408100,ASH_COATED_OSMIUM,,SUBMISSION,10004.0,5,XIRECS
408600,ASH_COATED_OSMIUM,,SUBMISSION,10008.0,6,XIRECS
409700,INTARIAN_PEPPER_ROOT,SUBMISSION,,13403.0,5,XIRECS
410500,ASH_COATED_OSMIUM,,,10009.0,2,XIRECS
411200,INTARIAN_PEPPER_ROOT,,,13415.0,7,XIRECS
411300,INTARIAN_PEPPER_ROOT,,,13415.0,7,XIRECS
412500,ASH_COATED_OSMIUM,,,10009.0,4,XIRECS
413600,ASH_COATED_OSMIUM,SUBMISSION,,9999.0,7,XIRECS
415600,ASH_COATED_OSMIUM,SUBMISSION,,9992.0,9,XIRECS
415700,INTARIAN_PEPPER_ROOT,,,13419.0,3,XIRECS
416800,ASH_COATED_OSMIUM,SUBMISSION,,9992.0,8,XIRECS
419500,ASH_COATED_OSMIUM,SUBMISSION,,9990.0,9,XIRECS
419900,INTARIAN_PEPPER_ROOT,,,13423.0,6,XIRECS
420400,ASH_COATED_OSMIUM,SUBMISSION,,9993.0,4,XIRECS
423800,ASH_COATED_OSMIUM,,SUBMISSION,10004.0,7,XIRECS
424500,INTARIAN_PEPPER_ROOT,,,13428.0,7,XIRECS
424700,ASH_COATED_OSMIUM,SUBMISSION,,9996.0,6,XIRECS
425100,ASH_COATED_OSMIUM,,SUBMISSION,10010.0,4,XIRECS
428300,ASH_COATED_OSMIUM,SUBMISSION,,9994.0,3,XIRECS
428300,ASH_COATED_OSMIUM,,SUBMISSION,10013.0,5,XIRECS
429300,ASH_COATED_OSMIUM,SUBMISSION,,9996.0,2,XIRECS
430200,ASH_COATED_OSMIUM,SUBMISSION,,9997.0,8,XIRECS
430900,INTARIAN_PEPPER_ROOT,,SUBMISSION,13437.0,5,XIRECS
431000,INTARIAN_PEPPER_ROOT,,,13435.0,5,XIRECS
431200,INTARIAN_PEPPER_ROOT,,SUBMISSION,13437.0,4,XIRECS
431900,ASH_COATED_OSMIUM,SUBMISSION,,9997.0,5,XIRECS
433500,INTARIAN_PEPPER_ROOT,,,13441.0,7,XIRECS
434600,INTARIAN_PEPPER_ROOT,SUBMISSION,,13437.0,9,XIRECS
434700,ASH_COATED_OSMIUM,SUBMISSION,,9997.0,5,XIRECS
435300,INTARIAN_PEPPER_ROOT,SUBMISSION,,13431.0,4,XIRECS
435300,INTARIAN_PEPPER_ROOT,,,13431.0,4,XIRECS
435500,ASH_COATED_OSMIUM,,SUBMISSION,10010.0,9,XIRECS
438000,INTARIAN_PEPPER_ROOT,,,13433.0,7,XIRECS
438500,ASH_COATED_OSMIUM,,SUBMISSION,10007.0,5,XIRECS
439100,INTARIAN_PEPPER_ROOT,,,13432.0,7,XIRECS
440500,INTARIAN_PEPPER_ROOT,,SUBMISSION,13450.0,5,XIRECS
441700,INTARIAN_PEPPER_ROOT,,SUBMISSION,13448.0,3,XIRECS
444100,INTARIAN_PEPPER_ROOT,,SUBMISSION,13450.0,3,XIRECS
444300,INTARIAN_PEPPER_ROOT,SUBMISSION,,13440.0,7,XIRECS
445400,INTARIAN_PEPPER_ROOT,,SUBMISSION,13452.0,6,XIRECS
446800,ASH_COATED_OSMIUM,,SUBMISSION,10004.0,6,XIRECS
446800,ASH_COATED_OSMIUM,,SUBMISSION,10009.0,9,XIRECS
446900,INTARIAN_PEPPER_ROOT,,SUBMISSION,13453.0,6,XIRECS
447000,ASH_COATED_OSMIUM,SUBMISSION,,9995.0,6,XIRECS
450900,ASH_COATED_OSMIUM,,SUBMISSION,10007.0,2,XIRECS
451500,INTARIAN_PEPPER_ROOT,SUBMISSION,,13454.0,6,XIRECS
452000,ASH_COATED_OSMIUM,,,10007.0,5,XIRECS
453500,INTARIAN_PEPPER_ROOT,SUBMISSION,,13449.0,8,XIRECS
455200,INTARIAN_PEPPER_ROOT,SUBMISSION,,13451.0,2,XIRECS
455200,INTARIAN_PEPPER_ROOT,,,13451.0,4,XIRECS
455700,ASH_COATED_OSMIUM,,SUBMISSION,10004.0,5,XIRECS
456000,ASH_COATED_OSMIUM,SUBMISSION,,9991.0,4,XIRECS
456400,ASH_COATED_OSMIUM,SUBMISSION,,10000.0,5,XIRECS
456500,INTARIAN_PEPPER_ROOT,,,13449.0,4,XIRECS
457400,ASH_COATED_OSMIUM,SUBMISSION,,9991.0,3,XIRECS
457500,ASH_COATED_OSMIUM,SUBMISSION,,10000.0,2,XIRECS
459100,ASH_COATED_OSMIUM,SUBMISSION,,9991.0,2,XIRECS
460100,ASH_COATED_OSMIUM,,,10007.0,2,XIRECS
462600,ASH_COATED_OSMIUM,SUBMISSION,,9992.0,6,XIRECS
463300,ASH_COATED_OSMIUM,SUBMISSION,,9992.0,10,XIRECS
463800,ASH_COATED_OSMIUM,SUBMISSION,,9981.0,10,XIRECS
464000,ASH_COATED_OSMIUM,SUBMISSION,,9992.0,6,XIRECS
465100,ASH_COATED_OSMIUM,,SUBMISSION,10007.0,3,XIRECS
465300,INTARIAN_PEPPER_ROOT,,,13469.0,8,XIRECS
465400,INTARIAN_PEPPER_ROOT,,SUBMISSION,13472.0,7,XIRECS
467400,INTARIAN_PEPPER_ROOT,,SUBMISSION,13475.0,3,XIRECS
468000,INTARIAN_PEPPER_ROOT,SUBMISSION,,13463.0,3,XIRECS
468500,ASH_COATED_OSMIUM,,,9991.0,5,XIRECS
468600,ASH_COATED_OSMIUM,,SUBMISSION,10006.0,2,XIRECS
468800,ASH_COATED_OSMIUM,SUBMISSION,,9996.0,9,XIRECS
469300,INTARIAN_PEPPER_ROOT,SUBMISSION,,13465.0,6,XIRECS
469600,INTARIAN_PEPPER_ROOT,SUBMISSION,,13465.0,1,XIRECS
471600,ASH_COATED_OSMIUM,SUBMISSION,,9994.0,4,XIRECS
472300,ASH_COATED_OSMIUM,,SUBMISSION,10007.0,3,XIRECS
472800,ASH_COATED_OSMIUM,SUBMISSION,,9997.0,8,XIRECS
473900,ASH_COATED_OSMIUM,SUBMISSION,,9997.0,9,XIRECS
474700,INTARIAN_PEPPER_ROOT,,SUBMISSION,13481.0,4,XIRECS
475000,ASH_COATED_OSMIUM,SUBMISSION,,9997.0,7,XIRECS
475600,ASH_COATED_OSMIUM,SUBMISSION,,9996.0,8,XIRECS
477700,INTARIAN_PEPPER_ROOT,SUBMISSION,,13471.0,4,XIRECS
478700,INTARIAN_PEPPER_ROOT,,,13471.0,4,XIRECS
480200,ASH_COATED_OSMIUM,SUBMISSION,,9988.0,6,XIRECS
480900,ASH_COATED_OSMIUM,SUBMISSION,,9988.0,6,XIRECS
481100,ASH_COATED_OSMIUM,SUBMISSION,,9997.0,2,XIRECS
481600,ASH_COATED_OSMIUM,SUBMISSION,,9989.0,4,XIRECS
481800,ASH_COATED_OSMIUM,,SUBMISSION,10003.0,3,XIRECS
482000,ASH_COATED_OSMIUM,SUBMISSION,,9988.0,7,XIRECS
482300,ASH_COATED_OSMIUM,,SUBMISSION,10003.0,3,XIRECS
482600,INTARIAN_PEPPER_ROOT,,SUBMISSION,13489.0,4,XIRECS
483000,ASH_COATED_OSMIUM,SUBMISSION,,9988.0,5,XIRECS
483100,ASH_COATED_OSMIUM,,SUBMISSION,10002.0,5,XIRECS
483200,INTARIAN_PEPPER_ROOT,SUBMISSION,,13477.0,4,XIRECS
483700,INTARIAN_PEPPER_ROOT,,,13476.0,7,XIRECS
484300,ASH_COATED_OSMIUM,SUBMISSION,,9996.0,3,XIRECS
484800,INTARIAN_PEPPER_ROOT,,,13478.0,7,XIRECS
485100,INTARIAN_PEPPER_ROOT,,,13478.0,6,XIRECS
487400,ASH_COATED_OSMIUM,SUBMISSION,,9995.0,5,XIRECS
488100,ASH_COATED_OSMIUM,SUBMISSION,,9984.0,5,XIRECS
488600,ASH_COATED_OSMIUM,SUBMISSION,,9996.0,5,XIRECS
488800,ASH_COATED_OSMIUM,SUBMISSION,,9987.0,7,XIRECS
489200,ASH_COATED_OSMIUM,SUBMISSION,,9992.0,5,XIRECS
490000,ASH_COATED_OSMIUM,SUBMISSION,,9997.0,5,XIRECS
490100,ASH_COATED_OSMIUM,SUBMISSION,,9997.0,1,XIRECS
490600,ASH_COATED_OSMIUM,,,10002.0,5,XIRECS
490900,INTARIAN_PEPPER_ROOT,,,13494.0,5,XIRECS
491300,INTARIAN_PEPPER_ROOT,,,13484.0,6,XIRECS
491900,ASH_COATED_OSMIUM,,,10002.0,4,XIRECS
494600,ASH_COATED_OSMIUM,,SUBMISSION,10004.0,3,XIRECS
495700,ASH_COATED_OSMIUM,SUBMISSION,,9988.0,3,XIRECS
496000,ASH_COATED_OSMIUM,,,9986.0,4,XIRECS
496200,INTARIAN_PEPPER_ROOT,,,13489.0,5,XIRECS
496200,INTARIAN_PEPPER_ROOT,,,13492.0,5,XIRECS
497500,ASH_COATED_OSMIUM,,,9984.0,6,XIRECS
498400,ASH_COATED_OSMIUM,,,9988.0,5,XIRECS
499500,ASH_COATED_OSMIUM,,SUBMISSION,10002.0,3,XIRECS
502900,ASH_COATED_OSMIUM,SUBMISSION,,9990.0,3,XIRECS
505800,ASH_COATED_OSMIUM,,,9990.0,3,XIRECS
505900,ASH_COATED_OSMIUM,,,9990.0,8,XIRECS
506100,ASH_COATED_OSMIUM,,SUBMISSION,10021.0,2,XIRECS
506200,INTARIAN_PEPPER_ROOT,,,13502.0,5,XIRECS
508500,ASH_COATED_OSMIUM,SUBMISSION,,9992.0,2,XIRECS
510200,ASH_COATED_OSMIUM,,SUBMISSION,10021.0,5,XIRECS
510200,INTARIAN_PEPPER_ROOT,,SUBMISSION,13517.0,4,XIRECS
512300,ASH_COATED_OSMIUM,,SUBMISSION,10007.0,2,XIRECS
512700,INTARIAN_PEPPER_ROOT,,SUBMISSION,13522.0,3,XIRECS
513700,ASH_COATED_OSMIUM,SUBMISSION,,9995.0,5,XIRECS
514300,ASH_COATED_OSMIUM,,SUBMISSION,10003.0,7,XIRECS
514700,ASH_COATED_OSMIUM,SUBMISSION,,9993.0,5,XIRECS
516800,INTARIAN_PEPPER_ROOT,SUBMISSION,,13512.0,5,XIRECS
517600,ASH_COATED_OSMIUM,,SUBMISSION,10005.0,5,XIRECS
517600,ASH_COATED_OSMIUM,,,10005.0,4,XIRECS
517700,INTARIAN_PEPPER_ROOT,SUBMISSION,,13511.0,2,XIRECS
518700,INTARIAN_PEPPER_ROOT,,SUBMISSION,13525.0,6,XIRECS
520200,ASH_COATED_OSMIUM,SUBMISSION,,9999.0,6,XIRECS
520500,INTARIAN_PEPPER_ROOT,SUBMISSION,,13516.0,4,XIRECS
520500,INTARIAN_PEPPER_ROOT,SUBMISSION,,13514.0,2,XIRECS
520500,INTARIAN_PEPPER_ROOT,,,13514.0,4,XIRECS
522100,ASH_COATED_OSMIUM,,SUBMISSION,10002.0,4,XIRECS
522100,ASH_COATED_OSMIUM,,SUBMISSION,10011.0,5,XIRECS
522900,INTARIAN_PEPPER_ROOT,,SUBMISSION,13529.0,6,XIRECS
523100,INTARIAN_PEPPER_ROOT,,SUBMISSION,13529.0,7,XIRECS
523300,ASH_COATED_OSMIUM,,SUBMISSION,10004.0,4,XIRECS
523500,ASH_COATED_OSMIUM,,SUBMISSION,10010.0,5,XIRECS
523700,ASH_COATED_OSMIUM,SUBMISSION,,10000.0,8,XIRECS
524400,ASH_COATED_OSMIUM,,SUBMISSION,10009.0,3,XIRECS
524600,INTARIAN_PEPPER_ROOT,,,13532.0,4,XIRECS
525700,ASH_COATED_OSMIUM,SUBMISSION,,9997.0,6,XIRECS
526800,ASH_COATED_OSMIUM,SUBMISSION,,10000.0,10,XIRECS
529400,INTARIAN_PEPPER_ROOT,SUBMISSION,,13534.0,4,XIRECS
529500,ASH_COATED_OSMIUM,,SUBMISSION,10002.0,9,XIRECS
530000,INTARIAN_PEPPER_ROOT,SUBMISSION,,13525.0,6,XIRECS
530400,ASH_COATED_OSMIUM,,SUBMISSION,10007.0,5,XIRECS
530500,ASH_COATED_OSMIUM,SUBMISSION,,9993.0,2,XIRECS
531700,INTARIAN_PEPPER_ROOT,,SUBMISSION,13538.0,4,XIRECS
531800,ASH_COATED_OSMIUM,,SUBMISSION,10006.0,4,XIRECS
531900,ASH_COATED_OSMIUM,SUBMISSION,,10000.0,4,XIRECS
534000,ASH_COATED_OSMIUM,SUBMISSION,,9995.0,10,XIRECS
534100,INTARIAN_PEPPER_ROOT,SUBMISSION,,13530.0,3,XIRECS
534500,INTARIAN_PEPPER_ROOT,,SUBMISSION,13541.0,4,XIRECS
534800,ASH_COATED_OSMIUM,SUBMISSION,,9997.0,2,XIRECS
536000,ASH_COATED_OSMIUM,,,9988.0,5,XIRECS
536700,ASH_COATED_OSMIUM,,,9986.0,3,XIRECS
537500,ASH_COATED_OSMIUM,,,9986.0,2,XIRECS
537500,INTARIAN_PEPPER_ROOT,,,13541.0,4,XIRECS
537900,INTARIAN_PEPPER_ROOT,SUBMISSION,,13533.0,6,XIRECS
538600,ASH_COATED_OSMIUM,,,10002.0,5,XIRECS
540700,INTARIAN_PEPPER_ROOT,SUBMISSION,,13536.0,2,XIRECS
540700,INTARIAN_PEPPER_ROOT,,,13536.0,5,XIRECS
541700,INTARIAN_PEPPER_ROOT,,SUBMISSION,13548.0,5,XIRECS
542000,ASH_COATED_OSMIUM,,SUBMISSION,10003.0,10,XIRECS
543600,ASH_COATED_OSMIUM,SUBMISSION,,9994.0,5,XIRECS
543600,ASH_COATED_OSMIUM,SUBMISSION,,9990.0,5,XIRECS
544300,INTARIAN_PEPPER_ROOT,SUBMISSION,,13540.0,4,XIRECS
544300,INTARIAN_PEPPER_ROOT,SUBMISSION,,13538.0,1,XIRECS
544300,INTARIAN_PEPPER_ROOT,,,13538.0,3,XIRECS
545000,INTARIAN_PEPPER_ROOT,,,13540.0,4,XIRECS
546100,ASH_COATED_OSMIUM,,SUBMISSION,10007.0,3,XIRECS
547800,INTARIAN_PEPPER_ROOT,,,13543.0,3,XIRECS
547900,ASH_COATED_OSMIUM,SUBMISSION,,9988.0,2,XIRECS
547900,ASH_COATED_OSMIUM,SUBMISSION,,9988.0,1,XIRECS
549900,ASH_COATED_OSMIUM,,,9991.0,3,XIRECS
553100,ASH_COATED_OSMIUM,,,9989.0,4,XIRECS
553400,ASH_COATED_OSMIUM,,,9989.0,3,XIRECS
554300,INTARIAN_PEPPER_ROOT,,SUBMISSION,13561.0,5,XIRECS
555500,INTARIAN_PEPPER_ROOT,,SUBMISSION,13562.0,3,XIRECS
556400,ASH_COATED_OSMIUM,,SUBMISSION,10003.0,3,XIRECS
556900,ASH_COATED_OSMIUM,,SUBMISSION,10003.0,2,XIRECS
557200,INTARIAN_PEPPER_ROOT,SUBMISSION,,13553.0,4,XIRECS
558600,ASH_COATED_OSMIUM,,SUBMISSION,10006.0,3,XIRECS
559000,ASH_COATED_OSMIUM,SUBMISSION,,9998.0,2,XIRECS
562000,ASH_COATED_OSMIUM,,SUBMISSION,10007.0,9,XIRECS
562100,INTARIAN_PEPPER_ROOT,SUBMISSION,,13556.0,3,XIRECS
562600,ASH_COATED_OSMIUM,,SUBMISSION,10002.0,5,XIRECS
562600,ASH_COATED_OSMIUM,SUBMISSION,,10000.0,5,XIRECS
562700,ASH_COATED_OSMIUM,SUBMISSION,,9998.0,7,XIRECS
563500,INTARIAN_PEPPER_ROOT,SUBMISSION,,13559.0,1,XIRECS
563900,ASH_COATED_OSMIUM,SUBMISSION,,9996.0,8,XIRECS
564600,ASH_COATED_OSMIUM,,,9991.0,10,XIRECS
572800,ASH_COATED_OSMIUM,,SUBMISSION,10007.0,9,XIRECS
572900,ASH_COATED_OSMIUM,,SUBMISSION,10006.0,7,XIRECS
573700,ASH_COATED_OSMIUM,SUBMISSION,,9993.0,4,XIRECS
574500,ASH_COATED_OSMIUM,,SUBMISSION,10002.0,2,XIRECS
574500,ASH_COATED_OSMIUM,,,10002.0,2,XIRECS
576300,INTARIAN_PEPPER_ROOT,,,13569.0,6,XIRECS
576400,INTARIAN_PEPPER_ROOT,,,13572.0,3,XIRECS
578400,ASH_COATED_OSMIUM,,SUBMISSION,10011.0,7,XIRECS
579000,ASH_COATED_OSMIUM,SUBMISSION,,9998.0,5,XIRECS
579800,ASH_COATED_OSMIUM,,,10002.0,4,XIRECS
581000,ASH_COATED_OSMIUM,,SUBMISSION,10002.0,5,XIRECS
581200,ASH_COATED_OSMIUM,SUBMISSION,,9998.0,8,XIRECS
582300,ASH_COATED_OSMIUM,SUBMISSION,,9993.0,5,XIRECS
583000,INTARIAN_PEPPER_ROOT,,,13576.0,5,XIRECS
583400,ASH_COATED_OSMIUM,SUBMISSION,,9989.0,6,XIRECS
584800,INTARIAN_PEPPER_ROOT,,,13580.0,7,XIRECS
586400,ASH_COATED_OSMIUM,SUBMISSION,,9993.0,2,XIRECS
586600,ASH_COATED_OSMIUM,,SUBMISSION,10006.0,5,XIRECS
588900,ASH_COATED_OSMIUM,SUBMISSION,,9997.0,5,XIRECS
590500,ASH_COATED_OSMIUM,,,9992.0,2,XIRECS
591600,INTARIAN_PEPPER_ROOT,,,13584.0,6,XIRECS
592900,INTARIAN_PEPPER_ROOT,,SUBMISSION,13599.0,4,XIRECS
593300,ASH_COATED_OSMIUM,,,9991.0,7,XIRECS
594400,ASH_COATED_OSMIUM,,SUBMISSION,10006.0,6,XIRECS
594900,INTARIAN_PEPPER_ROOT,SUBMISSION,,13590.0,4,XIRECS
595100,ASH_COATED_OSMIUM,SUBMISSION,,9990.0,2,XIRECS
596600,INTARIAN_PEPPER_ROOT,,SUBMISSION,13606.0,7,XIRECS
596800,ASH_COATED_OSMIUM,SUBMISSION,,9993.0,4,XIRECS
597200,INTARIAN_PEPPER_ROOT,SUBMISSION,,13593.0,7,XIRECS
600000,INTARIAN_PEPPER_ROOT,,,13604.0,7,XIRECS
603000,ASH_COATED_OSMIUM,,SUBMISSION,10010.0,9,XIRECS
603000,INTARIAN_PEPPER_ROOT,,,13607.0,6,XIRECS
603400,ASH_COATED_OSMIUM,SUBMISSION,,10000.0,4,XIRECS
604200,ASH_COATED_OSMIUM,SUBMISSION,,9998.0,5,XIRECS
604600,ASH_COATED_OSMIUM,,SUBMISSION,10021.0,5,XIRECS
604900,ASH_COATED_OSMIUM,SUBMISSION,,9996.0,5,XIRECS
605800,ASH_COATED_OSMIUM,,SUBMISSION,10010.0,9,XIRECS
606900,ASH_COATED_OSMIUM,SUBMISSION,,9994.0,5,XIRECS
607100,ASH_COATED_OSMIUM,,SUBMISSION,10004.0,5,XIRECS
607200,ASH_COATED_OSMIUM,SUBMISSION,,10000.0,5,XIRECS
607800,ASH_COATED_OSMIUM,SUBMISSION,,10000.0,4,XIRECS
608000,INTARIAN_PEPPER_ROOT,,,13601.0,7,XIRECS
608200,ASH_COATED_OSMIUM,,SUBMISSION,10003.0,5,XIRECS
608600,ASH_COATED_OSMIUM,,SUBMISSION,10002.0,4,XIRECS
609000,ASH_COATED_OSMIUM,SUBMISSION,,9991.0,5,XIRECS
609300,ASH_COATED_OSMIUM,SUBMISSION,,9993.0,4,XIRECS
609900,INTARIAN_PEPPER_ROOT,,,13605.0,6,XIRECS
610900,INTARIAN_PEPPER_ROOT,,,13600.0,5,XIRECS
612200,INTARIAN_PEPPER_ROOT,,,13605.0,3,XIRECS
613300,INTARIAN_PEPPER_ROOT,,,13606.0,5,XIRECS
613500,INTARIAN_PEPPER_ROOT,,,13606.0,3,XIRECS
614000,INTARIAN_PEPPER_ROOT,,,13607.0,4,XIRECS
616300,INTARIAN_PEPPER_ROOT,,,13612.0,5,XIRECS
616400,ASH_COATED_OSMIUM,,,10009.0,8,XIRECS
616400,INTARIAN_PEPPER_ROOT,,,13606.0,3,XIRECS
616800,ASH_COATED_OSMIUM,,SUBMISSION,10007.0,7,XIRECS
617800,ASH_COATED_OSMIUM,SUBMISSION,,9994.0,5,XIRECS
618500,ASH_COATED_OSMIUM,SUBMISSION,,9994.0,2,XIRECS
618600,INTARIAN_PEPPER_ROOT,,,13611.0,6,XIRECS
619900,ASH_COATED_OSMIUM,,SUBMISSION,10002.0,7,XIRECS
620600,ASH_COATED_OSMIUM,,SUBMISSION,10008.0,4,XIRECS
621700,ASH_COATED_OSMIUM,SUBMISSION,,9994.0,10,XIRECS
622300,INTARIAN_PEPPER_ROOT,,SUBMISSION,13629.0,4,XIRECS
624800,INTARIAN_PEPPER_ROOT,,SUBMISSION,13631.0,5,XIRECS
626100,INTARIAN_PEPPER_ROOT,SUBMISSION,,13616.0,5,XIRECS
627100,ASH_COATED_OSMIUM,SUBMISSION,,9997.0,1,XIRECS
627200,INTARIAN_PEPPER_ROOT,,SUBMISSION,13634.0,4,XIRECS
627600,ASH_COATED_OSMIUM,,,9992.0,5,XIRECS
628300,INTARIAN_PEPPER_ROOT,SUBMISSION,,13624.0,7,XIRECS
629500,INTARIAN_PEPPER_ROOT,SUBMISSION,,13623.0,1,XIRECS
629500,INTARIAN_PEPPER_ROOT,,,13623.0,4,XIRECS
629900,ASH_COATED_OSMIUM,,,9995.0,2,XIRECS
630500,INTARIAN_PEPPER_ROOT,,,13620.0,4,XIRECS
631400,INTARIAN_PEPPER_ROOT,,,13624.0,5,XIRECS
633400,INTARIAN_PEPPER_ROOT,,,13623.0,3,XIRECS
633800,ASH_COATED_OSMIUM,,,9988.0,3,XIRECS
634100,ASH_COATED_OSMIUM,,SUBMISSION,10006.0,8,XIRECS
634300,ASH_COATED_OSMIUM,SUBMISSION,,9998.0,5,XIRECS
634800,INTARIAN_PEPPER_ROOT,,,13630.0,6,XIRECS
635900,ASH_COATED_OSMIUM,,SUBMISSION,10004.0,3,XIRECS
639400,ASH_COATED_OSMIUM,SUBMISSION,,9995.0,3,XIRECS
644300,ASH_COATED_OSMIUM,SUBMISSION,,9993.0,3,XIRECS
645400,ASH_COATED_OSMIUM,,SUBMISSION,10021.0,2,XIRECS
645700,ASH_COATED_OSMIUM,SUBMISSION,,9984.0,2,XIRECS
645700,INTARIAN_PEPPER_ROOT,,SUBMISSION,13653.0,5,XIRECS
648800,INTARIAN_PEPPER_ROOT,SUBMISSION,,13642.0,5,XIRECS
649200,INTARIAN_PEPPER_ROOT,,,13642.0,4,XIRECS
651000,INTARIAN_PEPPER_ROOT,,SUBMISSION,13657.0,6,XIRECS
651300,ASH_COATED_OSMIUM,,,9988.0,6,XIRECS
651500,INTARIAN_PEPPER_ROOT,,SUBMISSION,13658.0,7,XIRECS
652100,INTARIAN_PEPPER_ROOT,SUBMISSION,,13648.0,6,XIRECS
652600,ASH_COATED_OSMIUM,,SUBMISSION,10005.0,8,XIRECS
653400,ASH_COATED_OSMIUM,SUBMISSION,,9991.0,4,XIRECS
654300,INTARIAN_PEPPER_ROOT,SUBMISSION,,13650.0,7,XIRECS
654400,INTARIAN_PEPPER_ROOT,,SUBMISSION,13661.0,7,XIRECS
654800,ASH_COATED_OSMIUM,SUBMISSION,,9992.0,3,XIRECS
655100,ASH_COATED_OSMIUM,SUBMISSION,,9997.0,1,XIRECS
656900,ASH_COATED_OSMIUM,,,9996.0,4,XIRECS
657800,INTARIAN_PEPPER_ROOT,,,13661.0,5,XIRECS
658300,ASH_COATED_OSMIUM,,,9991.0,2,XIRECS
660500,ASH_COATED_OSMIUM,,,9992.0,5,XIRECS
661100,ASH_COATED_OSMIUM,,SUBMISSION,10003.0,5,XIRECS
661600,ASH_COATED_OSMIUM,SUBMISSION,,9998.0,5,XIRECS
663700,INTARIAN_PEPPER_ROOT,SUBMISSION,,13657.0,5,XIRECS
665900,INTARIAN_PEPPER_ROOT,SUBMISSION,,13660.0,2,XIRECS
666100,INTARIAN_PEPPER_ROOT,,SUBMISSION,13672.0,4,XIRECS
666200,ASH_COATED_OSMIUM,,,9990.0,7,XIRECS
666500,INTARIAN_PEPPER_ROOT,SUBMISSION,,13662.0,4,XIRECS
666500,ASH_COATED_OSMIUM,,,9991.0,3,XIRECS
666500,INTARIAN_PEPPER_ROOT,,,13662.0,3,XIRECS
667100,ASH_COATED_OSMIUM,,SUBMISSION,10008.0,6,XIRECS
668000,ASH_COATED_OSMIUM,SUBMISSION,,9996.0,4,XIRECS
668500,ASH_COATED_OSMIUM,SUBMISSION,,9998.0,2,XIRECS
669200,INTARIAN_PEPPER_ROOT,,,13662.0,3,XIRECS
669300,ASH_COATED_OSMIUM,,SUBMISSION,10004.0,6,XIRECS
669900,INTARIAN_PEPPER_ROOT,,,13665.0,7,XIRECS
670100,INTARIAN_PEPPER_ROOT,,,13663.0,6,XIRECS
670400,INTARIAN_PEPPER_ROOT,,,13660.0,5,XIRECS
671800,ASH_COATED_OSMIUM,SUBMISSION,,9992.0,6,XIRECS
673000,ASH_COATED_OSMIUM,,,10001.0,5,XIRECS
674100,ASH_COATED_OSMIUM,,,10002.0,5,XIRECS
674200,ASH_COATED_OSMIUM,,SUBMISSION,10021.0,10,XIRECS
674900,ASH_COATED_OSMIUM,SUBMISSION,,9994.0,4,XIRECS
675000,ASH_COATED_OSMIUM,,SUBMISSION,10002.0,5,XIRECS
675900,ASH_COATED_OSMIUM,SUBMISSION,,9985.0,3,XIRECS
676900,INTARIAN_PEPPER_ROOT,,SUBMISSION,13683.0,7,XIRECS
678400,ASH_COATED_OSMIUM,SUBMISSION,,9992.0,4,XIRECS
678900,ASH_COATED_OSMIUM,,,9999.0,9,XIRECS
679300,ASH_COATED_OSMIUM,,,9999.0,6,XIRECS
680100,ASH_COATED_OSMIUM,SUBMISSION,,9993.0,2,XIRECS
681100,ASH_COATED_OSMIUM,SUBMISSION,,9994.0,2,XIRECS
681900,ASH_COATED_OSMIUM,,,9985.0,6,XIRECS
685600,ASH_COATED_OSMIUM,,SUBMISSION,10002.0,4,XIRECS
685800,ASH_COATED_OSMIUM,SUBMISSION,,9988.0,2,XIRECS
687000,ASH_COATED_OSMIUM,SUBMISSION,,9997.0,2,XIRECS
687700,ASH_COATED_OSMIUM,,,9988.0,4,XIRECS
687800,ASH_COATED_OSMIUM,,SUBMISSION,10003.0,6,XIRECS
689100,ASH_COATED_OSMIUM,,SUBMISSION,10003.0,3,XIRECS
690200,ASH_COATED_OSMIUM,SUBMISSION,,9994.0,9,XIRECS
693000,ASH_COATED_OSMIUM,,SUBMISSION,10009.0,5,XIRECS
693000,INTARIAN_PEPPER_ROOT,SUBMISSION,,13688.0,7,XIRECS
693600,INTARIAN_PEPPER_ROOT,,,13686.0,7,XIRECS
693900,ASH_COATED_OSMIUM,SUBMISSION,,9981.0,5,XIRECS
694800,ASH_COATED_OSMIUM,,,9992.0,2,XIRECS
700100,INTARIAN_PEPPER_ROOT,,,13693.0,4,XIRECS
700400,ASH_COATED_OSMIUM,,,9994.0,6,XIRECS
701300,ASH_COATED_OSMIUM,,,9995.0,6,XIRECS
701900,ASH_COATED_OSMIUM,,SUBMISSION,10011.0,3,XIRECS
702300,ASH_COATED_OSMIUM,,SUBMISSION,10005.0,6,XIRECS
702700,ASH_COATED_OSMIUM,SUBMISSION,,9997.0,6,XIRECS
702700,INTARIAN_PEPPER_ROOT,,,13706.0,6,XIRECS
702700,INTARIAN_PEPPER_ROOT,,,13706.0,2,XIRECS
703000,INTARIAN_PEPPER_ROOT,,SUBMISSION,13709.0,6,XIRECS
703200,ASH_COATED_OSMIUM,,SUBMISSION,10006.0,9,XIRECS
706200,ASH_COATED_OSMIUM,,SUBMISSION,10011.0,5,XIRECS
706500,ASH_COATED_OSMIUM,,SUBMISSION,10011.0,3,XIRECS
706700,ASH_COATED_OSMIUM,,SUBMISSION,10010.0,7,XIRECS
706800,ASH_COATED_OSMIUM,SUBMISSION,,9996.0,7,XIRECS
707500,ASH_COATED_OSMIUM,SUBMISSION,,9997.0,2,XIRECS
707600,ASH_COATED_OSMIUM,,SUBMISSION,10012.0,10,XIRECS
709300,ASH_COATED_OSMIUM,,SUBMISSION,10004.0,2,XIRECS
709500,ASH_COATED_OSMIUM,,SUBMISSION,10004.0,4,XIRECS
710700,INTARIAN_PEPPER_ROOT,,SUBMISSION,13717.0,5,XIRECS
710800,ASH_COATED_OSMIUM,,SUBMISSION,10002.0,4,XIRECS
710800,ASH_COATED_OSMIUM,SUBMISSION,,10000.0,6,XIRECS
714800,ASH_COATED_OSMIUM,SUBMISSION,,9999.0,6,XIRECS
715300,INTARIAN_PEPPER_ROOT,SUBMISSION,,13709.0,4,XIRECS
716100,ASH_COATED_OSMIUM,,SUBMISSION,10012.0,7,XIRECS
718500,ASH_COATED_OSMIUM,SUBMISSION,,10000.0,4,XIRECS
718900,INTARIAN_PEPPER_ROOT,SUBMISSION,,13709.0,3,XIRECS
720500,INTARIAN_PEPPER_ROOT,SUBMISSION,,13716.0,4,XIRECS
720500,INTARIAN_PEPPER_ROOT,,,13716.0,2,XIRECS
720800,ASH_COATED_OSMIUM,SUBMISSION,,9997.0,2,XIRECS
721200,INTARIAN_PEPPER_ROOT,,,13717.0,4,XIRECS
723000,ASH_COATED_OSMIUM,,SUBMISSION,10011.0,3,XIRECS
724600,ASH_COATED_OSMIUM,,,10001.0,3,XIRECS
725400,INTARIAN_PEPPER_ROOT,,,13729.0,5,XIRECS
726100,ASH_COATED_OSMIUM,,SUBMISSION,10011.0,4,XIRECS
726600,ASH_COATED_OSMIUM,,SUBMISSION,10002.0,3,XIRECS
728700,INTARIAN_PEPPER_ROOT,,,13721.0,4,XIRECS
730500,ASH_COATED_OSMIUM,,SUBMISSION,10002.0,3,XIRECS
732100,ASH_COATED_OSMIUM,SUBMISSION,,9994.0,9,XIRECS
732100,INTARIAN_PEPPER_ROOT,,SUBMISSION,13738.0,4,XIRECS
732900,INTARIAN_PEPPER_ROOT,,SUBMISSION,13739.0,3,XIRECS
734900,ASH_COATED_OSMIUM,,SUBMISSION,10002.0,4,XIRECS
737500,ASH_COATED_OSMIUM,,SUBMISSION,10003.0,4,XIRECS
737600,ASH_COATED_OSMIUM,,SUBMISSION,10002.0,5,XIRECS
738500,ASH_COATED_OSMIUM,SUBMISSION,,9996.0,6,XIRECS
738500,INTARIAN_PEPPER_ROOT,SUBMISSION,,13732.0,4,XIRECS
738600,ASH_COATED_OSMIUM,SUBMISSION,,9999.0,5,XIRECS
738700,ASH_COATED_OSMIUM,,SUBMISSION,10003.0,3,XIRECS
738900,ASH_COATED_OSMIUM,,SUBMISSION,10012.0,6,XIRECS
739100,ASH_COATED_OSMIUM,SUBMISSION,,9998.0,3,XIRECS
740200,INTARIAN_PEPPER_ROOT,SUBMISSION,,13734.0,3,XIRECS
741400,ASH_COATED_OSMIUM,,SUBMISSION,10003.0,5,XIRECS
742000,INTARIAN_PEPPER_ROOT,,SUBMISSION,13748.0,6,XIRECS
742300,ASH_COATED_OSMIUM,SUBMISSION,,10000.0,10,XIRECS
742300,INTARIAN_PEPPER_ROOT,,SUBMISSION,13749.0,6,XIRECS
748300,ASH_COATED_OSMIUM,,SUBMISSION,10003.0,4,XIRECS
748300,ASH_COATED_OSMIUM,SUBMISSION,,10000.0,7,XIRECS
748500,INTARIAN_PEPPER_ROOT,,,13756.0,6,XIRECS
749300,INTARIAN_PEPPER_ROOT,SUBMISSION,,13743.0,3,XIRECS
750200,INTARIAN_PEPPER_ROOT,SUBMISSION,,13740.0,4,XIRECS
750500,ASH_COATED_OSMIUM,,SUBMISSION,10003.0,5,XIRECS
755100,ASH_COATED_OSMIUM,,SUBMISSION,10002.0,6,XIRECS
755800,INTARIAN_PEPPER_ROOT,SUBMISSION,,13751.0,4,XIRECS
756200,ASH_COATED_OSMIUM,SUBMISSION,,9997.0,6,XIRECS
757500,INTARIAN_PEPPER_ROOT,,SUBMISSION,13764.0,5,XIRECS
759000,INTARIAN_PEPPER_ROOT,,SUBMISSION,13765.0,7,XIRECS
759900,ASH_COATED_OSMIUM,SUBMISSION,,9995.0,10,XIRECS
760200,INTARIAN_PEPPER_ROOT,SUBMISSION,,13765.0,5,XIRECS
761100,ASH_COATED_OSMIUM,SUBMISSION,,9995.0,7,XIRECS
762400,INTARIAN_PEPPER_ROOT,SUBMISSION,,13758.0,3,XIRECS
762700,ASH_COATED_OSMIUM,SUBMISSION,,9997.0,4,XIRECS
763600,ASH_COATED_OSMIUM,SUBMISSION,,9993.0,7,XIRECS
764800,ASH_COATED_OSMIUM,,SUBMISSION,10006.0,10,XIRECS
765100,INTARIAN_PEPPER_ROOT,SUBMISSION,,13760.0,4,XIRECS
765200,ASH_COATED_OSMIUM,SUBMISSION,,9997.0,5,XIRECS
765200,ASH_COATED_OSMIUM,SUBMISSION,,9989.0,6,XIRECS
766400,ASH_COATED_OSMIUM,,SUBMISSION,10003.0,10,XIRECS
766600,ASH_COATED_OSMIUM,SUBMISSION,,9998.0,2,XIRECS
766700,ASH_COATED_OSMIUM,SUBMISSION,,9997.0,5,XIRECS
767300,ASH_COATED_OSMIUM,SUBMISSION,,9994.0,7,XIRECS
767900,ASH_COATED_OSMIUM,SUBMISSION,,9997.0,2,XIRECS
768700,INTARIAN_PEPPER_ROOT,SUBMISSION,,13764.0,1,XIRECS
769500,ASH_COATED_OSMIUM,SUBMISSION,,9986.0,1,XIRECS
770200,ASH_COATED_OSMIUM,,SUBMISSION,10002.0,8,XIRECS
770300,INTARIAN_PEPPER_ROOT,,SUBMISSION,13777.0,5,XIRECS
770700,ASH_COATED_OSMIUM,,,9988.0,3,XIRECS
771600,ASH_COATED_OSMIUM,SUBMISSION,,9995.0,5,XIRECS
771600,INTARIAN_PEPPER_ROOT,,SUBMISSION,13778.0,7,XIRECS
771800,ASH_COATED_OSMIUM,,,10002.0,3,XIRECS
772500,INTARIAN_PEPPER_ROOT,SUBMISSION,,13768.0,7,XIRECS
772800,ASH_COATED_OSMIUM,,,10000.0,6,XIRECS
773000,ASH_COATED_OSMIUM,SUBMISSION,,9986.0,3,XIRECS
773500,INTARIAN_PEPPER_ROOT,SUBMISSION,,13767.0,4,XIRECS
773500,ASH_COATED_OSMIUM,,,10000.0,5,XIRECS
776400,ASH_COATED_OSMIUM,,,9999.0,5,XIRECS
777000,INTARIAN_PEPPER_ROOT,,,13781.0,6,XIRECS
778300,ASH_COATED_OSMIUM,,,9981.0,3,XIRECS
779000,ASH_COATED_OSMIUM,,,9984.0,7,XIRECS
780200,ASH_COATED_OSMIUM,,,10000.0,8,XIRECS
780700,INTARIAN_PEPPER_ROOT,,SUBMISSION,13788.0,7,XIRECS
782200,INTARIAN_PEPPER_ROOT,,SUBMISSION,13789.0,6,XIRECS
785800,INTARIAN_PEPPER_ROOT,SUBMISSION,,13776.0,5,XIRECS
787700,INTARIAN_PEPPER_ROOT,,,13791.0,6,XIRECS
790100,ASH_COATED_OSMIUM,,,10001.0,6,XIRECS
792200,INTARIAN_PEPPER_ROOT,SUBMISSION,,13788.0,6,XIRECS
792900,INTARIAN_PEPPER_ROOT,SUBMISSION,,13787.0,3,XIRECS
793200,ASH_COATED_OSMIUM,,,9984.0,5,XIRECS
794500,ASH_COATED_OSMIUM,,,9985.0,4,XIRECS
794900,ASH_COATED_OSMIUM,,SUBMISSION,10003.0,6,XIRECS
795100,ASH_COATED_OSMIUM,SUBMISSION,,9986.0,5,XIRECS
796600,INTARIAN_PEPPER_ROOT,,,13792.0,8,XIRECS
799100,INTARIAN_PEPPER_ROOT,,,13792.0,7,XIRECS
799600,ASH_COATED_OSMIUM,,,10000.0,7,XIRECS
800300,ASH_COATED_OSMIUM,SUBMISSION,,9990.0,1,XIRECS
800900,ASH_COATED_OSMIUM,,SUBMISSION,10004.0,4,XIRECS
802000,ASH_COATED_OSMIUM,SUBMISSION,,9995.0,4,XIRECS
802800,INTARIAN_PEPPER_ROOT,,,13806.0,3,XIRECS
804300,INTARIAN_PEPPER_ROOT,,SUBMISSION,13814.0,6,XIRECS
805500,ASH_COATED_OSMIUM,,,9989.0,8,XIRECS
806300,ASH_COATED_OSMIUM,,,9986.0,6,XIRECS
808300,INTARIAN_PEPPER_ROOT,SUBMISSION,,13802.0,6,XIRECS
808400,ASH_COATED_OSMIUM,,,9990.0,6,XIRECS
808900,INTARIAN_PEPPER_ROOT,,,13801.0,3,XIRECS
810600,ASH_COATED_OSMIUM,,,9990.0,4,XIRECS
811100,ASH_COATED_OSMIUM,,,9991.0,6,XIRECS
812400,INTARIAN_PEPPER_ROOT,,,13808.0,8,XIRECS
812700,INTARIAN_PEPPER_ROOT,,SUBMISSION,13819.0,6,XIRECS
813200,ASH_COATED_OSMIUM,,,9992.0,8,XIRECS
813500,INTARIAN_PEPPER_ROOT,,SUBMISSION,13820.0,5,XIRECS
814400,INTARIAN_PEPPER_ROOT,SUBMISSION,,13808.0,3,XIRECS
814400,ASH_COATED_OSMIUM,,,9989.0,3,XIRECS
814500,INTARIAN_PEPPER_ROOT,,SUBMISSION,13821.0,7,XIRECS
815000,INTARIAN_PEPPER_ROOT,SUBMISSION,,13817.0,6,XIRECS
815000,INTARIAN_PEPPER_ROOT,,,13819.0,5,XIRECS
817600,ASH_COATED_OSMIUM,,,9992.0,2,XIRECS
817900,INTARIAN_PEPPER_ROOT,SUBMISSION,,13813.0,5,XIRECS
818500,INTARIAN_PEPPER_ROOT,SUBMISSION,,13814.0,4,XIRECS
820300,INTARIAN_PEPPER_ROOT,,,13813.0,6,XIRECS
822000,INTARIAN_PEPPER_ROOT,,,13826.0,8,XIRECS
822200,ASH_COATED_OSMIUM,,SUBMISSION,10003.0,10,XIRECS
823000,INTARIAN_PEPPER_ROOT,,SUBMISSION,13833.0,3,XIRECS
823100,ASH_COATED_OSMIUM,,SUBMISSION,10003.0,5,XIRECS
823200,ASH_COATED_OSMIUM,,SUBMISSION,10003.0,3,XIRECS
823500,INTARIAN_PEPPER_ROOT,SUBMISSION,,13817.0,3,XIRECS
824000,ASH_COATED_OSMIUM,SUBMISSION,,9997.0,3,XIRECS
824200,INTARIAN_PEPPER_ROOT,,,13828.0,4,XIRECS
824400,ASH_COATED_OSMIUM,,SUBMISSION,10003.0,3,XIRECS
825500,ASH_COATED_OSMIUM,SUBMISSION,,9999.0,4,XIRECS
825500,ASH_COATED_OSMIUM,,SUBMISSION,10002.0,9,XIRECS
825900,INTARIAN_PEPPER_ROOT,,,13818.0,3,XIRECS
827000,ASH_COATED_OSMIUM,,SUBMISSION,10007.0,3,XIRECS
828200,INTARIAN_PEPPER_ROOT,,SUBMISSION,13835.0,5,XIRECS
829000,INTARIAN_PEPPER_ROOT,,SUBMISSION,13839.0,6,XIRECS
829900,ASH_COATED_OSMIUM,,SUBMISSION,10009.0,6,XIRECS
830600,ASH_COATED_OSMIUM,,SUBMISSION,10007.0,6,XIRECS
830600,INTARIAN_PEPPER_ROOT,SUBMISSION,,13824.0,5,XIRECS
831100,ASH_COATED_OSMIUM,SUBMISSION,,9994.0,3,XIRECS
831800,ASH_COATED_OSMIUM,,SUBMISSION,10008.0,4,XIRECS
832100,INTARIAN_PEPPER_ROOT,SUBMISSION,,13827.0,6,XIRECS
832900,ASH_COATED_OSMIUM,SUBMISSION,,9999.0,10,XIRECS
832900,ASH_COATED_OSMIUM,,SUBMISSION,10002.0,3,XIRECS
834300,INTARIAN_PEPPER_ROOT,,SUBMISSION,13841.0,6,XIRECS
834500,INTARIAN_PEPPER_ROOT,,SUBMISSION,13841.0,3,XIRECS
834900,INTARIAN_PEPPER_ROOT,SUBMISSION,,13830.0,7,XIRECS
836000,INTARIAN_PEPPER_ROOT,SUBMISSION,,13831.0,2,XIRECS
836000,INTARIAN_PEPPER_ROOT,,,13831.0,4,XIRECS
837100,ASH_COATED_OSMIUM,SUBMISSION,,9999.0,6,XIRECS
837900,ASH_COATED_OSMIUM,,SUBMISSION,10007.0,9,XIRECS
838200,ASH_COATED_OSMIUM,SUBMISSION,,9994.0,6,XIRECS
838200,INTARIAN_PEPPER_ROOT,,SUBMISSION,13848.0,4,XIRECS
838700,INTARIAN_PEPPER_ROOT,SUBMISSION,,13829.0,3,XIRECS
839100,INTARIAN_PEPPER_ROOT,,SUBMISSION,13846.0,3,XIRECS
839200,ASH_COATED_OSMIUM,,SUBMISSION,10004.0,5,XIRECS
839300,INTARIAN_PEPPER_ROOT,,SUBMISSION,13846.0,5,XIRECS
839500,ASH_COATED_OSMIUM,,SUBMISSION,10010.0,8,XIRECS
839600,ASH_COATED_OSMIUM,,SUBMISSION,10010.0,4,XIRECS
840100,ASH_COATED_OSMIUM,SUBMISSION,,9992.0,2,XIRECS
840400,INTARIAN_PEPPER_ROOT,SUBMISSION,,13836.0,3,XIRECS
841400,INTARIAN_PEPPER_ROOT,,SUBMISSION,13848.0,4,XIRECS
842500,ASH_COATED_OSMIUM,,SUBMISSION,10007.0,3,XIRECS
842700,ASH_COATED_OSMIUM,SUBMISSION,,9993.0,5,XIRECS
843100,INTARIAN_PEPPER_ROOT,SUBMISSION,,13838.0,4,XIRECS
844600,ASH_COATED_OSMIUM,SUBMISSION,,10000.0,4,XIRECS
848400,INTARIAN_PEPPER_ROOT,SUBMISSION,,13842.0,6,XIRECS
848800,ASH_COATED_OSMIUM,,SUBMISSION,10005.0,6,XIRECS
849300,ASH_COATED_OSMIUM,,SUBMISSION,10005.0,4,XIRECS
850700,INTARIAN_PEPPER_ROOT,,,13843.0,7,XIRECS
852200,INTARIAN_PEPPER_ROOT,,,13856.0,4,XIRECS
853000,ASH_COATED_OSMIUM,,SUBMISSION,10003.0,9,XIRECS
854000,ASH_COATED_OSMIUM,,SUBMISSION,10007.0,4,XIRECS
854400,ASH_COATED_OSMIUM,SUBMISSION,,9993.0,5,XIRECS
855600,ASH_COATED_OSMIUM,,SUBMISSION,10005.0,7,XIRECS
856100,ASH_COATED_OSMIUM,SUBMISSION,,9995.0,4,XIRECS
856100,INTARIAN_PEPPER_ROOT,,SUBMISSION,13863.0,5,XIRECS
856200,ASH_COATED_OSMIUM,SUBMISSION,,9999.0,2,XIRECS
856400,INTARIAN_PEPPER_ROOT,SUBMISSION,,13850.0,5,XIRECS
856600,INTARIAN_PEPPER_ROOT,,,13852.0,3,XIRECS
856700,ASH_COATED_OSMIUM,SUBMISSION,,9990.0,10,XIRECS
857500,ASH_COATED_OSMIUM,,SUBMISSION,10004.0,2,XIRECS
858700,INTARIAN_PEPPER_ROOT,,,13851.0,4,XIRECS
860900,ASH_COATED_OSMIUM,SUBMISSION,,9999.0,3,XIRECS
862100,ASH_COATED_OSMIUM,SUBMISSION,,9997.0,4,XIRECS
862700,ASH_COATED_OSMIUM,,SUBMISSION,10004.0,10,XIRECS
862900,ASH_COATED_OSMIUM,SUBMISSION,,9995.0,10,XIRECS
863000,ASH_COATED_OSMIUM,SUBMISSION,,10000.0,5,XIRECS
863400,INTARIAN_PEPPER_ROOT,,,13856.0,5,XIRECS
864000,INTARIAN_PEPPER_ROOT,,SUBMISSION,13870.0,7,XIRECS
864100,ASH_COATED_OSMIUM,SUBMISSION,,10000.0,4,XIRECS
864400,ASH_COATED_OSMIUM,SUBMISSION,,10000.0,3,XIRECS
865300,ASH_COATED_OSMIUM,SUBMISSION,,9995.0,7,XIRECS
866500,ASH_COATED_OSMIUM,,SUBMISSION,10005.0,3,XIRECS
867000,INTARIAN_PEPPER_ROOT,,SUBMISSION,13873.0,6,XIRECS
867400,INTARIAN_PEPPER_ROOT,SUBMISSION,,13870.0,5,XIRECS
867700,ASH_COATED_OSMIUM,,,9990.0,5,XIRECS
868700,INTARIAN_PEPPER_ROOT,SUBMISSION,,13864.0,4,XIRECS
869600,INTARIAN_PEPPER_ROOT,SUBMISSION,,13865.0,4,XIRECS
870600,INTARIAN_PEPPER_ROOT,,SUBMISSION,13877.0,3,XIRECS
871300,ASH_COATED_OSMIUM,SUBMISSION,,9998.0,5,XIRECS
871300,INTARIAN_PEPPER_ROOT,SUBMISSION,,13865.0,3,XIRECS
872200,ASH_COATED_OSMIUM,SUBMISSION,,9991.0,4,XIRECS
872600,ASH_COATED_OSMIUM,SUBMISSION,,9999.0,3,XIRECS
872600,ASH_COATED_OSMIUM,SUBMISSION,,9990.0,8,XIRECS
873500,ASH_COATED_OSMIUM,SUBMISSION,,9994.0,4,XIRECS
873600,INTARIAN_PEPPER_ROOT,,,13869.0,7,XIRECS
874100,ASH_COATED_OSMIUM,,SUBMISSION,10003.0,6,XIRECS
874400,INTARIAN_PEPPER_ROOT,,,13878.0,3,XIRECS
874800,ASH_COATED_OSMIUM,,SUBMISSION,10005.0,2,XIRECS
875600,ASH_COATED_OSMIUM,SUBMISSION,,9995.0,6,XIRECS
877500,ASH_COATED_OSMIUM,SUBMISSION,,9990.0,3,XIRECS
877600,ASH_COATED_OSMIUM,,SUBMISSION,10003.0,3,XIRECS
878100,ASH_COATED_OSMIUM,SUBMISSION,,9990.0,2,XIRECS
878400,INTARIAN_PEPPER_ROOT,,SUBMISSION,13885.0,6,XIRECS
879300,ASH_COATED_OSMIUM,,,9985.0,10,XIRECS
880900,ASH_COATED_OSMIUM,SUBMISSION,,9991.0,2,XIRECS
881800,INTARIAN_PEPPER_ROOT,SUBMISSION,,13877.0,4,XIRECS
882000,INTARIAN_PEPPER_ROOT,SUBMISSION,,13872.0,2,XIRECS
882400,ASH_COATED_OSMIUM,,,9986.0,4,XIRECS
882900,ASH_COATED_OSMIUM,,,9996.0,5,XIRECS
883400,ASH_COATED_OSMIUM,,,10002.0,4,XIRECS
883600,ASH_COATED_OSMIUM,,,9992.0,3,XIRECS
884500,INTARIAN_PEPPER_ROOT,,SUBMISSION,13891.0,4,XIRECS
884500,ASH_COATED_OSMIUM,,,9987.0,5,XIRECS
885300,INTARIAN_PEPPER_ROOT,SUBMISSION,,13879.0,4,XIRECS
885300,INTARIAN_PEPPER_ROOT,,,13879.0,2,XIRECS
885400,ASH_COATED_OSMIUM,,,9984.0,5,XIRECS
886300,ASH_COATED_OSMIUM,,,9987.0,7,XIRECS
886500,ASH_COATED_OSMIUM,,SUBMISSION,10002.0,4,XIRECS
886700,ASH_COATED_OSMIUM,,SUBMISSION,10002.0,4,XIRECS
886900,INTARIAN_PEPPER_ROOT,,SUBMISSION,13893.0,3,XIRECS
888200,ASH_COATED_OSMIUM,,SUBMISSION,10003.0,5,XIRECS
888900,ASH_COATED_OSMIUM,SUBMISSION,,9998.0,4,XIRECS
890200,INTARIAN_PEPPER_ROOT,SUBMISSION,,13886.0,3,XIRECS
890200,INTARIAN_PEPPER_ROOT,,,13886.0,1,XIRECS
890700,INTARIAN_PEPPER_ROOT,,SUBMISSION,13898.0,6,XIRECS
891000,INTARIAN_PEPPER_ROOT,SUBMISSION,,13886.0,3,XIRECS
893900,ASH_COATED_OSMIUM,SUBMISSION,,9988.0,6,XIRECS
898900,INTARIAN_PEPPER_ROOT,SUBMISSION,,13889.0,3,XIRECS
901300,ASH_COATED_OSMIUM,SUBMISSION,,9999.0,3,XIRECS
902100,INTARIAN_PEPPER_ROOT,,SUBMISSION,13909.0,4,XIRECS
902600,ASH_COATED_OSMIUM,,,9992.0,8,XIRECS
904500,ASH_COATED_OSMIUM,,,9991.0,7,XIRECS
904800,ASH_COATED_OSMIUM,,,9988.0,5,XIRECS
905200,INTARIAN_PEPPER_ROOT,SUBMISSION,,13901.0,4,XIRECS
907100,ASH_COATED_OSMIUM,,,9991.0,10,XIRECS
907300,ASH_COATED_OSMIUM,,,9991.0,10,XIRECS
911600,INTARIAN_PEPPER_ROOT,,,13915.0,5,XIRECS
913100,INTARIAN_PEPPER_ROOT,,,13908.0,7,XIRECS
913900,INTARIAN_PEPPER_ROOT,,SUBMISSION,13920.0,6,XIRECS
915800,INTARIAN_PEPPER_ROOT,SUBMISSION,,13906.0,6,XIRECS
917000,ASH_COATED_OSMIUM,,SUBMISSION,10008.0,2,XIRECS
917500,ASH_COATED_OSMIUM,,SUBMISSION,10008.0,4,XIRECS
918900,ASH_COATED_OSMIUM,,SUBMISSION,10021.0,4,XIRECS
918900,INTARIAN_PEPPER_ROOT,,SUBMISSION,13920.0,5,XIRECS
920800,ASH_COATED_OSMIUM,,SUBMISSION,10009.0,6,XIRECS
922100,ASH_COATED_OSMIUM,SUBMISSION,,9996.0,2,XIRECS
923900,INTARIAN_PEPPER_ROOT,,SUBMISSION,13931.0,5,XIRECS
924400,INTARIAN_PEPPER_ROOT,,SUBMISSION,13931.0,6,XIRECS
925000,ASH_COATED_OSMIUM,,SUBMISSION,10005.0,8,XIRECS
925900,ASH_COATED_OSMIUM,,,10012.0,3,XIRECS
926100,ASH_COATED_OSMIUM,,SUBMISSION,10005.0,9,XIRECS
926100,ASH_COATED_OSMIUM,SUBMISSION,,10000.0,6,XIRECS
926300,ASH_COATED_OSMIUM,SUBMISSION,,9996.0,6,XIRECS
927400,ASH_COATED_OSMIUM,,SUBMISSION,10002.0,5,XIRECS
928000,ASH_COATED_OSMIUM,,SUBMISSION,10011.0,4,XIRECS
928200,INTARIAN_PEPPER_ROOT,SUBMISSION,,13922.0,6,XIRECS
928400,INTARIAN_PEPPER_ROOT,SUBMISSION,,13922.0,3,XIRECS
928500,INTARIAN_PEPPER_ROOT,SUBMISSION,,13922.0,5,XIRECS
928700,INTARIAN_PEPPER_ROOT,SUBMISSION,,13922.0,2,XIRECS
928800,ASH_COATED_OSMIUM,SUBMISSION,,9981.0,2,XIRECS
928800,INTARIAN_PEPPER_ROOT,,,13921.0,5,XIRECS
929600,ASH_COATED_OSMIUM,,SUBMISSION,10006.0,6,XIRECS
929900,INTARIAN_PEPPER_ROOT,,,13922.0,6,XIRECS
932500,ASH_COATED_OSMIUM,SUBMISSION,,9996.0,5,XIRECS
932500,INTARIAN_PEPPER_ROOT,,SUBMISSION,13939.0,3,XIRECS
932600,ASH_COATED_OSMIUM,,SUBMISSION,10005.0,5,XIRECS
932800,ASH_COATED_OSMIUM,,SUBMISSION,10010.0,9,XIRECS
935100,ASH_COATED_OSMIUM,SUBMISSION,,9996.0,3,XIRECS
936400,ASH_COATED_OSMIUM,,,10001.0,4,XIRECS
936600,INTARIAN_PEPPER_ROOT,SUBMISSION,,13932.0,3,XIRECS
937800,ASH_COATED_OSMIUM,,SUBMISSION,10004.0,6,XIRECS
938900,ASH_COATED_OSMIUM,,SUBMISSION,10002.0,4,XIRECS
939800,ASH_COATED_OSMIUM,,,10001.0,3,XIRECS
940200,ASH_COATED_OSMIUM,SUBMISSION,,9995.0,8,XIRECS
942800,ASH_COATED_OSMIUM,,,10002.0,3,XIRECS
943000,ASH_COATED_OSMIUM,,SUBMISSION,10002.0,2,XIRECS
944400,ASH_COATED_OSMIUM,SUBMISSION,,9996.0,8,XIRECS
944500,ASH_COATED_OSMIUM,,SUBMISSION,10010.0,6,XIRECS
945600,ASH_COATED_OSMIUM,,SUBMISSION,10010.0,3,XIRECS
946100,ASH_COATED_OSMIUM,SUBMISSION,,9996.0,3,XIRECS
946800,ASH_COATED_OSMIUM,,SUBMISSION,10021.0,5,XIRECS
946900,ASH_COATED_OSMIUM,,SUBMISSION,10010.0,2,XIRECS
947000,ASH_COATED_OSMIUM,SUBMISSION,,10000.0,6,XIRECS
948500,INTARIAN_PEPPER_ROOT,,SUBMISSION,13955.0,7,XIRECS
949300,ASH_COATED_OSMIUM,,SUBMISSION,10003.0,2,XIRECS
949900,ASH_COATED_OSMIUM,,,10010.0,4,XIRECS
951200,ASH_COATED_OSMIUM,SUBMISSION,,9994.0,7,XIRECS
951700,ASH_COATED_OSMIUM,,SUBMISSION,10007.0,8,XIRECS
951800,INTARIAN_PEPPER_ROOT,SUBMISSION,,13945.0,6,XIRECS
954300,ASH_COATED_OSMIUM,SUBMISSION,,9991.0,10,XIRECS
954400,ASH_COATED_OSMIUM,SUBMISSION,,9996.0,6,XIRECS
954800,ASH_COATED_OSMIUM,SUBMISSION,,10000.0,5,XIRECS
955900,INTARIAN_PEPPER_ROOT,SUBMISSION,,13949.0,1,XIRECS
955900,INTARIAN_PEPPER_ROOT,,,13949.0,6,XIRECS
956500,ASH_COATED_OSMIUM,SUBMISSION,,9999.0,3,XIRECS
959600,ASH_COATED_OSMIUM,SUBMISSION,,9995.0,5,XIRECS
960700,ASH_COATED_OSMIUM,SUBMISSION,,9990.0,8,XIRECS
960700,INTARIAN_PEPPER_ROOT,,,13964.0,4,XIRECS
961000,INTARIAN_PEPPER_ROOT,,SUBMISSION,13967.0,4,XIRECS
962200,ASH_COATED_OSMIUM,SUBMISSION,,9988.0,5,XIRECS
962500,ASH_COATED_OSMIUM,SUBMISSION,,9999.0,2,XIRECS
963200,ASH_COATED_OSMIUM,,SUBMISSION,10003.0,2,XIRECS
963300,INTARIAN_PEPPER_ROOT,,,13959.0,5,XIRECS
963400,ASH_COATED_OSMIUM,,SUBMISSION,10006.0,6,XIRECS
963500,INTARIAN_PEPPER_ROOT,SUBMISSION,,13959.0,4,XIRECS
963500,INTARIAN_PEPPER_ROOT,,,13959.0,1,XIRECS
966600,INTARIAN_PEPPER_ROOT,,,13959.0,4,XIRECS
966800,ASH_COATED_OSMIUM,SUBMISSION,,9997.0,2,XIRECS
967900,ASH_COATED_OSMIUM,SUBMISSION,,9995.0,4,XIRECS
968600,ASH_COATED_OSMIUM,,,10000.0,6,XIRECS
970000,INTARIAN_PEPPER_ROOT,,SUBMISSION,13976.0,3,XIRECS
970900,ASH_COATED_OSMIUM,SUBMISSION,,9992.0,2,XIRECS
971800,ASH_COATED_OSMIUM,,SUBMISSION,10021.0,3,XIRECS
972700,ASH_COATED_OSMIUM,,,10001.0,5,XIRECS
972800,INTARIAN_PEPPER_ROOT,SUBMISSION,,13968.0,3,XIRECS
972900,INTARIAN_PEPPER_ROOT,,,13965.0,7,XIRECS
974800,INTARIAN_PEPPER_ROOT,,,13967.0,7,XIRECS
975400,INTARIAN_PEPPER_ROOT,,,13971.0,3,XIRECS
976300,ASH_COATED_OSMIUM,SUBMISSION,,9985.0,3,XIRECS
979200,INTARIAN_PEPPER_ROOT,,,13972.0,7,XIRECS
979800,ASH_COATED_OSMIUM,,,10002.0,7,XIRECS
981900,ASH_COATED_OSMIUM,,,10001.0,7,XIRECS
982300,INTARIAN_PEPPER_ROOT,,,13975.0,4,XIRECS
982800,ASH_COATED_OSMIUM,,,10000.0,10,XIRECS
984900,INTARIAN_PEPPER_ROOT,,,13989.0,6,XIRECS
988400,INTARIAN_PEPPER_ROOT,,SUBMISSION,13995.0,4,XIRECS
989500,INTARIAN_PEPPER_ROOT,SUBMISSION,,13983.0,3,XIRECS
989500,ASH_COATED_OSMIUM,,,9991.0,4,XIRECS
991500,INTARIAN_PEPPER_ROOT,SUBMISSION,,13987.0,1,XIRECS
991600,INTARIAN_PEPPER_ROOT,,,13987.0,7,XIRECS
991900,ASH_COATED_OSMIUM,,,9983.0,5,XIRECS
995100,ASH_COATED_OSMIUM,,,9983.0,5,XIRECS
995900,ASH_COATED_OSMIUM,,,9985.0,4,XIRECS
997300,ASH_COATED_OSMIUM,,SUBMISSION,10003.0,6,XIRECS
997700,ASH_COATED_OSMIUM,SUBMISSION,,9995.0,4,XIRECS
998600,INTARIAN_PEPPER_ROOT,,SUBMISSION,14005.0,5,XIRECS
999200,ASH_COATED_OSMIUM,SUBMISSION,,9995.0,2,XIRECS
999800,ASH_COATED_OSMIUM,,,9982.0,6,XIRECS
999900,INTARIAN_PEPPER_ROOT,SUBMISSION,,13993.0,3,XIRECS
