session_id,day,total_pnl,emerald_pnl,tomato_pnl,total_slope_per_step,total_r2,emerald_slope_per_step,emerald_r2,tomato_slope_per_step,tomato_r2,product_stats_json
0,-1,99242.09999999998,0.0,0.0,10.01237848222977,0.9999050949252035,0.0,0.0,0.0,0.0,"{""ASH_COATED_OSMIUM"":{""pnl"":16510.0,""cash"":-743566.0,""position"":76,""slope_per_step"":1.652107903731079,""r_squared"":0.9962046806813891},""INTARIAN_PEPPER_ROOT"":{""pnl"":82732.09999999998,""cash"":-865260.0,""position"":79,""slope_per_step"":8.360270578498707,""r_squared"":0.9999882166113476}}"
1,0,99393.5,0.0,0.0,10.030894026707754,0.9998800779578706,0.0,0.0,0.0,0.0,"{""INTARIAN_PEPPER_ROOT"":{""pnl"":81902.5,""cash"":-893090.0,""position"":75,""slope_per_step"":8.281156337530364,""r_squared"":0.9999445123181722},""ASH_COATED_OSMIUM"":{""pnl"":17491.0,""cash"":-662577.0,""position"":68,""slope_per_step"":1.7497376891773768,""r_squared"":0.9971095828073364}}"
2,1,97473.59999999998,0.0,0.0,9.801637129089976,0.9999153365061241,0.0,0.0,0.0,0.0,"{""ASH_COATED_OSMIUM"":{""pnl"":15225.0,""cash"":-764853.0,""position"":78,""slope_per_step"":1.528426285316263,""r_squared"":0.9971235439068346},""INTARIAN_PEPPER_ROOT"":{""pnl"":82248.59999999998,""cash"":-953744.0,""position"":74,""slope_per_step"":8.27321084377371,""r_squared"":0.9999853215171347}}"
3,-1,102033.5,0.0,0.0,10.258760067043386,0.9998694397897505,0.0,0.0,0.0,0.0,"{""INTARIAN_PEPPER_ROOT"":{""pnl"":82853.5,""cash"":-817139.0,""position"":75,""slope_per_step"":8.310135760737138,""r_squared"":0.999956177222499},""ASH_COATED_OSMIUM"":{""pnl"":19180.0,""cash"":-290851.0,""position"":31,""slope_per_step"":1.9486243063062432,""r_squared"":0.9960874070827486}}"
4,0,99148.59999999998,0.0,0.0,10.000801758931223,0.9998119392751971,0.0,0.0,0.0,0.0,"{""ASH_COATED_OSMIUM"":{""pnl"":16162.0,""cash"":-563896.0,""position"":58,""slope_per_step"":1.6725544204535443,""r_squared"":0.9949894827060499},""INTARIAN_PEPPER_ROOT"":{""pnl"":82986.59999999998,""cash"":-879006.0,""position"":74,""slope_per_step"":8.328247338477679,""r_squared"":0.9999837889678204}}"
5,1,100834.0,0.0,0.0,10.124774661764523,0.9998929870981343,0.0,0.0,0.0,0.0,"{""INTARIAN_PEPPER_ROOT"":{""pnl"":81848.0,""cash"":-1038144.0,""position"":80,""slope_per_step"":8.272509307537879,""r_squared"":0.9999646656284455},""ASH_COATED_OSMIUM"":{""pnl"":18986.0,""cash"":-721088.0,""position"":74,""slope_per_step"":1.8522653542266536,""r_squared"":0.9956665624708186}}"
6,-1,99742.0,0.0,0.0,9.975704113700846,0.9999210678902417,0.0,0.0,0.0,0.0,"{""ASH_COATED_OSMIUM"":{""pnl"":16635.0,""cash"":-783445.0,""position"":80,""slope_per_step"":1.5929311302593112,""r_squared"":0.9969192635022235},""INTARIAN_PEPPER_ROOT"":{""pnl"":83107.0,""cash"":-876885.0,""position"":80,""slope_per_step"":8.382772983441535,""r_squared"":0.9999726472500913}}"
7,0,98948.0,0.0,0.0,9.847952747426127,0.999869281833403,0.0,0.0,0.0,0.0,"{""ASH_COATED_OSMIUM"":{""pnl"":16042.0,""cash"":-634023.0,""position"":65,""slope_per_step"":1.5354659767926597,""r_squared"":0.9933141038777185},""INTARIAN_PEPPER_ROOT"":{""pnl"":82906.0,""cash"":-957086.0,""position"":80,""slope_per_step"":8.312486770633473,""r_squared"":0.999908108799512}}"
8,1,97494.3999999999,0.0,0.0,9.712436742038973,0.9997562140818124,0.0,0.0,0.0,0.0,"{""ASH_COATED_OSMIUM"":{""pnl"":15403.0,""cash"":-744673.0,""position"":76,""slope_per_step"":1.4496685932006859,""r_squared"":0.9919607744385268},""INTARIAN_PEPPER_ROOT"":{""pnl"":82091.3999999999,""cash"":-981901.0,""position"":76,""slope_per_step"":8.262768148838287,""r_squared"":0.9999471411377671}}"
9,-1,98699.0,0.0,0.0,9.994125008886435,0.9999560615976854,0.0,0.0,0.0,0.0,"{""INTARIAN_PEPPER_ROOT"":{""pnl"":83119.0,""cash"":-876873.0,""position"":80,""slope_per_step"":8.394620095297382,""r_squared"":0.9999851416905197},""ASH_COATED_OSMIUM"":{""pnl"":15580.0,""cash"":-724494.0,""position"":74,""slope_per_step"":1.5995049135890491,""r_squared"":0.9986946509169943}}"
10,0,100796.29999999993,0.0,0.0,10.121224650640857,0.9999258837708273,0.0,0.0,0.0,0.0,"{""ASH_COATED_OSMIUM"":{""pnl"":18159.0,""cash"":-671910.0,""position"":69,""slope_per_step"":1.7924376713963768,""r_squared"":0.9982014036084987},""INTARIAN_PEPPER_ROOT"":{""pnl"":82637.29999999993,""cash"":-918355.0,""position"":77,""slope_per_step"":8.32878697924447,""r_squared"":0.9999842749165411}}"
11,1,99772.3999999999,0.0,0.0,10.019337185934587,0.9998790616254759,0.0,0.0,0.0,0.0,"{""ASH_COATED_OSMIUM"":{""pnl"":17165.0,""cash"":-602897.0,""position"":62,""slope_per_step"":1.6957923415579235,""r_squared"":0.9983265230817204},""INTARIAN_PEPPER_ROOT"":{""pnl"":82607.3999999999,""cash"":-981385.0,""position"":76,""slope_per_step"":8.323544844376668,""r_squared"":0.9999595174080766}}"
12,-1,99665.29999999993,0.0,0.0,9.990006057083475,0.999900669138776,0.0,0.0,0.0,0.0,"{""INTARIAN_PEPPER_ROOT"":{""pnl"":82747.29999999993,""cash"":-841245.0,""position"":77,""slope_per_step"":8.328214345603538,""r_squared"":0.9999685940859456},""ASH_COATED_OSMIUM"":{""pnl"":16918.0,""cash"":-593143.0,""position"":61,""slope_per_step"":1.6617917114799172,""r_squared"":0.9968191895839119}}"
13,0,100542.29999999993,0.0,0.0,9.97350696115927,0.9999042492769207,0.0,0.0,0.0,0.0,"{""INTARIAN_PEPPER_ROOT"":{""pnl"":83008.29999999993,""cash"":-917984.0,""position"":77,""slope_per_step"":8.280892683889132,""r_squared"":0.9999706006285773},""ASH_COATED_OSMIUM"":{""pnl"":17534.0,""cash"":-752543.0,""position"":77,""slope_per_step"":1.6926142772701427,""r_squared"":0.9976767993895944}}"
14,1,99511.0,0.0,0.0,9.989237277535388,0.9998717310044561,0.0,0.0,0.0,0.0,"{""ASH_COATED_OSMIUM"":{""pnl"":16848.0,""cash"":-473201.0,""position"":49,""slope_per_step"":1.6981450772714508,""r_squared"":0.9966445827982664},""INTARIAN_PEPPER_ROOT"":{""pnl"":82663.0,""cash"":-1037329.0,""position"":80,""slope_per_step"":8.291092200263932,""r_squared"":0.9999505299703682}}"
15,-1,99926.59999999998,0.0,0.0,10.013711256768698,0.9998878287419826,0.0,0.0,0.0,0.0,"{""INTARIAN_PEPPER_ROOT"":{""pnl"":82197.59999999998,""cash"":-805795.0,""position"":74,""slope_per_step"":8.276169141589282,""r_squared"":0.999991226120885},""ASH_COATED_OSMIUM"":{""pnl"":17729.0,""cash"":-592332.0,""position"":61,""slope_per_step"":1.7375421151794213,""r_squared"":0.9971557856317743}}"
16,0,99086.79999999993,0.0,0.0,9.980822521450845,0.9999087139734467,0.0,0.0,0.0,0.0,"{""ASH_COATED_OSMIUM"":{""pnl"":16684.0,""cash"":-243342.0,""position"":26,""slope_per_step"":1.6534918350709185,""r_squared"":0.9960046258694959},""INTARIAN_PEPPER_ROOT"":{""pnl"":82402.79999999993,""cash"":-853590.0,""position"":72,""slope_per_step"":8.327330686379925,""r_squared"":0.9999727393699607}}"
17,1,100843.0,0.0,0.0,10.16457927828877,0.9999727252747489,0.0,0.0,0.0,0.0,"{""INTARIAN_PEPPER_ROOT"":{""pnl"":82944.0,""cash"":-1037048.0,""position"":80,""slope_per_step"":8.368429169651296,""r_squared"":0.9999881860458274},""ASH_COATED_OSMIUM"":{""pnl"":17899.0,""cash"":-222125.0,""position"":24,""slope_per_step"":1.7961501086375011,""r_squared"":0.99895095762633}}"
18,-1,99590.29999999993,0.0,0.0,10.068004156031432,0.9999181481011609,0.0,0.0,0.0,0.0,"{""ASH_COATED_OSMIUM"":{""pnl"":17192.0,""cash"":-592869.0,""position"":61,""slope_per_step"":1.7625688324116884,""r_squared"":0.9980730788309707},""INTARIAN_PEPPER_ROOT"":{""pnl"":82398.29999999993,""cash"":-841594.0,""position"":77,""slope_per_step"":8.305435323619749,""r_squared"":0.9999800087426943}}"
19,0,100181.0,0.0,0.0,10.044910641061321,0.9999513521264104,0.0,0.0,0.0,0.0,"{""INTARIAN_PEPPER_ROOT"":{""pnl"":82760.0,""cash"":-957232.0,""position"":80,""slope_per_step"":8.303546618165681,""r_squared"":0.9999871836759118},""ASH_COATED_OSMIUM"":{""pnl"":17421.0,""cash"":-412622.0,""position"":43,""slope_per_step"":1.7413640228956402,""r_squared"":0.9983239278968358}}"
20,1,98830.30000000005,0.0,0.0,9.958954766433957,0.999933048965996,0.0,0.0,0.0,0.0,"{""ASH_COATED_OSMIUM"":{""pnl"":16767.0,""cash"":-723307.0,""position"":74,""slope_per_step"":1.6705664188036642,""r_squared"":0.9985041816225697},""INTARIAN_PEPPER_ROOT"":{""pnl"":82063.30000000005,""cash"":-995929.0,""position"":77,""slope_per_step"":8.288388347630294,""r_squared"":0.999973484599848}}"
21,-1,100380.29999999993,0.0,0.0,9.962224281616828,0.9998974958920804,0.0,0.0,0.0,0.0,"{""INTARIAN_PEPPER_ROOT"":{""pnl"":82709.29999999993,""cash"":-841283.0,""position"":77,""slope_per_step"":8.303629217456873,""r_squared"":0.9999771576167606},""ASH_COATED_OSMIUM"":{""pnl"":17671.0,""cash"":-782409.0,""position"":80,""slope_per_step"":1.6585950641599507,""r_squared"":0.9970703128049604}}"
22,0,99603.0,0.0,0.0,9.993214727670953,0.9999357740861636,0.0,0.0,0.0,0.0,"{""ASH_COATED_OSMIUM"":{""pnl"":16892.0,""cash"":-153125.0,""position"":17,""slope_per_step"":1.700427516210275,""r_squared"":0.9976627029050675},""INTARIAN_PEPPER_ROOT"":{""pnl"":82711.0,""cash"":-957281.0,""position"":80,""slope_per_step"":8.292787211460686,""r_squared"":0.999979921250132}}"
23,1,101346.0,0.0,0.0,10.148056074759756,0.9999110622588444,0.0,0.0,0.0,0.0,"{""ASH_COATED_OSMIUM"":{""pnl"":18317.0,""cash"":-591744.0,""position"":61,""slope_per_step"":1.7963932378859324,""r_squared"":0.998572978777217},""INTARIAN_PEPPER_ROOT"":{""pnl"":83029.0,""cash"":-1036963.0,""position"":80,""slope_per_step"":8.351662836873828,""r_squared"":0.9999768029131263}}"
24,-1,99399.79999999993,0.0,0.0,9.963224221424223,0.9999377080302689,0.0,0.0,0.0,0.0,"{""ASH_COATED_OSMIUM"":{""pnl"":16837.0,""cash"":686904.0,""position"":-67,""slope_per_step"":1.6485707752777077,""r_squared"":0.9976278192378791},""INTARIAN_PEPPER_ROOT"":{""pnl"":82562.79999999993,""cash"":-781430.0,""position"":72,""slope_per_step"":8.31465344614651,""r_squared"":0.9999682978025198}}"
25,0,101609.40000000002,0.0,0.0,10.14793644897795,0.9999204989787007,0.0,0.0,0.0,0.0,"{""INTARIAN_PEPPER_ROOT"":{""pnl"":82595.40000000002,""cash"":-905397.0,""position"":76,""slope_per_step"":8.318279837717379,""r_squared"":0.9999679167619469},""ASH_COATED_OSMIUM"":{""pnl"":19014.0,""cash"":-90997.0,""position"":11,""slope_per_step"":1.8296566112605661,""r_squared"":0.9985777280106442}}"
26,1,99513.90000000002,0.0,0.0,9.928095077755941,0.9998679335195945,0.0,0.0,0.0,0.0,"{""ASH_COATED_OSMIUM"":{""pnl"":16328.0,""cash"":-453719.0,""position"":47,""slope_per_step"":1.5817930326139302,""r_squared"":0.997303787505595},""INTARIAN_PEPPER_ROOT"":{""pnl"":83185.90000000002,""cash"":-910807.0,""position"":71,""slope_per_step"":8.346302045142016,""r_squared"":0.9999776323647673}}"
27,-1,98312.0,0.0,0.0,9.877146614856047,0.9998217225663023,0.0,0.0,0.0,0.0,"{""INTARIAN_PEPPER_ROOT"":{""pnl"":82804.0,""cash"":-877188.0,""position"":80,""slope_per_step"":8.36815996154418,""r_squared"":0.9999523191409614},""ASH_COATED_OSMIUM"":{""pnl"":15508.0,""cash"":-634557.0,""position"":65,""slope_per_step"":1.5089866533118665,""r_squared"":0.9960179532944021}}"
28,0,100102.0,0.0,0.0,10.045516361493135,0.9999283727748997,0.0,0.0,0.0,0.0,"{""INTARIAN_PEPPER_ROOT"":{""pnl"":83136.0,""cash"":-956856.0,""position"":80,""slope_per_step"":8.387106338367055,""r_squared"":0.9999680246110525},""ASH_COATED_OSMIUM"":{""pnl"":16966.0,""cash"":-783114.0,""position"":80,""slope_per_step"":1.6584100231261003,""r_squared"":0.9979601962477771}}"
29,1,99924.30000000005,0.0,0.0,9.934182191003812,0.9998112455291527,0.0,0.0,0.0,0.0,"{""ASH_COATED_OSMIUM"":{""pnl"":17661.0,""cash"":77667.0,""position"":-6,""slope_per_step"":1.6732625459446255,""r_squared"":0.9932659553851757},""INTARIAN_PEPPER_ROOT"":{""pnl"":82263.30000000005,""cash"":-995729.0,""position"":77,""slope_per_step"":8.260919645059202,""r_squared"":0.9999867305515131}}"
30,-1,100293.29999999993,0.0,0.0,10.115533432008748,0.9999203228801549,0.0,0.0,0.0,0.0,"{""ASH_COATED_OSMIUM"":{""pnl"":17706.0,""cash"":-782374.0,""position"":80,""slope_per_step"":1.8256319458123194,""r_squared"":0.9969947761393384},""INTARIAN_PEPPER_ROOT"":{""pnl"":82587.29999999993,""cash"":-841405.0,""position"":77,""slope_per_step"":8.28990148619643,""r_squared"":0.9999778075002772}}"
31,0,100014.0,0.0,0.0,10.081144668561656,0.9998464260506381,0.0,0.0,0.0,0.0,"{""ASH_COATED_OSMIUM"":{""pnl"":16620.0,""cash"":-723454.0,""position"":74,""slope_per_step"":1.6487598083035981,""r_squared"":0.9970164513332016},""INTARIAN_PEPPER_ROOT"":{""pnl"":83394.0,""cash"":-956598.0,""position"":80,""slope_per_step"":8.432384860258063,""r_squared"":0.9999582931365394}}"
32,1,96936.0,0.0,0.0,9.794814315686343,0.9998736285221519,0.0,0.0,0.0,0.0,"{""INTARIAN_PEPPER_ROOT"":{""pnl"":81760.0,""cash"":-1038232.0,""position"":80,""slope_per_step"":8.263859731732808,""r_squared"":0.9999770765832444},""ASH_COATED_OSMIUM"":{""pnl"":15176.0,""cash"":-454871.0,""position"":47,""slope_per_step"":1.5309545839535459,""r_squared"":0.9968496348897984}}"
33,-1,100202.0,0.0,0.0,10.05539349598614,0.9998700683532471,0.0,0.0,0.0,0.0,"{""ASH_COATED_OSMIUM"":{""pnl"":17656.0,""cash"":-382384.0,""position"":40,""slope_per_step"":1.7387573523655735,""r_squared"":0.9955336196273354},""INTARIAN_PEPPER_ROOT"":{""pnl"":82546.0,""cash"":-877446.0,""position"":80,""slope_per_step"":8.316636143620567,""r_squared"":0.999982947251169}}"
34,0,98282.09999999998,0.0,0.0,9.855218341236398,0.9999754961354634,0.0,0.0,0.0,0.0,"{""ASH_COATED_OSMIUM"":{""pnl"":16390.0,""cash"":-693681.0,""position"":71,""slope_per_step"":1.6177859377038595,""r_squared"":0.9991240371778405},""INTARIAN_PEPPER_ROOT"":{""pnl"":81892.09999999998,""cash"":-945100.0,""position"":79,""slope_per_step"":8.237432403532528,""r_squared"":0.9999903285232771}}"
35,1,98734.5,0.0,0.0,9.950493139985142,0.9998962224867148,0.0,0.0,0.0,0.0,"{""INTARIAN_PEPPER_ROOT"":{""pnl"":82113.5,""cash"":-967879.0,""position"":75,""slope_per_step"":8.277627282502491,""r_squared"":0.9999689209601534},""ASH_COATED_OSMIUM"":{""pnl"":16621.0,""cash"":-553436.0,""position"":57,""slope_per_step"":1.6728658574826585,""r_squared"":0.9968625520941428}}"
36,-1,98495.69999999995,0.0,0.0,9.845935167005319,0.9999404333051806,0.0,0.0,0.0,0.0,"{""INTARIAN_PEPPER_ROOT"":{""pnl"":83506.69999999995,""cash"":-792486.0,""position"":73,""slope_per_step"":8.412108512047071,""r_squared"":0.9999758531640427},""ASH_COATED_OSMIUM"":{""pnl"":14989.0,""cash"":-355048.0,""position"":37,""slope_per_step"":1.4338266549582666,""r_squared"":0.9972383950160119}}"
37,0,99768.0,0.0,0.0,10.047418296115797,0.9999456230666934,0.0,0.0,0.0,0.0,"{""INTARIAN_PEPPER_ROOT"":{""pnl"":82085.0,""cash"":-957907.0,""position"":80,""slope_per_step"":8.267291954900529,""r_squared"":0.9999812306577585},""ASH_COATED_OSMIUM"":{""pnl"":17683.0,""cash"":-512370.0,""position"":53,""slope_per_step"":1.7801263412152635,""r_squared"":0.9976099111613598}}"
38,1,100363.0,0.0,0.0,10.118395761781157,0.9999531976472775,0.0,0.0,0.0,0.0,"{""ASH_COATED_OSMIUM"":{""pnl"":18097.0,""cash"":-691974.0,""position"":71,""slope_per_step"":1.8323883168538833,""r_squared"":0.9993239026060625},""INTARIAN_PEPPER_ROOT"":{""pnl"":82266.0,""cash"":-1037726.0,""position"":80,""slope_per_step"":8.286007444927275,""r_squared"":0.9999835943528669}}"
39,-1,99413.29999999993,0.0,0.0,9.9960005428092,0.9999717218354633,0.0,0.0,0.0,0.0,"{""ASH_COATED_OSMIUM"":{""pnl"":17042.0,""cash"":-162976.0,""position"":18,""slope_per_step"":1.6854642493566425,""r_squared"":0.9973348965212845},""INTARIAN_PEPPER_ROOT"":{""pnl"":82371.29999999993,""cash"":-841621.0,""position"":77,""slope_per_step"":8.310536293452557,""r_squared"":0.9999419032964717}}"
40,0,101235.29999999993,0.0,0.0,10.156818231216807,0.9999426460198371,0.0,0.0,0.0,0.0,"{""ASH_COATED_OSMIUM"":{""pnl"":18465.0,""cash"":-761613.0,""position"":78,""slope_per_step"":1.7941270085532701,""r_squared"":0.9987666154778937},""INTARIAN_PEPPER_ROOT"":{""pnl"":82770.29999999993,""cash"":-918222.0,""position"":77,""slope_per_step"":8.362691222663535,""r_squared"":0.9999756725171118}}"
41,1,100341.69999999995,0.0,0.0,10.14778500240406,0.999829809452268,0.0,0.0,0.0,0.0,"{""INTARIAN_PEPPER_ROOT"":{""pnl"":82900.69999999995,""cash"":-939092.0,""position"":73,""slope_per_step"":8.36120748987627,""r_squared"":0.9999750199299092},""ASH_COATED_OSMIUM"":{""pnl"":17441.0,""cash"":-742635.0,""position"":76,""slope_per_step"":1.7865775125277752,""r_squared"":0.9970122196436133}}"
42,-1,101214.0,0.0,0.0,10.27516613295827,0.9998501644719124,0.0,0.0,0.0,0.0,"{""INTARIAN_PEPPER_ROOT"":{""pnl"":82929.0,""cash"":-877063.0,""position"":80,""slope_per_step"":8.377746329886078,""r_squared"":0.9999781909533937},""ASH_COATED_OSMIUM"":{""pnl"":18285.0,""cash"":-581775.0,""position"":60,""slope_per_step"":1.897419803072198,""r_squared"":0.9972304626447751}}"
43,0,101531.0,0.0,0.0,10.13060865509731,0.9996616166367842,0.0,0.0,0.0,0.0,"{""ASH_COATED_OSMIUM"":{""pnl"":17886.0,""cash"":-652181.0,""position"":67,""slope_per_step"":1.7492524526965245,""r_squared"":0.9922896451004701},""INTARIAN_PEPPER_ROOT"":{""pnl"":83645.0,""cash"":-956347.0,""position"":80,""slope_per_step"":8.381356202400786,""r_squared"":0.9999396447973296}}"
44,1,98929.0,0.0,0.0,9.988533934502755,0.9999347699218063,0.0,0.0,0.0,0.0,"{""ASH_COATED_OSMIUM"":{""pnl"":16007.0,""cash"":-644059.0,""position"":66,""slope_per_step"":1.6257315888453159,""r_squared"":0.9970049870184319},""INTARIAN_PEPPER_ROOT"":{""pnl"":82922.0,""cash"":-1037070.0,""position"":80,""slope_per_step"":8.362802345657423,""r_squared"":0.9999799031199701}}"
45,-1,99789.0,0.0,0.0,9.988817218448563,0.999867325923754,0.0,0.0,0.0,0.0,"{""INTARIAN_PEPPER_ROOT"":{""pnl"":82176.0,""cash"":-877816.0,""position"":80,""slope_per_step"":8.265602446910416,""r_squared"":0.9999676567816563},""ASH_COATED_OSMIUM"":{""pnl"":17613.0,""cash"":-672456.0,""position"":69,""slope_per_step"":1.7232147715381476,""r_squared"":0.9958570047089087}}"
46,0,97658.69999999995,0.0,0.0,9.877707505264466,0.9998921727192785,0.0,0.0,0.0,0.0,"{""INTARIAN_PEPPER_ROOT"":{""pnl"":82417.69999999995,""cash"":-866575.0,""position"":73,""slope_per_step"":8.332419246313588,""r_squared"":0.9999833877626648},""ASH_COATED_OSMIUM"":{""pnl"":15241.0,""cash"":-484809.0,""position"":50,""slope_per_step"":1.5452882589508825,""r_squared"":0.9954692328073043}}"
47,1,99987.0,0.0,0.0,9.991695222529371,0.9999241103772265,0.0,0.0,0.0,0.0,"{""ASH_COATED_OSMIUM"":{""pnl"":17154.0,""cash"":-612909.0,""position"":63,""slope_per_step"":1.6501841775858417,""r_squared"":0.9979291011267628},""INTARIAN_PEPPER_ROOT"":{""pnl"":82833.0,""cash"":-1037159.0,""position"":80,""slope_per_step"":8.341511044943525,""r_squared"":0.999958910993161}}"
48,-1,97538.40000000002,0.0,0.0,9.844233568810541,0.9999500674288849,0.0,0.0,0.0,0.0,"{""ASH_COATED_OSMIUM"":{""pnl"":15880.0,""cash"":-784200.0,""position"":80,""slope_per_step"":1.6044189651601897,""r_squared"":0.9967887312547339},""INTARIAN_PEPPER_ROOT"":{""pnl"":81658.40000000002,""cash"":-830334.0,""position"":76,""slope_per_step"":8.239814603650355,""r_squared"":0.9999533327054249}}"
49,0,99257.29999999993,0.0,0.0,9.924903263626828,0.999934866737888,0.0,0.0,0.0,0.0,"{""ASH_COATED_OSMIUM"":{""pnl"":16898.0,""cash"":-163120.0,""position"":18,""slope_per_step"":1.6500481510744816,""r_squared"":0.9985757856015047},""INTARIAN_PEPPER_ROOT"":{""pnl"":82359.29999999993,""cash"":-918633.0,""position"":77,""slope_per_step"":8.274855112552366,""r_squared"":0.9999680164677077}}"
50,1,101281.90000000002,0.0,0.0,10.208554806241544,0.9999448746661534,0.0,0.0,0.0,0.0,"{""ASH_COATED_OSMIUM"":{""pnl"":18156.0,""cash"":-21848.0,""position"":4,""slope_per_step"":1.835818101160181,""r_squared"":0.9992769509104412},""INTARIAN_PEPPER_ROOT"":{""pnl"":83125.90000000002,""cash"":-910867.0,""position"":71,""slope_per_step"":8.372736705081357,""r_squared"":0.9999721032751892}}"
51,-1,98636.0,0.0,0.0,9.940326368394064,0.9999615351325457,0.0,0.0,0.0,0.0,"{""INTARIAN_PEPPER_ROOT"":{""pnl"":83281.0,""cash"":-876711.0,""position"":80,""slope_per_step"":8.428078660155567,""r_squared"":0.999965501318697},""ASH_COATED_OSMIUM"":{""pnl"":15355.0,""cash"":-624709.0,""position"":64,""slope_per_step"":1.512247708238477,""r_squared"":0.996569880657925}}"
52,0,99511.0,0.0,0.0,9.921773153486328,0.999886340032173,0.0,0.0,0.0,0.0,"{""ASH_COATED_OSMIUM"":{""pnl"":17357.0,""cash"":317387.0,""position"":-30,""slope_per_step"":1.6557589385915894,""r_squared"":0.9965889039585238},""INTARIAN_PEPPER_ROOT"":{""pnl"":82154.0,""cash"":-957838.0,""position"":80,""slope_per_step"":8.266014214894748,""r_squared"":0.9999872053691593}}"
53,1,99494.30000000005,0.0,0.0,9.952538563612562,0.9998548037908921,0.0,0.0,0.0,0.0,"{""ASH_COATED_OSMIUM"":{""pnl"":16969.0,""cash"":-763109.0,""position"":78,""slope_per_step"":1.673853417214534,""r_squared"":0.9963534266222537},""INTARIAN_PEPPER_ROOT"":{""pnl"":82525.30000000005,""cash"":-995467.0,""position"":77,""slope_per_step"":8.278685146398033,""r_squared"":0.999981464691911}}"
54,-1,99398.0,0.0,0.0,9.942255159863556,0.9999150155969165,0.0,0.0,0.0,0.0,"{""INTARIAN_PEPPER_ROOT"":{""pnl"":82695.0,""cash"":-877297.0,""position"":80,""slope_per_step"":8.356179130454786,""r_squared"":0.9999501543720751},""ASH_COATED_OSMIUM"":{""pnl"":16703.0,""cash"":-213320.0,""position"":23,""slope_per_step"":1.5860760294087604,""r_squared"":0.9969432774256408}}"
55,0,100370.0,0.0,0.0,10.175557539746766,0.9999586965609861,0.0,0.0,0.0,0.0,"{""ASH_COATED_OSMIUM"":{""pnl"":17492.0,""cash"":-682578.0,""position"":70,""slope_per_step"":1.8001364894953649,""r_squared"":0.9986044232121346},""INTARIAN_PEPPER_ROOT"":{""pnl"":82878.0,""cash"":-957114.0,""position"":80,""slope_per_step"":8.375421050251406,""r_squared"":0.9999815704934578}}"
56,1,99285.0,0.0,0.0,9.880217890292593,0.999843338672326,0.0,0.0,0.0,0.0,"{""INTARIAN_PEPPER_ROOT"":{""pnl"":82674.0,""cash"":-1037318.0,""position"":80,""slope_per_step"":8.300161898868028,""r_squared"":0.9999731872390198},""ASH_COATED_OSMIUM"":{""pnl"":16611.0,""cash"":-683459.0,""position"":70,""slope_per_step"":1.58005599142456,""r_squared"":0.9964337501647668}}"
57,-1,101659.0,0.0,0.0,10.172856123609376,0.9999460893480211,0.0,0.0,0.0,0.0,"{""ASH_COATED_OSMIUM"":{""pnl"":18855.0,""cash"":-591206.0,""position"":61,""slope_per_step"":1.8623798653257986,""r_squared"":0.9975875012736589},""INTARIAN_PEPPER_ROOT"":{""pnl"":82804.0,""cash"":-877188.0,""position"":80,""slope_per_step"":8.310476258283572,""r_squared"":0.9999720734297834}}"
58,0,100005.19999999995,0.0,0.0,10.082766703824673,0.9999338095445583,0.0,0.0,0.0,0.0,"{""INTARIAN_PEPPER_ROOT"":{""pnl"":82177.19999999995,""cash"":-931815.0,""position"":78,""slope_per_step"":8.254663643035636,""r_squared"":0.999914776110716},""ASH_COATED_OSMIUM"":{""pnl"":17828.0,""cash"":-362210.0,""position"":38,""slope_per_step"":1.8281030607890305,""r_squared"":0.9976010408148088}}"
59,1,102128.30000000005,0.0,0.0,10.363222973563435,0.9999186584259809,0.0,0.0,0.0,0.0,"{""INTARIAN_PEPPER_ROOT"":{""pnl"":83892.30000000005,""cash"":-994100.0,""position"":77,""slope_per_step"":8.40830306647824,""r_squared"":0.9999493215856421},""ASH_COATED_OSMIUM"":{""pnl"":18236.0,""cash"":-751841.0,""position"":77,""slope_per_step"":1.954919907085199,""r_squared"":0.9981471940134417}}"
60,-1,99986.0,0.0,0.0,10.01013450174816,0.9999523586783265,0.0,0.0,0.0,0.0,"{""INTARIAN_PEPPER_ROOT"":{""pnl"":82433.0,""cash"":-877559.0,""position"":80,""slope_per_step"":8.311798695424796,""r_squared"":0.9999868902833517},""ASH_COATED_OSMIUM"":{""pnl"":17553.0,""cash"":-352484.0,""position"":37,""slope_per_step"":1.698335806323358,""r_squared"":0.998558615120692}}"
61,0,100132.5,0.0,0.0,9.943783887380224,0.9999144338286345,0.0,0.0,0.0,0.0,"{""ASH_COATED_OSMIUM"":{""pnl"":17443.0,""cash"":-192578.0,""position"":21,""slope_per_step"":1.6667592178615922,""r_squared"":0.9982728495598707},""INTARIAN_PEPPER_ROOT"":{""pnl"":82689.5,""cash"":-892303.0,""position"":75,""slope_per_step"":8.277024669518648,""r_squared"":0.9999768053792746}}"
62,1,100581.0,0.0,0.0,10.114338079608771,0.999965696178319,0.0,0.0,0.0,0.0,"{""ASH_COATED_OSMIUM"":{""pnl"":17869.0,""cash"":-782211.0,""position"":80,""slope_per_step"":1.7810781390627815,""r_squared"":0.9991702487006568},""INTARIAN_PEPPER_ROOT"":{""pnl"":82712.0,""cash"":-1037280.0,""position"":80,""slope_per_step"":8.333259940545984,""r_squared"":0.9999859302306509}}"
63,-1,100380.0,0.0,0.0,10.06333092419891,0.9999659221919122,0.0,0.0,0.0,0.0,"{""INTARIAN_PEPPER_ROOT"":{""pnl"":82852.0,""cash"":-877140.0,""position"":80,""slope_per_step"":8.341852263850113,""r_squared"":0.9999876824548952},""ASH_COATED_OSMIUM"":{""pnl"":17528.0,""cash"":-512525.0,""position"":53,""slope_per_step"":1.7214786603487866,""r_squared"":0.9993644132391343}}"
64,0,99740.0,0.0,0.0,10.096388772411668,0.9999581420568673,0.0,0.0,0.0,0.0,"{""ASH_COATED_OSMIUM"":{""pnl"":17490.0,""cash"":-642576.0,""position"":66,""slope_per_step"":1.803617903916179,""r_squared"":0.99894881421307},""INTARIAN_PEPPER_ROOT"":{""pnl"":82250.0,""cash"":-957742.0,""position"":80,""slope_per_step"":8.292770868495495,""r_squared"":0.9999827895590877}}"
65,1,99723.0,0.0,0.0,9.994158012799351,0.9999493928366998,0.0,0.0,0.0,0.0,"{""ASH_COATED_OSMIUM"":{""pnl"":17100.0,""cash"":-22904.0,""position"":4,""slope_per_step"":1.7006370681443708,""r_squared"":0.9982185924010666},""INTARIAN_PEPPER_ROOT"":{""pnl"":82623.0,""cash"":-1037369.0,""position"":80,""slope_per_step"":8.293520944654986,""r_squared"":0.9999678576040797}}"
66,-1,99290.59999999998,0.0,0.0,9.870386622912875,0.9996001929318051,0.0,0.0,0.0,0.0,"{""ASH_COATED_OSMIUM"":{""pnl"":16571.0,""cash"":-733504.0,""position"":75,""slope_per_step"":1.5467623755536237,""r_squared"":0.9898373588054951},""INTARIAN_PEPPER_ROOT"":{""pnl"":82719.59999999998,""cash"":-805273.0,""position"":74,""slope_per_step"":8.323624247359238,""r_squared"":0.9999679724954996}}"
67,0,101567.29999999993,0.0,0.0,10.244948308201288,0.9997698621133033,0.0,0.0,0.0,0.0,"{""INTARIAN_PEPPER_ROOT"":{""pnl"":83086.29999999993,""cash"":-917906.0,""position"":77,""slope_per_step"":8.394521245639007,""r_squared"":0.9999496882790799},""ASH_COATED_OSMIUM"":{""pnl"":18481.0,""cash"":-781599.0,""position"":80,""slope_per_step"":1.8504270625622705,""r_squared"":0.9966625933093974}}"
68,1,100560.09999999986,0.0,0.0,10.119959250420003,0.9999059678843826,0.0,0.0,0.0,0.0,"{""ASH_COATED_OSMIUM"":{""pnl"":17252.0,""cash"":-782828.0,""position"":80,""slope_per_step"":1.758750101479501,""r_squared"":0.9970489176624137},""INTARIAN_PEPPER_ROOT"":{""pnl"":83308.09999999986,""cash"":-1022684.0,""position"":79,""slope_per_step"":8.361209148940496,""r_squared"":0.9999745452987653}}"
69,-1,99659.0,0.0,0.0,10.063121297299636,0.9998361174400587,0.0,0.0,0.0,0.0,"{""ASH_COATED_OSMIUM"":{""pnl"":15929.0,""cash"":-704143.0,""position"":72,""slope_per_step"":1.6802815536868156,""r_squared"":0.9931412468053634},""INTARIAN_PEPPER_ROOT"":{""pnl"":83730.0,""cash"":-876262.0,""position"":80,""slope_per_step"":8.382839743612802,""r_squared"":0.9999761419168884}}"
70,0,98803.29999999993,0.0,0.0,9.87321241322371,0.9999149429081328,0.0,0.0,0.0,0.0,"{""INTARIAN_PEPPER_ROOT"":{""pnl"":83333.29999999993,""cash"":-917659.0,""position"":77,""slope_per_step"":8.380320184720796,""r_squared"":0.999988007951446},""ASH_COATED_OSMIUM"":{""pnl"":15470.0,""cash"":-414573.0,""position"":43,""slope_per_step"":1.4928922285029222,""r_squared"":0.9968531804231768}}"
71,1,101805.0,0.0,0.0,10.248087126284066,0.9998682702591769,0.0,0.0,0.0,0.0,"{""ASH_COATED_OSMIUM"":{""pnl"":18663.0,""cash"":-431382.0,""position"":45,""slope_per_step"":1.8959071810550718,""r_squared"":0.9979852657645509},""INTARIAN_PEPPER_ROOT"":{""pnl"":83142.0,""cash"":-1036850.0,""position"":80,""slope_per_step"":8.352179945229015,""r_squared"":0.9999672825117878}}"
72,-1,99093.0,0.0,0.0,10.024898164602963,0.9999523286003964,0.0,0.0,0.0,0.0,"{""ASH_COATED_OSMIUM"":{""pnl"":16266.0,""cash"":-663802.0,""position"":68,""slope_per_step"":1.662508902389089,""r_squared"":0.9983954097647111},""INTARIAN_PEPPER_ROOT"":{""pnl"":82827.0,""cash"":-877165.0,""position"":80,""slope_per_step"":8.362389262213888,""r_squared"":0.9999929521602874}}"
73,0,101273.0,0.0,0.0,10.197243679004398,0.999963400854515,0.0,0.0,0.0,0.0,"{""INTARIAN_PEPPER_ROOT"":{""pnl"":83186.0,""cash"":-956806.0,""position"":80,""slope_per_step"":8.399182721691798,""r_squared"":0.9999774701109705},""ASH_COATED_OSMIUM"":{""pnl"":18087.0,""cash"":-681983.0,""position"":70,""slope_per_step"":1.7980609573126096,""r_squared"":0.9982212313822695}}"
74,1,99988.79999999993,0.0,0.0,10.14962344069343,0.9998945266886309,0.0,0.0,0.0,0.0,"{""INTARIAN_PEPPER_ROOT"":{""pnl"":82334.79999999993,""cash"":-925658.0,""position"":72,""slope_per_step"":8.336221308719399,""r_squared"":0.9999349218294249},""ASH_COATED_OSMIUM"":{""pnl"":17654.0,""cash"":-122360.0,""position"":14,""slope_per_step"":1.8134021319740212,""r_squared"":0.9988928213196097}}"
75,-1,98933.0,0.0,0.0,9.94886064489142,0.9999169559216078,0.0,0.0,0.0,0.0,"{""ASH_COATED_OSMIUM"":{""pnl"":16406.0,""cash"":-663662.0,""position"":68,""slope_per_step"":1.6526676488366765,""r_squared"":0.9990016619563198},""INTARIAN_PEPPER_ROOT"":{""pnl"":82527.0,""cash"":-877465.0,""position"":80,""slope_per_step"":8.29619299605475,""r_squared"":0.9999319630558251}}"
76,0,99018.29999999993,0.0,0.0,9.982556710144182,0.9998013745754712,0.0,0.0,0.0,0.0,"{""INTARIAN_PEPPER_ROOT"":{""pnl"":82175.29999999993,""cash"":-918817.0,""position"":77,""slope_per_step"":8.265161548610216,""r_squared"":0.9999816583028533},""ASH_COATED_OSMIUM"":{""pnl"":16843.0,""cash"":-783237.0,""position"":80,""slope_per_step"":1.7173951615339516,""r_squared"":0.9956747191327757}}"
77,1,98788.3999999999,0.0,0.0,9.87297598293395,0.9999214356054459,0.0,0.0,0.0,0.0,"{""ASH_COATED_OSMIUM"":{""pnl"":15934.0,""cash"":-784146.0,""position"":80,""slope_per_step"":1.5584869656628697,""r_squared"":0.9971589448353133},""INTARIAN_PEPPER_ROOT"":{""pnl"":82854.3999999999,""cash"":-981138.0,""position"":76,""slope_per_step"":8.31448901727109,""r_squared"":0.999975459891894}}"
78,-1,97923.40000000002,0.0,0.0,9.811880953101195,0.9999524882324072,0.0,0.0,0.0,0.0,"{""INTARIAN_PEPPER_ROOT"":{""pnl"":82320.40000000002,""cash"":-829672.0,""position"":76,""slope_per_step"":8.2831199271516,""r_squared"":0.9999819695864047},""ASH_COATED_OSMIUM"":{""pnl"":15603.0,""cash"":-264425.0,""position"":28,""slope_per_step"":1.5287610259496103,""r_squared"":0.9982764448042437}}"
79,0,98610.19999999995,0.0,0.0,9.878521071140401,0.9996281689627708,0.0,0.0,0.0,0.0,"{""ASH_COATED_OSMIUM"":{""pnl"":15815.0,""cash"":-734260.0,""position"":75,""slope_per_step"":1.5548814841648149,""r_squared"":0.9889698846156509},""INTARIAN_PEPPER_ROOT"":{""pnl"":82795.19999999995,""cash"":-931197.0,""position"":78,""slope_per_step"":8.323639586975606,""r_squared"":0.9999689389498075}}"
80,1,100187.0,0.0,0.0,10.0680500559947,0.9998560174381156,0.0,0.0,0.0,0.0,"{""INTARIAN_PEPPER_ROOT"":{""pnl"":82514.0,""cash"":-1037478.0,""position"":80,""slope_per_step"":8.283247693584691,""r_squared"":0.9999821402863808},""ASH_COATED_OSMIUM"":{""pnl"":17673.0,""cash"":-612390.0,""position"":63,""slope_per_step"":1.7848023624100235,""r_squared"":0.9962822398387896}}"
81,-1,98427.79999999993,0.0,0.0,9.822436581687171,0.9999480994210554,0.0,0.0,0.0,0.0,"{""INTARIAN_PEPPER_ROOT"":{""pnl"":83420.79999999993,""cash"":-780572.0,""position"":72,""slope_per_step"":8.385999002030784,""r_squared"":0.9999680258278975},""ASH_COATED_OSMIUM"":{""pnl"":15007.0,""cash"":-4995.0,""position"":2,""slope_per_step"":1.4364375796563758,""r_squared"":0.9989590273320152}}"
82,0,100756.40000000002,0.0,0.0,10.215550815171722,0.9997767894534073,0.0,0.0,0.0,0.0,"{""ASH_COATED_OSMIUM"":{""pnl"":17820.0,""cash"":-782260.0,""position"":80,""slope_per_step"":1.824963804813638,""r_squared"":0.9969828217259176},""INTARIAN_PEPPER_ROOT"":{""pnl"":82936.40000000002,""cash"":-905056.0,""position"":76,""slope_per_step"":8.39058701035809,""r_squared"":0.9999077854323108}}"
83,1,100668.19999999995,0.0,0.0,10.130299833439993,0.9999147178863868,0.0,0.0,0.0,0.0,"{""INTARIAN_PEPPER_ROOT"":{""pnl"":82684.19999999995,""cash"":-1009308.0,""position"":78,""slope_per_step"":8.318395306256948,""r_squared"":0.9999844845820758},""ASH_COATED_OSMIUM"":{""pnl"":17984.0,""cash"":-672085.0,""position"":69,""slope_per_step"":1.8119045271830452,""r_squared"":0.9982632180182744}}"
84,-1,100194.40000000002,0.0,0.0,10.107048984255504,0.9999443378349252,0.0,0.0,0.0,0.0,"{""INTARIAN_PEPPER_ROOT"":{""pnl"":83442.40000000002,""cash"":-828550.0,""position"":76,""slope_per_step"":8.40945256590754,""r_squared"":0.9999829054305192},""ASH_COATED_OSMIUM"":{""pnl"":16752.0,""cash"":-523302.0,""position"":54,""slope_per_step"":1.6975964183479642,""r_squared"":0.9979914508962763}}"
85,0,100435.0,0.0,0.0,10.158957328782568,0.9999224499675754,0.0,0.0,0.0,0.0,"{""ASH_COATED_OSMIUM"":{""pnl"":18410.0,""cash"":-611653.0,""position"":63,""slope_per_step"":1.8968627673086276,""r_squared"":0.9984058399726323},""INTARIAN_PEPPER_ROOT"":{""pnl"":82025.0,""cash"":-957967.0,""position"":80,""slope_per_step"":8.26209456147394,""r_squared"":0.999958459864101}}"
86,1,97979.0,0.0,0.0,9.811461273906207,0.9998928384293134,0.0,0.0,0.0,0.0,"{""INTARIAN_PEPPER_ROOT"":{""pnl"":82618.0,""cash"":-1037374.0,""position"":80,""slope_per_step"":8.316780676301407,""r_squared"":0.9999840217199237},""ASH_COATED_OSMIUM"":{""pnl"":15361.0,""cash"":-634704.0,""position"":65,""slope_per_step"":1.4946805976048059,""r_squared"":0.9966519970907195}}"
87,-1,100357.0,0.0,0.0,10.014129002460699,0.9998661380606316,0.0,0.0,0.0,0.0,"{""INTARIAN_PEPPER_ROOT"":{""pnl"":82115.0,""cash"":-877877.0,""position"":80,""slope_per_step"":8.230587086091276,""r_squared"":0.9999730821666125},""ASH_COATED_OSMIUM"":{""pnl"":18242.0,""cash"":-771837.0,""position"":79,""slope_per_step"":1.783541916369419,""r_squared"":0.9953794820894755}}"
88,0,98656.09999999998,0.0,0.0,9.925742559510011,0.9998880389601887,0.0,0.0,0.0,0.0,"{""ASH_COATED_OSMIUM"":{""pnl"":15423.0,""cash"":-784657.0,""position"":80,""slope_per_step"":1.5324002221320023,""r_squared"":0.9960458948187795},""INTARIAN_PEPPER_ROOT"":{""pnl"":83233.09999999998,""cash"":-943759.0,""position"":79,""slope_per_step"":8.393342337378009,""r_squared"":0.9999875784225877}}"
89,1,100346.5,0.0,0.0,10.102186221517039,0.9999617482727194,0.0,0.0,0.0,0.0,"{""INTARIAN_PEPPER_ROOT"":{""pnl"":83081.5,""cash"":-966911.0,""position"":75,""slope_per_step"":8.361933524638502,""r_squared"":0.9999855682117774},""ASH_COATED_OSMIUM"":{""pnl"":17265.0,""cash"":-2737.0,""position"":2,""slope_per_step"":1.740252696878527,""r_squared"":0.9988666757886894}}"
90,-1,100742.0,0.0,0.0,10.08190499140905,0.9999520993922298,0.0,0.0,0.0,0.0,"{""ASH_COATED_OSMIUM"":{""pnl"":17143.0,""cash"":227164.0,""position"":-21,""slope_per_step"":1.718612902592129,""r_squared"":0.9978450655550696},""INTARIAN_PEPPER_ROOT"":{""pnl"":83599.0,""cash"":-876393.0,""position"":80,""slope_per_step"":8.363292088816925,""r_squared"":0.9999609437967549}}"
91,0,99190.0,0.0,0.0,9.901796764545548,0.9998177568213514,0.0,0.0,0.0,0.0,"{""INTARIAN_PEPPER_ROOT"":{""pnl"":82962.0,""cash"":-957030.0,""position"":80,""slope_per_step"":8.369258645012177,""r_squared"":0.9999737965032999},""ASH_COATED_OSMIUM"":{""pnl"":16228.0,""cash"":-323806.0,""position"":34,""slope_per_step"":1.5325381195333811,""r_squared"":0.994259571063367}}"
92,1,100393.0,0.0,0.0,10.119360614636406,0.9999138727784587,0.0,0.0,0.0,0.0,"{""ASH_COATED_OSMIUM"":{""pnl"":18390.0,""cash"":-781690.0,""position"":80,""slope_per_step"":1.865317802003178,""r_squared"":0.9984052979901394},""INTARIAN_PEPPER_ROOT"":{""pnl"":82003.0,""cash"":-1037989.0,""position"":80,""slope_per_step"":8.254042812633234,""r_squared"":0.9999632391270477}}"
93,-1,99252.0,0.0,0.0,9.925883998800845,0.9998487576157319,0.0,0.0,0.0,0.0,"{""ASH_COATED_OSMIUM"":{""pnl"":17024.0,""cash"":637086.0,""position"":-62,""slope_per_step"":1.6652199269121992,""r_squared"":0.9977246111999172},""INTARIAN_PEPPER_ROOT"":{""pnl"":82228.0,""cash"":-877764.0,""position"":80,""slope_per_step"":8.260664071888641,""r_squared"":0.9999562885045506}}"
94,0,97160.69999999995,0.0,0.0,9.750626737165467,0.9998867164921189,0.0,0.0,0.0,0.0,"{""ASH_COATED_OSMIUM"":{""pnl"":15332.0,""cash"":-784748.0,""position"":80,""slope_per_step"":1.502984500049845,""r_squared"":0.9974997833605844},""INTARIAN_PEPPER_ROOT"":{""pnl"":81828.69999999995,""cash"":-867164.0,""position"":73,""slope_per_step"":8.247642237115627,""r_squared"":0.9999467424916759}}"
95,1,100561.69999999995,0.0,0.0,10.080859127858002,0.99997037824228,0.0,0.0,0.0,0.0,"{""INTARIAN_PEPPER_ROOT"":{""pnl"":82366.69999999995,""cash"":-939626.0,""position"":73,""slope_per_step"":8.289442210587827,""r_squared"":0.9999875278380046},""ASH_COATED_OSMIUM"":{""pnl"":18195.0,""cash"":-621869.0,""position"":64,""slope_per_step"":1.7914169172701693,""r_squared"":0.999205088015658}}"
96,-1,99123.69999999995,0.0,0.0,10.026255011676165,0.9999530596634977,0.0,0.0,0.0,0.0,"{""ASH_COATED_OSMIUM"":{""pnl"":16676.0,""cash"":-693395.0,""position"":71,""slope_per_step"":1.7097721492117215,""r_squared"":0.9987548008336607},""INTARIAN_PEPPER_ROOT"":{""pnl"":82447.69999999995,""cash"":-793545.0,""position"":73,""slope_per_step"":8.316482862464438,""r_squared"":0.9999826009351662}}"
97,0,100891.0,0.0,0.0,10.052667813914082,0.9999378052848903,0.0,0.0,0.0,0.0,"{""ASH_COATED_OSMIUM"":{""pnl"":17649.0,""cash"":-512404.0,""position"":53,""slope_per_step"":1.7063159347731593,""r_squared"":0.9992060012961075},""INTARIAN_PEPPER_ROOT"":{""pnl"":83242.0,""cash"":-956750.0,""position"":80,""slope_per_step"":8.346351879140924,""r_squared"":0.9999453872969982}}"
98,1,99928.0,0.0,0.0,10.055700667032612,0.999897227938328,0.0,0.0,0.0,0.0,"{""ASH_COATED_OSMIUM"":{""pnl"":17116.0,""cash"":257140.0,""position"":-24,""slope_per_step"":1.7367914617839146,""r_squared"":0.9976972264678406},""INTARIAN_PEPPER_ROOT"":{""pnl"":82812.0,""cash"":-1037180.0,""position"":80,""slope_per_step"":8.318909205248698,""r_squared"":0.99995804741493}}"
99,-1,102214.0,0.0,0.0,10.238065584678257,0.9999111842912937,0.0,0.0,0.0,0.0,"{""ASH_COATED_OSMIUM"":{""pnl"":18785.0,""cash"":-391256.0,""position"":41,""slope_per_step"":1.8380467540104675,""r_squared"":0.998643817297296},""INTARIAN_PEPPER_ROOT"":{""pnl"":83429.0,""cash"":-876563.0,""position"":80,""slope_per_step"":8.40001883066778,""r_squared"":0.9999648560212747}}"
